elements_per_query,time execution,size_intersection
4,7967.1,122182
4,1090.7,5598
5,2302.8,8589
5,1474.9,4071
2,13721.2,633784
3,1066.2,10115
2,1128.5,8866
4,1039.4,3505
3,13809.7,354326
5,575.8,61
5,5299.9,67822
6,996.8,686
2,833.4,13094
2,2283.6,28457
4,6282,88411
3,527.6,1439
3,1784.5,9285
2,448.2,1369
3,1934.4,30261
4,1525.6,5614
5,2815.4,14955
4,1074.1,5116
2,274,1718
5,949.4,1840
5,378.6,82
2,1385.6,20361
4,1433.5,5298
3,307.5,403
4,286.3,215
2,323.5,144
4,2135.2,11023
2,245.6,316
4,286.9,131
4,3353.3,39542
3,217,220
4,705.9,1781
5,733,1146
3,1293.1,6685
3,287.4,503
4,1148.9,2691
4,870.4,2176
2,322,1626
3,1306.8,6082
3,309.2,337
2,800.6,26622
4,1160.9,3663
4,269.6,85
3,592.4,1017
5,6828.9,75264
3,628,858
3,291.5,793
4,677.7,855
4,598,936
5,1125.4,8606
4,271.1,446
4,444.2,1055
4,2841.6,21169
5,437.1,418
5,176.9,35
4,628.3,2420
3,127.1,13
3,1067.1,6587
2,925,9346
5,936.6,1478
4,415,865
3,10920.1,248618
4,373.1,1064
5,1880.3,7566
2,131.6,29
3,648,1735
4,1794.8,9160
3,615.5,1701
3,3847.4,46192
4,1035.7,6684
3,427.8,1668
5,974.6,3856
3,266.5,123
6,214.3,21
6,719.2,2167
2,259.6,893
2,270.5,709
4,701.6,1180
3,418.2,491
3,133.4,51
3,220.2,316
3,1318.8,13144
4,809.4,2604
3,292.7,295
4,7892.8,119846
3,205.6,174
5,330.1,108
4,3905.9,55058
3,2520.4,16490
4,357,204
2,1553.7,26939
4,1522,4468
5,1225.2,1670
3,2376.4,25686
4,5242,57863
5,302.9,242
4,557.8,1843
6,288.5,369
3,2728.9,33287
5,512.5,492
6,3669.2,13848
3,184.6,58
4,147.7,19
3,234,334
3,164,106
3,1214.1,8759
4,1546.8,8721
4,331.5,51
4,1943.2,6290
3,2078.4,31819
6,460.6,391
2,262.1,304
8,262.7,40
2,167.6,329
5,129.6,15
5,2824.6,30737
5,818.2,2560
3,1064,4137
6,1837.9,5693
4,6882.3,268298
4,3208.8,26927
3,2570.4,36177
7,452.6,8
4,4252.8,47416
4,916.7,3302
7,768.3,739
4,914.6,5775
2,394.8,1732
5,388.2,94
2,2321,68385
3,1028.5,4884
2,1171.7,12300
4,147.2,17
3,5998.2,134424
2,2218.3,45304
3,419.5,2674
2,244.6,1506
4,795,8305
4,316.7,753
4,437.8,861
4,181.2,22
5,881.8,1997
6,959.2,961
3,228.2,97
3,299.2,1954
4,281.5,352
3,423.9,2225
3,903.6,1982
3,426.5,1297
4,1361.5,7791
5,342.3,90
2,214.2,574
3,491.5,1555
4,2836.1,21022
3,298.8,354
4,537.9,1251
2,1811,27720
5,1607.3,18482
2,1635.5,31485
4,892.7,2325
5,721.1,863
4,1242.3,2764
3,1997.9,30027
4,2080.5,21676
2,395.5,1907
3,165.9,256
4,3187.9,23194
4,482.8,486
3,358,235
5,3184.2,14852
3,626.2,4344
3,222.8,633
4,234.6,90
3,416.1,3455
4,1899.5,10986
4,868.5,2382
4,969,3406
3,2151.1,21736
4,215.5,216
3,487.9,1910
3,539.3,5461
4,1307.1,7789
3,268.9,857
6,379,76
4,6601.2,90485
3,1116.1,5913
4,712.4,781
3,462.5,1255
4,2335.4,24027
5,1024.2,1881
3,243.9,68
2,509.1,5579
3,447.8,1904
4,502.1,1200
3,201.7,123
4,469.5,776
2,260.4,979
4,300.4,200
3,437.4,1378
2,4328,83222
4,568.3,665
5,1971.7,9161
4,2286.8,10088
4,439.3,449
3,210.5,84
5,240.5,113
3,243.2,209
4,488.1,150
3,2677.1,31262
2,423.1,2281
2,1631.1,33769
3,294.3,424
3,1349,11129
2,3842.5,210750
3,753.8,8549
4,177.2,83
4,734.7,3031
3,564.6,1917
4,892,3983
6,319.8,321
5,572.3,1417
2,1124.8,15617
3,213.5,172
5,3870.7,65405
3,902.9,2696
2,669.4,6082
2,596.5,3571
3,745.5,4415
3,301.1,341
3,317,1950
2,1283.1,11905
3,3250.9,35467
4,709.3,4066
3,496.8,4315
3,438.9,821
3,3787.8,47755
2,853.9,9015
3,375.4,586
5,1050.5,1631
5,290.4,56
5,372.2,1396
3,168.4,366
5,1018.6,2394
3,3099.4,29170
5,167.5,16
3,499.8,2080
3,471.5,3688
4,2311.6,11084
3,553.2,2876
5,460.8,599
6,2187.6,5424
4,1256.9,4187
3,437.2,2264
2,785.3,7515
3,5169.9,242829
5,410.1,1238
3,493.5,909
3,338.1,441
4,396,639
4,282.7,554
5,3400.8,26614
4,434.1,1213
3,989.9,10073
5,185.5,69
3,417.7,4029
3,1002.2,3757
3,302.5,539
5,467.1,386
5,270.7,174
2,1534.9,30251
3,1147.7,7968
3,216.2,364
3,1248,10601
5,2241.8,8294
5,377.9,304
2,210.1,1170
5,492.4,533
5,247.4,32
3,150.1,116
3,433.7,1791
5,187,6
5,179.5,4
4,771.3,5332
5,682.8,2858
3,178.4,18
3,13733.1,582266
2,323.9,3962
3,2231.7,45443
2,291.7,4899
5,1130.9,2236
2,609.4,2618
4,142.1,2
3,5417.7,115985
4,1509.1,5605
5,245.9,58
3,260.8,246
3,257.3,245
2,3404.9,88536
5,457.6,740
3,679.1,6939
3,503.1,2024
2,36900.2,3644511
3,491.9,1853
4,394.2,768
4,273.5,124
4,1325.4,7929
5,468.6,308
4,1152.4,3733
4,1353.2,4739
5,334.1,84
3,241.3,157
3,679.3,2434
6,724.8,462
3,5332.4,74184
2,10384.7,302800
5,332.1,310
4,224,222
2,7488,520347
4,1229.8,3780
2,2393,45600
4,493.6,1302
3,4096.9,67778
2,3003,104479
3,766.4,9753
3,928.8,4824
5,449.2,361
4,538.3,2567
6,619.4,328
2,224,1533
5,285,105
5,749.7,1381
2,476.1,5093
5,243.1,71
5,490.7,494
3,505.2,2226
3,791.5,5328
2,359.9,1599
3,212.5,513
3,498.5,7092
5,184.5,5
3,1650.3,24820
3,2034.5,14608
2,386.3,3330
3,596.7,2923
5,5880.3,48602
3,290.8,333
3,1759.7,12569
2,262.5,753
2,1057.8,9212
3,479.6,877
4,227.8,142
7,3790.3,12175
3,674.8,8127
3,306.7,1002
3,1432.2,12329
4,1209.1,4527
3,1753.9,9791
6,2189.5,4825
4,550.9,1853
2,180.6,139
4,962.5,2885
4,2281.7,13487
3,2850.5,33854
4,250,168
5,802.4,1130
5,1260.9,3057
4,1843.9,19757
3,1318.5,12973
3,203.4,93
3,409.7,280
5,245.4,97
4,171.9,56
5,590.7,3272
3,1650.4,11963
3,234.6,467
3,202.8,104
4,775.3,1526
2,244.8,573
4,917.4,2109
6,260.8,48
3,237.3,325
2,2582.7,27853
4,955.9,3036
4,140.6,8
3,2431.6,29845
3,2754.9,38354
2,842.5,6695
4,599.2,6139
4,1498.3,4149
4,2184.2,12021
4,729.1,1867
2,297.2,2903
4,518.3,1090
5,552.1,152
2,2653.3,33203
3,2206.5,13579
4,359.3,184
3,187.8,87
3,385.2,1206
5,478.3,195
5,314.8,74
2,1341,18924
2,289,1547
4,1035.8,1741
4,272.4,92
3,1464,11201
3,1472.1,12594
3,491.5,2851
3,352.4,281
4,642.8,974
3,2187.6,41090
3,599.1,2007
4,1027.2,1958
5,279.9,328
4,539.4,991
4,789,1306
2,508.9,3901
4,1470.5,9034
5,3550.6,29481
3,4745.2,82082
4,809.5,4396
3,620.2,1628
5,233.4,28
3,193.2,217
2,2932.9,98326
5,1165.3,1962
6,1883.7,8139
3,1680,11147
4,285,1724
3,220.8,1257
4,933.3,1099
3,400.5,741
4,2396.2,13387
3,1056,11732
4,147.2,31
3,1819.7,12657
2,9392.2,505459
5,1700.2,5608
5,671.7,2214
3,227.6,830
3,734.6,1414
3,192.1,18
3,1617.3,8438
5,466.8,624
4,1496.3,6069
3,1063.3,5218
3,326,327
4,926.9,1940
5,332.5,1031
2,579.2,3936
4,312.5,29
6,185.6,54
4,707,4887
2,8106.9,236055
3,300.4,386
4,213.3,153
4,469.3,408
5,1132.3,5041
5,2013,7167
5,355.1,199
3,351.4,471
5,136.7,6
3,2381.9,22141
3,607.7,2480
2,1934.5,24982
2,289.9,452
3,418.7,1208
3,392.8,1232
4,446,1501
4,2660.4,23344
7,1693.3,3842
3,3608.4,36519
4,573.1,1233
3,764.5,3523
5,352.7,272
4,252.8,73
3,272.5,564
2,1713,48630
3,625,8729
3,3624.2,44739
5,8905.9,100860
3,243,404
4,1073.2,6139
5,2112.1,10102
2,226,1637
2,1428.8,18639
3,267.4,439
3,1050.1,6233
2,443.2,5992
3,3711.8,158698
3,209.4,695
2,653.7,11614
3,2213.5,40493
3,926.6,5197
5,309.6,187
4,190.5,237
4,196.3,41
4,1198.2,4312
3,226.8,128
6,945,2618
3,1591.7,34668
4,159,9
2,188.9,5255
3,618.7,3774
3,300.6,646
2,532.4,2122
5,162.3,2
5,809.6,2011
3,1105.2,4523
2,3721.6,90411
3,260,366
2,1595.7,29686
6,235,20
2,1054,10654
2,266.8,3041
5,664.5,626
7,633.6,680
3,1453.6,26921
3,279.9,247
3,334.5,716
2,6259.5,406298
3,338.6,743
4,2982.1,20191
3,842.6,5175
5,2721.7,18952
4,719.8,2832
3,2478.2,109902
5,7156.1,94954
3,1913.1,17362
4,3740.2,24918
4,6235.3,82269
3,290.9,261
6,391.7,42
3,245.1,829
2,362.3,2097
5,344,386
4,207.4,204
8,404.1,183
5,1530.1,4203
4,838.4,2906
4,2283.9,20650
3,1067.8,4917
2,269,1152
3,4414.8,60039
6,252.5,239
4,566.4,2775
4,272.8,47
4,3459.6,39998
4,628.2,1764
2,6173.8,309558
3,4898.3,74090
4,182.3,213
2,271.9,2516
3,3639.4,38119
2,408.2,3689
4,1445.2,7576
3,729.1,3827
3,340.8,724
4,1521.3,7082
3,1965,19941
3,360.9,732
2,433.5,2641
3,1851,15247
4,318.2,459
3,192.5,108
4,3139.5,32180
4,394.5,529
4,3011.4,19078
3,1581.1,16636
2,411.4,4701
4,1224.5,5577
6,253.5,5
6,844.2,1723
2,208.1,813
2,1714.1,22294
5,160.2,16
5,193.8,19
3,2707.9,33695
4,221.1,83
3,569.8,1747
4,833.8,3689
5,901.4,3528
3,2568.7,43765
3,942.7,12977
3,754.1,9503
4,1084.6,8926
2,5351.5,127836
5,336.8,171
4,242,58
3,3485.4,33722
3,206.5,273
5,211.1,30
4,229.1,17
3,2096.7,14595
4,8267,137561
2,192.5,184
5,870.4,1946
2,150.4,185
3,352,480
5,616.1,1281
3,608.6,1083
5,577.2,224
2,255.3,1723
2,1056.8,18286
5,1210.1,4003
3,1607.4,19921
3,2421.4,22224
3,4838.6,91153
3,121.3,42
3,813.4,2969
5,730.3,1192
3,3103,39657
2,210.1,394
9,1083.2,304
5,1400.1,1955
4,843.4,4638
2,276.6,861
4,459.9,1526
3,258,200
3,3056.3,47471
3,3824.2,58072
4,723.4,1284
4,2195.3,23544
3,381.9,1262
3,250.8,113
4,134.9,1
4,1813.3,10663
2,367.6,1202
4,2762.9,19306
2,199.6,254
2,373.9,4022
2,223,996
2,265.6,946
2,787,6126
6,774.4,1865
2,931.8,8743
3,2831.1,50864
4,3640.9,85465
3,263.5,1671
4,1512.8,13593
2,948.3,7592
6,420.8,264
4,1400,4741
3,894.1,7188
3,1667.3,17449
3,480.5,2158
2,615.8,3354
4,2389.6,17819
4,682.2,1542
5,319,284
4,1751.2,16869
5,1895.9,9723
4,1564.7,4152
5,354.6,61
3,311.1,763
3,480.6,858
3,8322.5,363126
3,284,305
2,691.2,8642
3,134.4,2
5,204.1,2
5,965.5,2927
3,2609.5,22111
2,7015.8,150870
3,9592,234659
5,173.9,7
2,199.4,666
2,943,13948
4,396.1,218
3,920.8,9496
5,2756.1,18069
3,718.8,1974
2,2146.2,24938
2,130.9,61
3,430.9,1952
3,296.5,301
4,252.5,121
3,392.8,3747
3,1003.2,8436
4,1281.5,7511
3,218.6,121
2,315.4,1621
3,595,5589
2,751.3,12469
3,519.3,4345
2,309.1,2119
4,747.6,5572
2,183.9,170
6,428.7,327
4,425.5,569
4,556.1,788
3,3296.8,34253
5,249,48
4,779.7,1235
4,213.2,888
5,1037.1,2256
3,353,1921
5,1069.1,2508
3,3975.3,61564
2,1245.4,32202
4,1744.6,15154
2,1382.1,20349
5,691.1,1034
2,324.6,2925
5,374.2,49
6,779.8,993
2,2328.3,49415
2,734.7,12106
5,333.5,530
3,3880.3,119193
6,951.3,1613
4,392.2,90
5,766.6,561
2,218.6,463
2,975.5,8285
4,2552.7,24000
4,447.2,920
4,358.1,308
2,2010.8,27955
3,647.2,22720
6,214.4,53
3,300,961
2,347.8,1701
3,2381.8,21629
4,1904.8,10142
5,1240.7,4137
2,9187,625261
5,281.1,145
4,1258.6,22501
3,680.5,23047
5,501.8,1375
3,792.8,2377
5,804.1,1008
4,326.1,1101
3,549.1,2368
5,1427.3,6190
3,401.5,2137
5,898.1,1701
4,6813.3,96775
4,560.8,1230
7,2963.5,12621
4,2513.4,21257
4,427.3,910
4,1658,7690
3,11658.4,450387
3,243.9,1068
4,248.3,290
3,500.9,960
5,1114.8,5787
3,810.8,2615
3,204.4,368
12,1593.4,1528
3,3241.5,45422
4,1863,9761
4,2890.1,21415
4,1214.1,6927
4,387.9,350
5,7747.4,103226
2,243.7,904
3,6046.4,100542
2,179.6,124
3,1851.8,15615
5,1327.3,4639
3,2392.2,26066
2,146,252
4,1073.2,4150
2,545.5,3930
6,2355.7,5490
3,540,838
2,2295.7,27377
2,645.1,3509
5,679.2,432
3,313.9,2250
4,345,249
4,3005.6,27543
2,835.5,11218
3,498.2,3102
3,445.4,1408
2,7989.9,482562
2,974.2,7775
5,163.8,27
6,1833.2,9885
3,761,3740
2,144.1,73
6,2207.1,8858
9,1149.5,1669
2,282.9,2839
2,174.5,263
2,2033.1,37247
3,562.8,10673
3,195.6,394
5,194.2,7
3,233.5,846
3,1176.7,4368
2,204.4,172
3,4647.4,143025
5,671.2,2386
3,607.1,1172
4,884.5,4048
7,510.9,809
3,914,5114
3,627.8,5075
3,2703,26908
5,834.7,845
5,315.1,65
4,1069.1,3006
4,217.4,288
4,1076.3,5000
3,493.7,1033
2,472.4,3058
7,805.8,1096
3,327.4,1578
5,185.9,12
3,1655.8,9827
5,313.4,551
3,185.7,164
4,179.9,21
4,208.9,57
5,1288.5,3286
4,362.3,173
4,5292.6,62952
4,517.8,812
3,307.5,854
3,3285.8,51934
5,273.5,8
4,336.8,246
5,2247.3,7347
2,238.2,1297
2,13006.2,440676
3,860.1,4391
4,421.8,966
5,167.4,7
4,397.7,371
5,4446.1,125951
3,225.3,381
5,958.2,3565
3,189.8,38
3,166.9,246
3,555.1,1610
4,421.7,287
4,247.7,57
4,667.6,2877
5,3141.9,25516
4,131,42
4,1919.7,8212
3,210.9,598
2,229.1,514
4,946.9,2394
2,998.8,17158
4,1033.8,4947
4,248.4,122
4,282.4,868
5,373.2,838
5,3166.3,25700
4,622.6,1717
2,437.9,2868
3,974.1,11376
3,862.3,5628
3,138.3,24
4,3793.4,34709
4,1934.8,21773
4,183.6,21
3,279.9,623
6,839,2466
9,1355.2,2044
3,3390.6,36726
3,10592.9,294086
6,428.8,171
3,2352.9,16873
6,641,706
3,1043.5,7101
2,2076.3,23451
3,10955.3,594383
6,995.4,2098
3,1051.7,7962
5,420.1,597
3,297.2,198
3,5238.3,117432
5,487.5,1672
4,498,281
2,241.9,753
3,474.6,3197
2,478.2,2545
3,644.6,5590
4,252.3,484
4,365.3,1182
6,3235.3,13147
3,219.5,707
4,1231.3,11423
2,450.4,18625
4,141.7,4
4,793.1,2327
6,1199.2,3011
3,957.5,6080
3,744.7,5712
3,12361.9,300930
5,3254.9,21902
2,236.4,1256
2,9058.2,388838
2,6391.7,168528
3,1783.6,17191
4,314.8,558
4,741.2,1661
4,797,2192
2,2240.1,29028
4,1070,2810
3,286.7,341
4,517.2,1386
2,193.9,797
4,200.3,102
3,1517.5,8818
2,159.4,410
2,518.9,2727
4,275.4,450
2,4451,100165
4,695.2,2667
3,368.7,1458
3,2120,23265
3,213,449
5,276.4,578
8,2316.5,5806
4,214.3,314
4,2249.5,12688
3,1335.2,11463
4,391.5,526
5,4047.1,30625
3,427.9,3228
4,467.8,589
4,1135.1,6799
4,511.4,1449
3,436.2,1424
3,161.7,739
4,2515.7,19831
3,15809.2,691444
4,518.3,2573
4,1254.1,7413
8,690.2,612
3,734.6,1798
4,950.9,2540
6,490.3,77
4,816.3,1629
5,1811.9,13188
2,16739.9,1054459
5,357.5,507
3,1646.2,20561
4,791.6,1224
4,1170.6,5714
4,5941.8,117772
3,2207.4,24223
2,554.3,4243
3,401.4,479
3,817.9,2179
4,2546.4,15385
3,223.4,229
6,1830.7,3969
4,412.7,306
3,3516,256583
2,312.2,2715
6,2585.3,11236
2,405.6,2382
6,136.4,0
3,934,8231
2,1460,16208
3,2308,24473
5,181.6,81
4,3834.6,82607
5,283.7,67
5,287.2,254
4,753.9,2050
6,181,17
5,1661.4,6188
3,1335,6349
2,2600.3,48943
2,423.8,8805
3,521.5,875
5,1212.1,2837
2,700.2,24598
5,2138.2,9693
4,464.2,1111
3,1479.7,8460
10,2466.5,4593
4,355.5,1015
2,794.2,5794
4,214.6,78
2,442.1,4771
4,764.7,1910
2,291.5,1599
3,277.8,104
2,214.3,940
2,464.2,4937
2,217.2,1572
6,142.6,1
2,245.6,1070
2,9814.3,513413
2,231.8,1292
4,522.4,1398
3,441.6,1019
4,324.8,182
4,794,2682
4,3318.5,31023
2,1088.7,29184
2,14888.3,592433
4,220.1,12
7,511.2,1267
3,203.7,90
2,614.9,4455
6,1366.7,2053
3,443.5,5051
6,324,225
4,599.6,479
4,609,462
2,283.2,954
2,346.4,1821
3,2648.4,29146
4,985.2,5362
4,11884.9,312284
2,272.1,948
4,673,1017
4,1659.4,6577
4,314.7,160
2,128.2,59
5,378.5,484
4,1695.6,9952
4,3001.3,16752
7,233.4,48
3,299.4,493
3,357,534
3,175.8,160
3,2481.3,37794
4,1569.4,5227
4,895.9,3449
4,856.9,2433
6,651.3,474
5,645.3,848
5,1127.7,3423
5,316.7,45
4,10755.1,431499
5,467.4,969
3,15333.6,1025381
4,449.7,547
4,1240.6,4942
5,613,859
3,285.5,592
3,192.4,33
4,222.9,26
4,2958.9,62499
4,1890.8,16677
5,669.6,2089
3,897.4,2299
2,7237.6,187426
5,1025.3,1362
2,562,3633
3,3793.8,53444
4,849.8,1442
2,628.5,4878
4,211.9,88
3,866.8,22874
3,196.4,142
4,1317.6,4844
2,517.7,2950
4,501.8,976
3,618.6,2499
4,200.8,420
5,431.1,234
3,5825,110559
3,756.8,4481
3,255.5,229
2,200,1515
4,525.8,1103
3,2467,22691
4,237.1,88
3,5133.2,83976
2,515,3624
4,2463.3,25122
6,400.9,277
8,266.7,1113
2,907.3,52251
4,5959.4,142264
3,728.8,5761
4,568.7,1382
3,294.5,738
3,4101.2,69601
3,595.2,895
4,435.3,859
3,318.9,614
5,518.9,233
3,324.9,522
4,1673.9,8651
4,2146,16334
4,975.7,3124
5,676,1066
4,149.9,4
4,286.7,258
2,1325.9,56987
5,217.1,35
3,222.8,318
2,685.8,4256
3,388.1,536
4,182.7,63
2,3873.5,82457
4,913.1,2997
2,193.5,192
5,439.1,446
5,831.3,1614
5,295.1,69
3,221.4,152
5,533.5,404
4,1722.2,14251
3,243.9,257
3,2240.5,20185
2,3663.6,79784
3,467.7,1502
4,700.7,2479
3,2071.6,34434
3,2072.5,25561
3,193.6,83
4,289.6,685
2,203.6,680
4,1186.3,3757
2,3721.4,61415
4,10095.3,198941
4,1859.9,11182
3,549.5,1523
5,6026.4,47709
6,1418.8,5667
6,216.6,14
2,2920.6,146244
2,5898.1,130532
5,2889.8,27800
2,157.7,91
4,1734.7,7206
3,226.8,1752
7,449.1,317
3,6226.9,115372
4,1069.6,4327
3,1560.4,12068
2,265,685
3,4245.1,57336
3,1412.4,6141
4,1361.4,6935
3,291.2,824
2,216.2,791
2,2462.8,39598
5,1466.8,4379
4,391.7,1086
5,418.5,1232
3,274.7,88
3,11269.6,255123
4,1740.7,11684
3,173.9,157
4,318.9,313
3,1007.5,3425
6,542.7,743
5,254.2,464
5,845.9,928
3,983.9,4984
2,268.5,968
2,1308.2,41526
8,592.4,532
3,272.1,1535
3,218.5,212
3,1245.4,11904
4,469.5,5189
4,4153,44386
5,1311.8,2923
5,378.7,106
5,395.5,299
3,1279.5,12427
3,706.2,3274
4,12702.7,468492
3,378,1268
5,2021.6,9671
3,1759.7,15604
4,493.7,1153
4,445.7,277
5,280.3,340
4,871,4091
5,2481.4,11562
4,2407.8,30346
2,31151.4,2452383
3,1358.4,13693
4,834.8,4366
4,404.3,218
10,458.5,84
2,511.3,2715
5,295.9,15
5,656.8,892
4,238.4,255
5,186.5,3
4,366.1,373
3,348.2,2551
2,1073.3,7949
5,312.2,178
3,4747.6,61444
2,788.6,7997
3,4348.6,70640
3,672.4,2520
3,220.9,351
4,767.7,5937
2,428.1,1086
8,2887.3,5250
2,175.6,99
3,408.7,2000
3,135.9,0
5,183.1,3
3,257.1,728
5,182,105
3,7412.8,113191
3,865.3,8929
4,1830.2,8841
5,924.4,2517
4,1824.8,13189
8,1057.6,491
8,1249.2,2369
3,719.1,7959
5,937.5,1887
3,328.7,654
4,685,2682
3,3007.6,31144
3,216.8,465
3,1753.2,26337
4,1305.8,9090
3,2217.9,22128
3,844.2,5070
4,197.1,156
5,248.7,816
3,1770.7,19009
4,276.4,60
5,2398.3,7072
3,130.1,49
3,584.6,5848
6,1592.8,3526
3,478.3,2552
4,606.3,1542
5,428.2,523
6,5753.5,56514
4,216.7,585
3,417.8,617
5,1278,2823
2,169.1,4456
3,167.5,762
3,436.7,2632
4,635.8,1281
4,196.9,122
3,320.6,2413
4,930.9,2526
4,368,1180
4,557.8,587
3,2122.9,14570
5,345.5,180
3,538.1,3893
4,1050.6,11679
3,1653.3,21485
6,1341.4,2460
7,1539.4,2242
3,479.6,1098
3,2063.5,50562
6,462.2,173
4,1047.9,3794
2,271.5,1698
5,219,12
4,856.1,2693
3,166.6,182
6,310.6,351
4,357,418
3,452.8,1093
4,322.6,1020
6,289.4,443
5,438.1,1573
4,2973.4,25610
6,994.1,1362
4,342.4,694
3,571.5,1252
4,1468.7,5802
4,2087.7,9618
4,191.1,170
2,255.1,1113
3,2051.1,18451
5,3838.5,28396
5,810.8,3258
3,432.4,2949
7,233.2,16
4,8982.8,137938
2,2333.7,162859
5,3711.6,45383
5,335.2,279
4,474.8,364
3,1476,6140
4,2615.6,16092
5,1532.1,6228
2,484,6990
3,611.4,1216
3,6809.4,112600
4,5179.3,76869
3,1056.1,10215
3,3335.8,44886
5,5530,54380
4,1116.4,5319
4,6175.2,201617
6,6469.5,46343
4,1767.6,7067
3,871.1,6264
4,2955.3,23475
6,1921.3,3980
6,312.7,279
2,10502,373468
6,1526.6,3119
3,9845.5,301359
2,519.5,3828
4,417.9,730
4,489,1118
2,410.6,1902
5,2503.8,15337
4,207.1,112
4,561.4,1260
4,260,299
2,874.2,8919
4,252.5,76
5,799,1018
5,301.6,144
4,305.7,1122
4,2111,14486
3,447.9,1872
4,322.3,721
2,881.7,12985
3,2465.9,30217
3,200.5,548
4,414.2,731
4,1241.8,7391
3,537,828
8,1536.7,2667
5,924.3,1220
6,480.3,408
3,271.8,642
3,2422.4,23698
4,386.7,538
5,380.9,162
5,1190.5,2500
3,269.2,964
4,1108,10172
4,1670,6948
3,430.8,548
6,469,1693
3,599.3,1708
2,2107.2,22258
4,552.5,1051
3,228.7,704
3,830.1,4129
5,124.5,4
5,849.7,6502
4,1957.3,13293
3,386,1273
6,288.2,116
6,163.1,4
3,577.2,10722
4,163.8,21
4,5626.4,69026
6,900.4,1777
3,367.5,926
4,1083.1,3007
4,541.3,2746
3,2214,37226
4,170.3,16
3,913.3,5774
5,2023.8,6766
4,370.7,931
5,712.7,611
4,261.9,1297
3,351.3,398
4,803.8,986
7,386.9,146
5,584.9,1072
4,224,126
5,261.8,132
4,369.3,900
3,470,2040
2,466.3,5181
4,350.6,882
4,1775.7,8967
5,441.2,1974
8,5811.8,39460
5,360.4,588
5,1971.2,12078
4,1909.1,14865
4,474.9,1300
6,247.5,32
3,220.9,308
3,1454.4,21158
2,210.5,890
3,794.1,5285
5,1691.1,6618
5,5326.4,59920
11,3056.4,2727
3,181.6,28
3,977.2,8865
6,646.3,586
4,1199.7,3084
4,2921.3,23606
4,295.5,226
3,917.9,6235
4,126.3,7
4,922.5,2278
4,5386.1,67800
2,9683.4,700818
4,2242.4,13534
3,1506,8687
2,3216.2,101661
3,215.9,51
6,3141,14033
3,435.4,365
5,857.6,1208
3,4721.8,73570
5,419.1,506
4,1239.7,7055
4,4256.3,39336
2,1177.3,11702
2,935.5,9340
4,223.2,242
4,217.1,15
5,248.6,57
3,301.9,1618
4,285.3,833
4,555.1,1278
2,3284.5,101326
3,233,245
4,624.6,2159
3,2811.8,40664
5,419.3,451
5,583,451
6,5602.5,37951
4,477.1,1557
3,1350.6,12244
2,570.9,7548
3,1832.2,14595
4,176.1,172
4,973.9,14687
2,3891,80656
5,624.8,938
5,398.4,145
3,573.8,1396
3,663.7,1628
4,236.8,188
2,1780,16848
6,190,5
3,4858.9,51467
3,219.7,232
3,1441.3,12715
3,392.9,1830
3,1925.6,18215
3,195.7,126
5,300.7,60
3,322.8,572
2,309.9,1270
3,307.6,814
2,16576.3,725781
3,917,7865
3,5798.5,133505
3,739.1,2013
3,2419.1,18669
6,632.3,252
5,371.1,211
4,1134.9,7266
5,1951,9014
3,199,913
2,351.6,3221
3,318.6,1104
6,852.4,1972
2,842.8,6807
3,2289.3,33548
3,366,554
6,575.9,364
2,150.5,97
3,573.8,6251
4,8510.6,191475
6,1510.9,2825
4,949.4,6777
2,1982.5,27656
2,247,1037
4,1005.6,8322
3,284.1,719
2,2045.9,28275
5,407.9,53
5,667.6,910
2,3934.2,73065
4,2685.2,36137
4,1793.1,12664
3,4535.5,67769
3,2522.6,34945
4,486.5,1273
3,1573.8,13217
7,3316,18807
2,270.1,2975
2,185.1,266
4,1555.1,5788
2,938,7160
4,127.3,1
2,1437,26815
7,5737.8,45895
7,701.6,245
5,139.5,1
5,817,686
5,455.5,641
5,536.1,917
3,2182.5,34577
4,725.5,2639
2,239.1,1116
4,724.9,8097
3,5161.5,103027
3,135.7,61
4,3575.5,27070
3,700.2,5384
4,235.7,363
3,2659.2,37549
4,128.1,60
3,1272.1,12032
4,785,2405
5,3501.4,25536
4,302.8,71
3,245.7,357
2,182.1,863
3,9071.2,411802
4,495.5,664
5,5978.7,46502
2,492.8,5500
4,364.3,335
6,261.9,126
3,1982.8,23343
3,1774.5,17534
2,752.7,5763
3,604.3,2150
5,192.5,159
4,1768.8,6697
4,716.3,1766
4,1383.1,5386
3,727.3,2093
4,765.7,2613
3,442.5,13857
5,1731.6,7470
4,1395.1,5888
4,853.6,1073
2,488,3032
2,311.6,3048
3,462.9,5343
4,141.7,20
8,2908.6,7253
4,1692.9,6959
4,1830.8,10110
2,1178.4,20192
4,336,2884
4,784.7,763
2,341.2,1107
6,1446,3061
3,468.3,3527
4,488.9,917
5,309,555
4,361.9,814
5,635.7,827
3,509.4,524
3,282.9,104
3,1276.7,11926
3,769.2,2771
5,380.6,735
4,1945.6,61759
7,894.8,621
4,1411,12965
6,620.7,1270
2,868.7,11518
3,906.6,2305
4,796.8,7023
5,1715,7648
3,1557,13305
4,503.4,802
6,3067.7,12341
5,928,5397
4,1305.4,7067
2,282.8,894
3,146.7,29
7,728.6,1025
4,3107.7,22771
5,171.3,36
3,2790.5,29282
7,1839,3104
3,474.8,1589
4,564.2,1269
3,3055.5,35312
4,261.6,81
3,1557.4,12124
4,655.6,1184
4,1117,2282
4,561.6,2926
4,785.5,1741
2,466.9,1224
3,384.7,1226
4,341.9,722
3,927,4461
2,690.2,4024
3,1432.5,16307
3,938,8374
3,647.7,5619
2,316.3,2043
4,719.3,3320
4,287.3,729
4,188.1,96
2,190.7,532
2,168.4,125
4,2766.3,17002
4,341,454
3,572.8,3919
3,247.5,252
5,601.7,706
3,625.7,1477
3,742.9,6084
6,256.1,38
4,284.7,445
3,320.9,10346
6,2155.3,9473
3,304.2,736
3,310.8,598
3,232.6,325
5,234.8,33
5,162.5,68
4,786.3,1501
4,14477.8,618684
3,365.3,567
3,539.4,764
4,2406.3,18993
2,2835.5,50283
3,174.6,114
4,2317.8,21134
3,6116.5,99643
3,2695.6,30855
2,2490.8,60805
9,2633.4,3134
4,2865.3,30112
5,364.5,388
6,1091.2,2344
3,1165.2,5406
2,537.5,2466
3,283.1,328
3,2196.8,16399
7,692.4,264
4,423.7,1871
3,1569.9,7534
4,1493.2,7113
4,844.4,1838
4,1019,4294
4,4783.6,59260
5,4248.6,28848
3,278.8,476
3,657.1,1597
7,1990.9,7351
2,2753.2,44109
4,190,36
4,3958.5,65082
3,459.5,951
3,2041.8,65093
3,232.1,851
8,946.4,1533
4,4364.4,70054
5,1732.7,6495
4,1372.4,5155
3,6466.5,316269
2,219.5,2111
2,4311.7,100554
2,1813.8,93351
2,239.7,2144
5,2209.2,13150
4,2053.8,12779
6,629.4,329
5,881.1,1083
3,5810.2,98348
5,3288.8,106070
2,379.2,2074
3,1109.8,5865
4,4747.4,61739
3,2491.7,21715
3,179.2,42
4,246.4,50
2,2115,63006
3,1330.8,5720
2,12806.8,960998
4,1915.3,24225
4,4089.2,36068
3,1577.3,14031
4,2840.4,17454
5,435.5,164
6,144.5,17
2,710,2719
5,287.2,64
3,319.3,327
4,506.2,1333
3,603.4,3794
2,533.4,5037
3,1378.5,24833
3,198.6,107
5,700.6,432
5,158.4,18
4,1790.6,7933
2,854.3,17687
3,443.7,954
4,822.3,2118
4,391.9,264
4,922,3318
4,5648.9,73290
3,3083,46451
3,180.8,293
3,310.1,981
4,157.5,9
3,2207.9,16138
4,1133.2,3206
4,335.9,1678
5,240.5,301
5,573.8,763
6,288,461
3,767.8,7024
3,1014,11632
3,170.3,230
4,1000.5,3335
3,1032.3,8084
4,569,1439
4,1347.9,5916
3,389.3,502
4,1099.7,3226
5,3001.3,14990
4,4419.8,46550
5,398.8,160
3,4116.7,262036
3,222.5,368
4,2841.7,21111
3,283.3,795
2,159.3,95
2,614.5,4373
4,242.6,156
4,2176.9,11232
6,1367.1,2369
4,264,97
4,4885.5,54047
3,310.2,1971
5,336.3,66
3,3707.7,172100
3,498.9,709
4,189.7,42
3,951.8,3869
2,8451.4,225544
5,2400.6,7847
3,1387.7,4840
4,275.2,52
3,1352,26795
8,2642.8,8736
2,312.2,1281
3,465.7,1411
3,7515.5,288909
2,598.5,8111
6,577.2,134
5,3872.4,65405
4,836.4,2181
3,1577.5,10204
5,553.3,1749
4,3119.2,45391
3,1461.2,8776
5,1403,1917
4,523,3570
5,179.9,2
3,194.7,472
4,4535.9,49728
4,1083,6483
4,319.2,101
5,1501.2,4016
5,473.6,997
4,1620.3,16095
2,764.5,8362
4,5685.6,70822
11,2378,1353
4,543.8,690
5,410.6,1717
4,9821.7,193851
2,575.8,16510
8,377.7,309
2,1118.1,11915
4,169.9,18
3,531.5,878
5,1683.7,9417
2,395.9,2319
2,411.7,1957
3,575.9,9910
5,1560.6,6904
4,3121.6,29298
5,1903.7,8625
6,361,6
3,176.7,146
4,6057.6,86999
2,269.8,671
2,283.8,1449
2,231,757
4,315.9,654
4,1433.2,6193
3,530.2,2141
4,209.5,18
3,12547.2,525835
2,399.8,1969
3,211.8,727
3,176.9,33
2,3000.1,164596
6,175,2
6,5200.3,34182
5,160.4,58
2,277.3,1325
5,4279.2,60448
2,1657.2,23521
4,693,4428
3,2717.3,29559
3,166.1,122
3,356.3,669
4,774.3,2818
3,1212.4,13794
3,496.8,798
4,854.6,9604
2,2189.4,36971
3,399.1,690
6,260,24
4,471.7,829
4,1732.7,6891
6,188.9,5
2,3348.2,66927
4,1105.2,2906
6,675.9,934
4,339.9,401
3,1581.4,11718
3,792.2,5873
6,1822.4,4477
4,865.8,2356
4,1154.4,3047
4,11613.3,406889
3,2552.5,21835
3,2892.4,41707
2,1063.6,18536
5,1006,4151
4,1107.7,3770
3,2655.5,83780
2,524.1,2869
3,297.4,573
2,3481.2,61711
4,568.1,278
4,699.2,2632
4,161.6,64
8,417.8,53
4,207.1,30
3,517.9,1542
4,5260.1,65516
3,2878.3,22237
4,460.1,4730
6,1337.1,4423
5,1972.3,14172
5,3563.5,20722
3,396.3,662
3,237.9,211
2,489.2,2146
3,189.5,128
5,480.1,641
2,333.2,2574
5,1190.2,1296
7,3130.7,12423
7,343.9,355
3,157.3,12
4,1121.7,4460
3,757.1,10436
6,1796.5,4690
3,1009.1,4093
11,776,542
3,269,308
4,1834.3,9417
4,795.8,3536
4,503.8,1115
4,2155.6,15959
4,343.6,372
5,364.1,291
4,1583.8,11098
6,757.4,733
2,547.2,4508
6,416,79
3,764.6,6553
4,524.5,623
4,249.7,313
3,4327.8,55323
4,627.6,2279
3,277.5,502
4,1891.4,9482
4,1239.7,5392
3,1410.5,4527
3,2553.5,39458
2,794.5,8150
6,691.8,2876
4,338.5,932
5,2232.3,11827
4,1042.6,2933
3,17075,1281479
4,146.3,22
3,668.8,2161
2,524,8496
3,5656.8,75414
3,409.6,664
3,1472.1,5668
4,227.6,182
3,386.4,3396
3,902.2,5728
5,120.8,25
5,390.8,173
5,1951.1,11196
4,353.3,1669
6,839.4,355
5,310.7,426
4,477.4,1969
2,413.4,2129
2,1249.5,11186
3,394.5,904
2,456.4,3967
5,249.6,302
5,180.5,43
2,838.8,8867
2,182.6,157
3,2568.2,48180
4,295,187
4,1856,7137
2,3354.7,89846
4,472.8,508
4,603.8,2058
4,669.8,2927
3,255.6,1597
3,2456,21986
4,496.8,1763
2,3555.6,60326
2,9598.3,606987
2,1349.9,27991
4,2053.9,13416
2,2553.4,63262
2,281.2,2388
2,312,1796
3,4284.1,52138
5,576.3,607
2,1384,20945
2,318,10115
3,266.1,430
5,271.9,56
3,2079.5,15605
4,269.2,214
4,882.9,10801
2,1565.9,22121
3,220.9,353
4,633.7,3861
3,419.2,696
7,303,5
5,458.9,1137
3,2123.7,18052
4,5434,76225
3,1104,5435
3,1044.2,6831
4,1502.2,6839
2,1084.6,14237
3,194.9,257
4,1072.2,4345
2,713.1,14064
3,335.4,1084
3,291,2112
4,2020.9,10413
3,240.1,1750
5,9152.5,159603
3,613.8,4258
4,889.1,6669
4,1722.3,10753
3,651.8,2851
3,444.3,2214
6,976.4,2358
3,202.4,26
3,2449.8,30688
5,2269.4,24278
2,227.2,894
3,445.1,1076
5,1708.8,4759
4,124,1
2,833.1,4268
5,299,65
4,320,658
2,318.6,4135
4,7328.2,98380
3,520,1285
4,1168.7,3525
4,320.4,383
5,5147.6,45786
4,1714.4,4176
3,187.9,301
3,2122.7,32848
4,2681.7,22051
3,785.4,7124
8,2928.7,8095
6,155,67
3,141.4,29
7,327.7,59
2,265.9,802
3,1021.8,5494
4,598.4,1790
2,364.9,4214
5,324.8,382
3,848.5,1815
7,509.5,497
2,291.5,1923
3,1715.3,14461
4,281.5,86
5,730.2,1234
4,1826.9,10897
2,4815.1,95756
3,3928.2,50321
4,361,808
2,990.6,13024
3,199.5,270
2,816.8,13652
4,498.5,1213
5,2933.4,24997
5,343.7,435
5,2255.3,6886
5,3058.4,20422
4,567.1,1247
5,3526.9,17399
5,6231.2,53311
4,1768,11065
3,186.6,58
4,932.4,3407
5,344.2,156
5,343.6,734
5,1555.3,3120
3,822.2,2978
3,569.6,1497
5,2508.8,16315
2,509.6,9823
3,236.2,166
3,293,518
3,1186.9,6636
3,3539.7,159264
4,346.1,4192
2,285.5,1722
5,946.1,2197
2,233.5,780
4,1637.5,42841
2,1640,23628
2,251.8,819
3,239,1021
2,198.4,819
3,760.9,2568
3,5238.5,83525
5,276.5,86
5,7540.8,82110
4,744.2,1512
4,262.1,374
3,1182.8,13491
7,1394.9,1894
5,285.9,106
7,325.4,148
6,1824,4220
4,773.1,1435
2,1318.8,11096
2,1247.3,11949
3,713,3004
4,8970.5,167542
4,2740.1,24820
4,2344.1,17789
4,847.6,5206
4,391.2,820
5,170.8,137
5,1937.5,5783
3,712.9,1859
4,149.5,57
2,554.6,8513
2,391.2,1468
3,6610.5,300599
3,5140.2,73354
5,274.7,75
2,163.3,322
3,2060.7,30188
2,3006.2,53987
3,1177.6,6508
2,3419.2,238383
4,198.1,63
5,1035,4272
3,648.3,2496
5,769.4,891
3,4028.7,47366
4,1044.1,1903
5,272.3,88
3,1628.7,12263
3,243.8,331
4,201.7,50
3,172,43
4,989.9,1346
4,955.1,3852
4,548.2,795
6,778.5,1185
4,2275.7,18169
3,575,2922
2,7573.2,243919
3,3836.8,78434
4,1305.9,3009
4,526.4,1030
4,365.7,201
3,2009.2,23449
4,1235.8,5614
4,476.1,538
3,266.2,536
3,641.6,3838
4,3838.6,36455
4,1818.4,25949
3,422.9,537
3,204.8,53
2,197.8,206
2,203.9,1128
3,290.9,665
4,337.8,264
5,1354.1,2203
3,126,8
3,1449.4,8237
5,276.9,499
3,3127.2,28684
4,206.2,30
3,1673.9,12852
3,2815.1,37691
2,1113.7,16212
2,692.1,2003
2,476.8,2095
5,1136.5,2258
5,143.8,1
4,595.5,2466
2,280.7,3443
3,225,160
3,117,0
2,663.1,5128
2,898.5,8307
4,579.6,1018
4,440.8,1643
6,615.7,2060
4,206.3,224
4,381.5,89
4,269,391
2,596.9,4597
4,956.5,1266
12,180.1,3
3,1104.7,5798
3,299.8,635
6,1549.2,4354
2,1142.4,11068
3,210,102
6,221.8,10
3,151.1,15
2,432.1,1384
3,963.8,4340
7,590.8,293
2,2662.5,41177
5,1059.7,6378
4,270.1,135
4,3809.2,59293
4,1067.6,5583
4,294.9,948
2,4432.2,81988
3,2161.9,21625
3,259.4,847
3,655.3,7230
3,963.1,6751
2,4266.2,86041
4,308.3,157
6,709,204
3,2499,36755
5,501.2,1407
3,273.8,238
4,210.2,207
4,289.6,76
3,2254,16441
4,306.9,205
5,592.4,89
3,448.1,1774
2,221.1,1164
4,2017.5,10020
2,346.1,4517
3,2101.7,23466
2,1026.1,7865
9,731.1,53
2,428.7,2407
5,184.1,26
5,1181.2,2719
2,17490.5,1654388
5,5466.6,138462
6,2340.5,8392
5,1048.9,4811
2,21293.5,1305347
7,2277.4,3491
2,7875.6,198848
5,1262.1,3965
6,2235.7,6782
3,2959.2,33331
2,2199.6,43562
3,734.4,1309
3,566.9,1369
3,2881.3,32011
9,1040.6,135
3,598,19735
5,3094.3,20774
3,559.2,1052
2,1630.5,16065
4,2245.8,12339
4,915.1,3540
4,396.6,1144
4,152.2,25
2,157.9,158
5,482,145
2,146.6,111
4,1268,4026
4,867.2,4107
4,483.6,298
3,804.4,6637
2,233.5,623
4,146.5,7
4,222.5,178
7,1330.4,1831
4,2787.8,20890
7,926.2,497
5,158,18
4,540.8,594
4,219.4,84
5,1610.2,4358
3,213.5,643
3,1276.1,8515
2,345.1,1382
4,1519.1,6491
3,3363.3,52711
6,993.1,602
5,376.9,417
2,2480.2,45386
2,4249.8,106167
3,379.2,648
4,685.2,1242
7,2056.6,4272
3,548.6,3096
4,590.2,6571
2,2601.8,217303
3,13922.9,667826
3,354.6,890
4,220.7,31
2,636.2,5676
4,831.5,1376
2,1581.3,14704
4,343.2,207
4,282.3,189
5,347,603
3,5260.6,114392
3,2749.4,30976
9,275.7,52
3,290,1839
3,1245.9,17139
6,359.1,806
3,313.4,217
5,161.9,12
2,832.9,16755
4,1597.1,8091
6,151,10
2,444.6,3963
4,1169.8,3442
3,227.7,687
3,684.6,24715
5,302.3,206
2,1780.4,18600
3,3703.4,36044
4,286.3,102
2,169.1,136
3,245.5,917
5,324,253
3,1769.4,18369
5,13733.6,396539
2,1038.4,16660
4,2087.1,17129
4,1591.3,5287
4,392.6,223
5,652.7,634
6,590.3,2355
2,557.8,7117
2,2555.9,115872
3,274.5,682
3,773.7,2899
4,697.7,1560
3,187,46
3,4235.8,59208
3,171.8,619
3,170.6,24
6,2296,7821
2,230.1,652
4,628.9,3188
4,588.3,457
3,686.6,1452
5,634,732
5,136.4,0
2,199.3,205
3,511.9,752
4,6345.9,88419
2,3199.8,55758
5,705.1,5930
2,1485.2,24180
2,2086,33196
3,2745,29923
7,1816.2,4516
4,1333.4,7473
2,348.7,2487
4,2596.4,17984
3,1437,13065
2,2162.5,40565
2,168.7,1508
5,1125.1,1154
2,316.4,2104
8,459.7,145
3,16215.6,1115353
7,4677.3,27082
3,163.2,39
3,487.6,1143
4,3652.3,41568
3,174.7,23
3,194.8,123
4,2862.3,30195
6,978.6,984
5,381.2,420
4,864.9,4673
3,278.8,301
4,2699,15343
3,290.7,763
3,173.4,25
2,2893.9,55185
4,394.1,786
4,1787.1,25801
5,441.9,107
3,1862.4,30548
2,156.9,117
2,8280.9,567341
3,2673.7,46140
5,330,972
3,145.6,303
4,1609.7,12663
9,884.5,410
6,1543.3,3582
2,759.8,6408
4,421.3,496
5,275.1,20
3,1839.5,16971
4,970.5,2072
3,351,752
8,347.5,79
3,3547.4,56716
2,148.1,494
2,5316.6,117229
4,1399.6,10183
3,2876.8,144612
3,364.2,305
5,542.9,422
6,1070.4,2306
4,709.4,1833
5,3061.7,38003
3,365.1,3298
3,141.9,69
5,922.4,1416
2,322.1,1250
3,176.4,21
3,4181.9,102993
3,3319.2,44371
8,7563.5,37948
2,516.1,2438
4,337.7,641
3,1446.8,6215
4,218.8,132
4,359.2,437
7,1316.8,2615
6,880.3,897
5,1130,2519
4,3322.6,33122
3,410.6,2664
3,931.8,4162
4,657.6,215
3,632.1,2039
4,262.1,1422
4,167.5,9
4,1359.5,9473
3,470.1,1799
5,526.3,591
4,208,55
2,3259.5,73810
3,430.6,3251
7,779.5,885
4,535.2,284
6,331.2,13
7,330.2,82
4,341.8,623
6,224.8,9
3,307.8,377
3,815.2,3645
5,490.9,836
4,1711.1,8699
6,261.6,72
4,2642.6,22969
5,210.9,41
3,160.4,167
4,750.8,6032
4,238.4,936
2,558.2,10512
4,536.9,2319
4,163.7,389
4,177.8,188
2,704.6,7901
4,209.2,265
2,2972.8,41970
3,1049.3,8372
5,2176.4,12426
2,1137.6,9757
4,1002.5,4380
7,637.3,542
4,1420.2,15270
4,9460.6,207325
6,644.7,507
3,220.1,589
2,324.8,853
2,272.7,252
4,2684.4,27113
3,511.7,1189
4,468.6,695
3,422,761
2,1717.2,17133
4,278.8,578
4,456.9,432
2,901.1,13618
2,201.6,743
2,439.7,2713
3,5666,91104
5,189.2,48
4,946.2,1931
14,4675.8,3809
2,181.1,438
5,2358.4,10033
5,2439,31271
3,1033.7,5233
5,402.8,433
2,3137.3,173598
2,256.9,735
4,298.2,540
2,555,5193
4,298.1,456
4,898,4142
4,256.6,229
4,3269.9,21642
3,2553.9,22147
3,573.4,1927
5,467.2,256
5,2181.6,7651
2,349.6,1011
3,403.6,1332
2,616,13471
3,1114,3992
5,421,575
3,2024.3,37596
4,395,256
4,1057.7,2461
4,3396.3,33858
4,446.5,575
2,1977.1,26823
5,1012.6,2298
3,1064,13162
5,1579.3,5929
5,186.8,3
4,642.8,3167
2,484.6,5703
6,184.6,22
3,653,2735
3,786.5,3513
4,850.1,2234
3,414,329
3,877.7,2967
4,1068.9,2567
2,28935,1898636
6,1516.3,3515
2,1253.3,17147
3,503.3,1579
4,315,223
3,1702,12419
4,3287.8,31313
3,288.5,1478
3,164.5,68
3,184.9,18
4,401.2,283
3,552.1,1703
5,1295.7,2572
2,141.6,270
2,1059.7,17739
3,5876.8,96140
5,1370.4,4894
5,2131.4,10376
2,224.9,380
2,995,10686
2,1132.1,16158
3,139.3,23
8,1142.2,1211
3,129.5,36
3,304.7,966
5,1103.1,2243
4,541.4,2176
2,276.6,1170
2,500.9,4343
2,264.4,747
5,221.1,17
4,1825.1,10971
4,615.9,2398
3,447.7,1340
6,172.9,15
3,452.4,943
4,519.6,2481
7,4697.7,25003
3,459.3,1769
2,9112.7,612900
4,2443.4,17533
3,1055.2,4879
3,1811.8,15735
2,10832.4,526642
4,296.9,969
6,583.7,409
2,532.1,2687
3,1702.2,9938
5,2913.6,19514
4,2945.9,22479
4,714.4,597
5,218,10
3,2206.1,18651
4,930.8,4308
2,545.9,3646
4,151.7,16
3,1365.8,5599
4,174.7,42
3,991,7024
3,502.2,675
4,901.1,4686
2,552.7,3000
7,368.1,168
3,422.2,1278
3,698.5,2907
3,440.3,928
5,445.7,687
4,589,1486
3,1867.1,66802
3,212.8,88
2,1203.8,9999
2,313.8,1625
7,412.9,459
6,264.5,156
3,23104,1758524
5,2530.7,14317
2,456.9,2270
3,1732.1,12991
2,425.6,2550
2,135.6,90
4,224.6,47
6,2070.9,8084
3,707,3626
2,303.4,1319
3,1376.1,7141
2,1197.9,21512
2,551.7,3739
4,2313.2,16314
6,711.5,1012
2,4620.3,79943
4,2040.4,6262
5,421.4,60
2,203,382
3,159.8,29
2,2645.8,83896
2,855.1,7247
5,737.2,701
3,302,550
4,5848.1,66440
3,155.9,107
8,288.4,23
5,1306.4,4955
3,2251.3,18617
4,166.6,57
4,594.2,2099
2,323.9,739
2,884.2,11325
2,618,7015
6,417.2,165
8,6522.4,30175
4,918,3636
5,249,33
4,461.3,1075
3,333.6,3179
3,7314.3,265686
2,323.9,2736
4,1938.7,10546
4,280.6,443
3,918.8,2817
2,682.9,3482
5,497.5,2424
3,753.9,5133
5,240.3,84
11,292.9,15
3,1769.1,11340
3,1625.5,7363
8,434.7,40
4,1862.3,14308
2,2268.2,51852
4,3015.6,20286
3,268.5,676
4,1103.5,3237
3,755.8,11212
3,1643.6,9446
4,156.7,104
4,123.7,160
3,3024,40955
2,504.9,2921
2,666.2,4892
3,155.1,78
4,1516.7,8455
3,708.1,5273
2,6461.2,272882
3,334.8,305
2,308.9,3485
3,4701.3,90209
7,1757.5,5774
3,3120,34725
4,2173.6,26410
2,3924.8,298091
3,434.5,882
3,314,899
3,1840.6,16985
2,6177.3,124829
3,348.1,2393
6,259.4,66
4,1713.2,9486
3,689.6,2065
3,277.5,1574
3,2437.9,77393
3,340.5,3563
3,479.4,2026
2,686.8,9005
3,402.5,1705
4,303.5,180
2,492.1,7041
6,248.6,46
6,513.1,892
4,558.5,1269
6,440.3,415
2,369.8,1233
4,767.1,6330
4,2190.1,11447
4,2856.4,32040
3,362.2,1944
4,3220.3,30569
3,289.9,759
3,185.1,139
2,729.7,4731
3,272.3,536
3,376.7,1006
3,824.5,3542
4,305.9,1475
3,191,186
3,529.9,1537
3,906.9,4060
4,2098.6,17308
3,715.6,5711
6,362.1,158
4,885.1,2778
6,288,278
4,197.1,35
2,551.9,4730
2,1221.9,19195
3,150,154
3,1863.4,16315
3,308.6,2193
5,282.2,237
3,599.6,8773
5,401,219
3,125.8,30
5,2855,16140
6,849.9,911
7,159.6,4
5,467,1191
3,397.4,2284
3,178.5,25
3,1013.8,3922
3,801.9,1246
5,2456.5,21383
5,1314.2,5406
4,1835.5,11222
5,137.3,0
6,318.5,23
2,530.5,2383
3,261.5,1162
3,267.8,485
7,910.8,851
4,4834.4,52927
7,137.8,0
3,1430.4,17689
4,1988.7,10635
4,568.3,1636
3,363.5,205
2,185.6,573
4,318,442
4,250.8,484
6,2387.7,11549
4,1479.9,11948
4,2239.7,20693
3,850.4,2688
4,1687.8,7089
3,3825,50019
4,3588.7,43986
3,2522,20496
4,6044.4,70395
4,765.8,1748
3,1179.6,5380
3,614.6,6906
3,8255.3,164772
2,213.3,289
3,167.2,43
3,1872.2,17459
3,1497.7,13702
7,140.8,20
2,212.4,803
4,436.3,493
5,9048.6,153139
2,978.7,15599
6,1313.8,7804
4,2123.3,12603
4,1597.1,12494
6,360.7,222
2,1467.6,19023
4,486.6,845
3,16610.8,1034428
4,3495.4,35909
2,3863.4,159534
5,5218.7,44983
5,3178.6,11337
3,9524.3,543700
3,1086.6,9709
8,5295.9,18031
2,282.1,997
2,471.2,6913
4,873.5,13017
3,440.6,324
4,663.2,978
6,312.6,181
5,233.2,336
2,1961.8,23082
5,350.6,546
3,929,4978
3,292.6,790
2,1544.6,17938
5,4162.3,30211
2,253.7,905
5,1599.7,2779
2,259.8,1988
4,398.6,1088
5,2222.4,20206
5,191.1,79
2,4313.3,82723
3,196.3,126
5,313.3,255
2,1548.2,28012
3,1293.9,3911
2,212.9,413
4,2111.6,12959
5,745.9,4879
5,938.3,3538
5,1347.7,2830
4,1383,9545
4,1251.3,2332
4,147.7,41
6,521,161
4,646.8,1216
7,1244.2,1231
3,712.7,6105
4,623.3,1274
3,633,1565
4,616.4,1536
3,616,1450
3,374,643
3,343.1,117
6,660,376
4,3126.2,22856
3,173.7,184
3,2220.1,19051
5,229.1,98
3,364.9,2277
5,338,471
3,191.7,76
3,735.8,4992
8,4824.5,21737
4,1912.1,17959
4,314.6,416
4,119.9,10
2,1346.7,59550
5,728.3,594
2,658.3,3264
6,196.9,56
5,312.2,65
6,637.6,622
5,929.4,5364
3,338.6,570
9,223.8,1
3,2438.4,63618
2,122.1,2
7,625.6,274
4,246.6,74
4,1950.8,12708
3,162.4,267
4,2072,22036
3,222.6,106
3,1733.2,11284
5,833.7,2384
4,1597.9,6235
2,1710.4,41818
3,2372.3,109152
3,186.4,94
4,1230.3,7554
3,661,3324
3,322.5,931
6,752.5,384
3,244.2,148
3,5437,93922
4,171.2,67
4,369.6,161
4,793.7,629
3,1204.9,7545
4,5534,54734
4,507.4,530
3,6563.4,134794
3,624.5,1682
7,1037.4,3941
3,1611.8,9996
3,252.1,45
5,465,1454
3,3662.1,81631
3,233.8,612
2,201.4,1099
3,240.6,230
3,626.2,1605
5,456.2,178
3,2041.8,22699
7,656.4,346
3,299.8,594
6,159.6,2
5,304.1,527
4,302.2,164
4,236.6,216
4,2030,17545
3,1381,7383
3,7978.8,154281
5,725.6,1750
2,783.1,6268
5,516.2,716
5,217.2,3
4,508.5,718
10,183.4,1
3,972.7,4312
7,636.8,577
3,308.4,769
4,872.8,7788
2,2276.2,36640
6,2483.6,6080
2,395.8,2047
5,973.2,3645
6,1471.8,2230
3,5430.8,88648
3,238,234
5,296,350
3,4329.7,84270
3,3878.3,79069
6,1322.1,6397
3,1903.9,14239
2,175.1,118
3,390.7,1283
3,172.7,91
3,900.7,5061
4,293.7,318
6,188.6,3
2,142.6,111
3,4300.5,53867
3,213.8,243
5,336.6,5261
5,685.7,1569
5,2533.1,11694
3,248.2,57
5,415.1,1335
4,332.8,352
2,1565.8,29006
3,145.6,154
2,225.3,972
2,1754,28155
2,1452.9,19083
3,168.7,214
3,466.8,1012
3,146,141
5,3712.3,37517
4,1896.1,13863
3,714.1,20672
5,865.2,2498
3,534.6,4363
3,172.3,77
3,442.6,1015
3,238.3,329
3,330.7,658
8,3699,12514
4,639.1,2917
2,329.4,2644
7,1051,673
2,496.6,11286
6,1042.4,2801
3,1294.1,6806
3,1062,3523
5,1301.4,3187
3,1850.3,15838
4,623.4,1588
3,5586.6,268493
7,1659.4,3002
4,276.2,368
3,536.2,2626
5,1028.3,4403
5,702.4,2107
3,652.2,2483
3,410.5,1504
4,2433.3,14904
4,1808.4,9738
5,616.1,816
4,1226.1,9325
3,1033.6,4116
2,474.2,2323
7,286.1,267
5,690.2,1086
2,2219.5,39814
3,924.9,331
2,5291.6,118435
3,1168,5636
2,275.1,816
6,2987.4,10158
3,300.7,933
4,248.1,209
4,368.5,557
4,3758.7,33865
5,342.5,382
5,383.8,404
4,179.7,212
3,718.6,4346
7,3135.8,14652
2,565.2,4207
2,169.2,440
2,423.4,1703
2,12951.4,1264548
5,150.5,37
5,265.8,235
3,3921.3,67654
3,5513.8,97605
5,803.4,1695
3,491.6,575
4,878,3041
5,1185.7,5237
7,3629.7,15486
5,173.3,2
6,356,1858
5,537.9,1105
3,1532.8,11698
3,3108.7,45480
3,655.6,1242
2,762.9,5480
3,690.8,1624
3,1329.1,7560
4,253.1,327
4,469,666
3,408.5,590
4,3148.4,34264
4,426.1,461
3,1214.9,11947
3,237.5,1277
5,842.6,2138
5,136,2
6,242.5,8
3,149,331
6,196.4,0
3,691.9,1285
3,1713.6,17036
5,436.4,144
3,1227.2,9969
4,2794.8,19990
4,647.1,1369
3,970.9,6066
4,2353.8,12269
5,1417.9,10732
3,223.6,1126
3,1531.4,7470
5,918.9,1932
4,167.1,5
3,215.4,350
3,338.2,1633
5,5633.6,56961
4,279.5,667
5,1923.9,9831
3,2019,13806
4,13900.6,428921
5,1025.1,5621
4,361.5,1049
2,481.7,2694
5,384.7,98
3,816.5,4367
4,433.2,569
5,260.1,37
4,1662.6,7038
2,1841.1,106293
3,269,173
2,324.8,3549
6,292.2,53
4,264.7,456
3,277.7,624
3,1319.4,9804
4,3124.6,34833
3,4353.5,196856
3,448.8,2410
4,1078.8,2713
2,303.5,1710
4,3121,25229
4,1026.3,2579
3,498.9,1016
3,321.3,502
3,519.7,5000
2,425.9,2710
3,420.7,1240
3,1083.3,7423
4,337.3,357
3,1015.7,5787
5,3739.8,31617
2,689.3,2819
4,654.3,1592
4,3409.1,31407
3,1013.2,11111
5,365.4,35
3,898.8,3102
7,1784.3,2733
2,281,1578
3,3616.4,64223
3,232.3,254
2,744.6,4070
3,2614.2,27773
7,179.3,10
3,665.4,1661
4,563.2,1554
5,168.4,11
4,663.3,1832
2,304.2,4596
4,2188.3,22948
5,1202.1,6058
7,382.8,86
2,276.9,1126
3,207.5,140
3,598.2,3301
3,4099.2,49346
3,2251.2,26275
5,2923.1,17870
3,4179.6,72326
3,444.3,727
2,243.3,3403
3,274.5,393
4,147.8,7
2,1709.3,23994
3,495.7,1706
4,1149.7,4140
4,2541.7,17490
6,604.6,723
3,505.8,7193
3,510.7,1123
5,1058.9,4673
9,3194.5,8333
2,244.1,949
2,3003,43752
3,1435.5,12875
3,1584.8,10693
3,294.9,822
3,175.7,84
4,212.7,420
3,279.6,796
3,1001,9405
2,527.4,3777
4,242.3,586
3,2031.6,26274
4,517.6,897
3,2924.1,83819
4,229.8,95
3,560.8,2222
2,209.4,283
4,1767.2,7238
5,300.6,626
4,649.8,1521
4,1520.2,7397
4,206.5,29
3,536.4,2697
4,489.2,456
3,2195.6,11048
3,651.6,3087
4,227.5,73
4,2176.9,12736
4,1140.3,5518
4,4786.5,48152
2,8806.5,600762
3,1253,16960
5,333.5,1244
2,168.2,442
4,283,296
3,545.9,4178
3,1552.6,9605
5,4907.3,48363
2,432,1359
3,299.2,1884
5,158.6,15
4,740.1,3103
3,497.2,1013
6,4874.8,35115
5,387.7,86
3,699.3,5365
4,179.5,17
4,1664.4,8393
2,11998,405529
3,1559.6,11863
4,1889,4732
2,230.5,484
3,586.7,5579
4,2002.7,21136
4,2405.3,14870
4,382.2,1142
3,330.4,389
4,804.2,4603
3,546.3,1086
3,658.1,5485
4,1702.9,14925
3,203.2,78
3,865.2,5042
5,795.8,775
5,761.8,1888
4,269.5,69
4,2193.6,21074
4,353.7,294
3,702.2,2709
5,785.5,550
5,181.5,22
2,587.4,3156
4,2345.9,12357
2,1948.3,23988
3,2499.9,33432
3,1008,4756
3,2969.3,30999
2,213.1,1531
3,522.6,2031
3,4343.2,71819
3,470,1605
3,239.2,100
4,1083.1,3933
4,1657.3,7025
2,2972.2,78667
4,1133.7,6410
3,222.6,128
3,1705,8913
3,208,1219
2,282.6,961
3,1171.8,10962
3,7704.5,333190
4,1488.3,6867
3,3038.9,24311
3,2443.6,28518
2,181.2,414
4,744.6,978
4,622.1,1605
3,1024.5,5435
4,3331.3,23189
5,1075.6,2072
5,515.3,739
3,505,6046
6,440.4,529
4,507.3,537
5,209.6,75
4,1173.1,3218
3,160.4,70
2,326.1,6507
5,4859.7,51353
3,286.3,917
3,606.1,1353
3,225.6,522
5,2030.2,6518
3,3791.1,50220
4,258,113
3,720.2,4092
4,1131.3,2314
5,979.1,1282
2,288.3,1027
3,661.7,1938
4,6841.6,95858
4,417.4,650
4,487.6,1004
2,2844.6,47535
4,161.3,0
3,1099.5,4985
4,2068.3,8033
2,171.9,376
3,190.9,77
4,524.1,664
4,3023.5,25979
5,1045.3,2604
2,2280.7,46734
4,1547.5,15032
2,343.4,748
7,1690.9,1448
3,2002.7,10401
8,349.3,129
5,1011.2,1864
3,267.7,1065
4,250.4,417
2,237.4,1274
4,176.7,16
2,289.7,829
3,899.1,2736
5,833.5,987
3,1053.9,12191
3,394,1018
3,329.1,1732
2,2028.9,42095
4,1321.1,6432
2,344.9,1028
2,15496.2,904103
4,605.6,2071
3,7577.6,180229
5,1567.7,7099
4,3201,21964
4,626.3,1078
4,821.3,2553
3,1608.9,25614
4,346.3,1037
2,303.7,3359
4,4304.4,47343
3,715.2,2955
3,691.2,3072
4,1626,8671
2,1360.7,37094
6,149.7,34
3,3116.1,27441
3,5690.8,92620
3,175,126
5,235.4,34
3,2116,26619
2,250.9,1268
2,1587,39028
5,706,1525
5,571,1031
2,257.7,524
5,496.8,204
4,453.7,221
3,360.8,666
2,298.9,1154
4,306.7,641
3,364.3,1135
3,240.5,627
7,783.1,498
3,4584.9,58916
6,808.4,324
6,992.6,940
2,536.6,3463
11,242.1,73
3,308,449
4,1260.2,38912
3,771.5,6336
2,2064.5,123324
3,148.7,22
4,1015.2,3716
2,200.8,893
2,1189.4,11145
3,4596.9,175715
4,329.6,320
2,158.6,443
4,598.7,1557
5,385.1,260
3,2805.5,36600
2,297.5,1046
2,1620.3,45454
3,533.3,10251
4,565.1,1152
5,141.4,3
2,1056.4,56651
3,288.4,212
5,2592.7,14462
13,305.9,5
4,175.2,224
2,1183,28386
3,434.8,5424
3,660.6,4090
4,548.1,3604
2,10142,559157
4,688.6,1465
3,805.6,7791
4,251.6,303
2,403.3,1318
7,1402.9,5891
3,1054,7188
4,170,9
2,917.6,8899
6,564.4,861
5,1826.9,4548
3,294.3,717
4,801.1,1355
6,2718.4,8475
3,1364.9,4211
4,1045.3,5554
6,925,921
4,253.4,480
3,1060.9,13012
2,232.3,509
3,274.1,502
3,210.1,575
4,578.3,5328
2,1205.4,9272
3,169.5,55
4,936.5,2199
3,583.9,1290
4,4340.1,50078
4,2020.2,12608
7,294.9,882
4,783.1,792
4,1192.4,4707
3,2528.4,37355
4,418.5,1115
3,1873.9,26688
4,329.7,803
4,357.2,483
3,257,414
3,11449.2,588405
3,184.4,155
4,145.2,93
4,3817.8,35225
5,635.4,542
4,613.2,6357
3,327.3,786
4,319.3,485
3,1783.5,10137
2,353.7,2951
3,490.9,1207
2,214.1,997
4,2441.5,23475
4,1178.4,5355
3,267.5,1822
2,5205.4,177449
5,11157.1,161402
4,1285.1,3700
6,1469.1,11673
2,327.5,2025
3,372.5,1341
3,185.9,32
2,348.4,1324
3,292.8,1333
4,1146.4,5586
6,2554.4,14205
4,423.8,979
4,1731.6,7779
5,591.5,568
3,460.4,641
4,1043.4,4042
5,337,82
3,6942,131106
4,424.7,716
2,244.1,305
6,297.6,156
4,356.8,648
3,3923.2,42245
3,768.4,3453
4,330.2,472
6,1426.3,5228
4,764.2,9745
11,2998.8,2897
3,286.5,206
4,1190.3,6077
5,515.8,512
4,4341,46560
3,860.2,3670
3,348.4,1282
5,2759.8,23614
4,1595.3,6882
4,456.1,370
4,617.4,3336
4,410.3,512
3,621.2,1822
4,3239.1,28886
3,244,255
4,2132.1,17394
2,401.7,4657
3,185.9,249
5,1101.2,1985
4,675,2168
4,1882.6,17438
5,685.6,3154
2,470.2,2662
3,763.1,1699
8,1143.6,2002
4,917.3,4719
3,348.6,1407
6,5243.9,38137
3,352.1,785
3,923.3,3763
2,1291.4,8822
6,232.7,33
3,291.4,648
3,154.3,116
3,377.3,2693
6,1900.2,4006
3,5576.1,85420
2,259.3,1172
8,754,447
4,902.9,5706
3,266.9,334
5,407.1,69
3,252.6,257
3,917.2,6163
4,617.6,2011
5,836.2,2998
2,542.5,9192
3,247.9,109
3,771.2,2999
5,1153.3,2520
9,862.5,925
2,8801.9,271930
2,4823.4,311713
4,250.6,37
3,13428.6,697927
3,11742.9,289164
3,415.8,722
3,2105,26677
3,2012.3,27179
4,436.7,192
8,4806.4,29914
4,298.9,217
5,736.7,6727
4,674.8,3357
3,576.1,1719
4,617.1,970
4,828.1,1801
3,508.4,1767
3,539.4,1967
3,865.5,9379
3,498.1,2298
3,506.6,1809
4,551.3,598
4,927.4,186
4,348.4,299
3,977.4,10216
8,1116.5,474
3,1056.7,4571
5,1125.3,3308
3,1733.4,8925
2,480.4,22049
5,175,167
2,803.4,9075
4,416.3,808
5,1044.8,4333
2,273.2,1286
6,467.4,749
4,417.8,1053
3,479.4,857
2,9273.3,637471
5,587.7,1114
3,365.1,1203
3,2195.8,27719
2,464.1,2040
5,124.7,24
4,1525.1,4499
3,2242.2,19366
2,220.2,2993
3,553.5,1102
3,340.3,1214
4,2140.6,23939
4,795.1,2623
4,2722.6,17894
3,3228.2,37755
6,1469.1,3596
3,204.7,237
4,2030.2,12951
5,407.2,771
3,2144.3,22382
5,321.3,1035
2,577.3,4179
4,2205.3,20513
4,624.3,1386
3,1784.1,12443
4,227.6,85
3,290.6,165
2,626.7,3882
3,983.4,13272
4,924.5,3042
6,261,54
4,310.9,690
5,1965.9,16171
4,538.1,1200
2,973.6,6156
5,492.6,355
10,349.4,43
3,441.5,871
4,1388.5,6089
3,908,20596
2,3470.6,59311
3,1451.6,10252
4,638.1,1797
2,1484.6,22177
4,580.9,877
4,6841.9,97269
3,230.7,319
4,1083.5,5634
6,689,1266
2,274.7,971
3,10774.3,580526
6,554.6,1383
3,791.7,2340
3,667.6,3265
6,520.1,279
5,385.9,456
4,640.4,1272
2,151.4,516
4,1065,7849
3,587.8,6149
2,280.9,2716
2,649,5303
4,210.9,113
3,252.2,764
2,19273.5,1665786
3,753.7,3106
2,447.9,5623
3,687.7,2294
3,870.9,17069
3,1076.6,2955
4,286.9,930
5,223.7,105
9,2097.5,2637
4,236.6,195
3,1219.5,5292
4,2299.1,14649
9,449.4,86
5,552.1,2064
2,347.8,859
4,240.4,105
2,254.2,813
4,407.7,1334
3,200.5,169
2,2620.8,56423
2,2174,30260
2,1049.3,13853
2,448.9,2323
5,167.6,128
4,3650.9,41948
6,1250.4,2816
3,906.6,10349
4,670.5,1364
4,303.2,724
4,361.3,777
4,395.9,713
5,437,414
2,831.1,10460
2,455,2491
4,969.1,2875
3,810.3,2547
2,417,1852
3,416.7,607
5,744,2022
2,437.4,4498
6,466.9,420
3,3075.8,58942
2,498.8,3468
2,669.6,12230
2,396.8,3193
3,684.4,2990
3,454.2,5207
4,880.6,6055
2,29621.2,3028779
4,5479.8,64507
3,1205.1,6208
2,10953.7,553695
4,1116.6,3692
3,485.6,1981
8,308.3,70
3,832.9,5045
3,732.6,3299
5,473.3,206
5,752,1920
4,642.4,673
2,609.6,4105
3,3676.8,29830
3,388.7,508
4,224.8,549
3,169.7,17
3,313,1096
3,3312.7,53705
2,265.8,665
2,306.2,3521
3,3193.1,33558
5,1604.2,10556
5,2146.9,13047
4,4312.5,46399
3,4753.4,68331
5,4799.8,52474
3,331.6,2031
3,1240.8,6049
4,4123.1,42007
7,1975.6,3903
3,2497.3,19556
3,1730.6,37332
4,389.2,542
4,5259.5,84664
7,438.6,425
5,1496.8,2785
3,820.2,11159
4,643.2,2530
4,5598.7,70001
5,3268.3,20619
2,330.8,1168
5,4643.2,92844
2,528.7,8623
5,634.6,1410
5,255.3,347
3,3373.3,38870
3,851.4,7418
2,886.8,8262
2,541.2,6067
4,1966.1,15135
5,720.4,1313
4,7862.5,102744
4,547.2,547
4,224.9,183
4,173.4,13
4,382.7,293
4,9691.1,167230
2,205.7,751
4,362,1072
6,407.9,245
2,229.7,6942
4,1612.2,6915
4,980,2815
4,1960.5,13437
4,2929.4,29885
3,472,1164
3,207.4,243
5,335.7,284
2,2548.2,45798
3,919.3,3354
2,1361.9,13965
3,7462.7,199977
4,866.9,5563
4,1726.6,6863
2,421.9,8228
6,421.2,213
6,272.4,203
3,1499.7,8228
5,335.8,334
3,4538.5,91321
4,288.9,225
5,258.1,34
4,275.7,297
4,703.3,1909
4,923.7,1743
5,1534.8,4150
3,987.6,3817
7,814.8,792
3,350.2,997
5,1734,4324
2,11910.8,348831
3,624.6,1190
4,280.5,421
5,885.8,7453
3,2670.1,25776
3,304.5,147
3,287.8,834
5,956.7,3209
3,2607.9,40198
6,332.8,481
3,881.4,4606
4,781.5,2873
3,182.6,819
4,435.4,2969
4,441.4,939
5,2314.4,10535
2,2103.2,30565
2,634.1,5693
3,672.9,2569
5,3109.4,20705
4,1613.2,13027
7,324.2,91
4,397,312
4,319.9,230
4,352.9,252
5,506.5,1188
2,1605.4,12659
4,4116.5,38401
5,253.3,645
7,3855.5,18776
3,148.8,37
5,1519,4598
4,1435.7,10244
5,392,240
3,656.4,1749
2,141.4,103
2,705.5,7906
3,432.3,5214
3,1658.8,15245
4,191.8,75
6,959.1,864
5,283.8,91
5,118.3,10
3,158.6,183
4,191,15
4,430,878
2,167.8,106
6,1926.9,7802
2,8270.7,229168
3,286.5,473
2,524.4,2636
3,468,2138
4,234.1,245
3,2789.8,26595
2,7587.9,246886
2,183.3,668
4,358.4,538
3,1211.6,12982
2,212.9,537
3,409.6,879
5,1856.4,8043
2,4750.7,129091
3,2176.2,25422
4,1399.8,10403
4,241.3,244
3,1082,3326
6,301.8,232
3,272.2,576
5,1098.1,1801
3,187.6,147
3,226.4,156
2,1101.1,9228
2,1431.6,21338
2,268.1,854
2,2028,58008
2,275.3,6864
6,319.2,72
7,356.7,96
3,290.7,1420
6,255.9,138
4,2152.9,14765
4,812,1988
5,343.9,750
4,301,318
4,2021.6,12556
3,384.1,2765
3,2645.7,30242
4,712.6,7264
5,242.6,142
6,326.5,123
4,178.1,100
2,782.1,6095
8,3415.7,10755
5,1089.1,3595
4,803.3,3050
2,362.9,898
4,193.1,143
4,271.5,364
3,592,1313
4,6091.9,258274
4,1121.7,7394
5,1080.4,1943
4,1876.8,10451
3,1245.8,16725
2,8381.1,200121
4,269.6,326
3,3902.2,51464
5,361.8,728
2,185.1,220
3,1073.1,7012
3,6996.2,127059
6,819.8,1010
3,465.9,1382
4,755.1,1695
4,634.8,2494
5,807.9,876
3,498,1257
2,296.7,1400
2,360.4,1915
3,914,3109
3,229.6,408
3,253.8,83
3,1582.2,24873
4,371,140
3,1208.3,7105
2,281.7,1480
3,364.4,280
6,276.4,15
4,2315.9,20586
3,2427.2,23962
2,382,2371
4,2079.6,13351
2,402.1,1500
5,1000.7,3578
4,518,3232
4,163.3,12
3,785,3839
7,25408.2,496167
3,14402.8,696985
5,223.6,42
5,1223.6,2529
4,277.2,147
6,188.6,31
3,1114.5,6586
5,1647.9,4198
5,2187.5,7832
2,1895.1,22874
3,302.5,543
4,4381,51606
4,1193.4,13400
5,1202.5,5615
3,959.5,6231
3,756.9,3255
5,364.7,73
4,1015.9,7734
2,403.8,1356
4,405.1,338
3,757.5,3035
6,257.9,112
5,1542.6,4615
3,6621.6,119931
3,307,552
3,222.4,370
3,310.7,804
3,196.5,248
4,10545.4,298870
4,1024,1756
2,767.7,8469
3,385.4,1279
2,200.9,725
4,524.9,2558
4,3892,31858
4,3036.8,22681
6,1799.6,6060
2,206.9,1270
5,642.6,1155
2,209.6,568
2,707.4,6108
3,705.7,8964
3,639.3,2948
7,1331.6,2717
12,426.6,299
4,1446.3,4340
3,1243.6,9502
3,467,1325
3,2051.9,28127
4,4310.7,45970
4,4941,55800
4,292.3,148
3,320.8,961
3,255.8,236
3,360.4,1383
3,329,1019
5,398,99
3,1878.3,13614
2,306.8,1462
6,453,289
3,612.7,6964
4,373.1,208
2,361,2394
2,1829,20582
3,1233.8,11362
2,309.9,871
3,360.6,1098
5,9777,121196
4,303.5,101
3,1449.1,11809
2,708.2,6149
4,4801,65496
3,779.6,4902
3,652.7,1518
2,1984.2,47490
3,1693.2,32607
2,983.5,9070
4,593.8,501
4,185.8,18
2,803.8,8370
4,641.6,711
2,4437.9,70784
5,413.1,334
3,621.4,1586
3,302.7,2888
3,942.4,5727
3,1458.9,13605
5,744.2,404
5,2549.7,10118
2,637.3,2931
3,474.6,3915
5,1856.9,7094
4,1608,5435
6,355.9,373
4,347.6,937
3,183.8,113
4,188.4,93
5,266.9,83
3,193.2,185
5,2223.4,9118
4,1005.8,2804
3,1935.9,13460
3,498.1,2822
4,222.1,16
3,1587.5,19362
5,1277.7,5698
3,690.6,3545
4,923.8,1887
3,156,81
4,262.1,1476
4,593.7,2682
3,1597.2,15538
4,2111.7,19657
4,1328.1,5514
8,597.7,175
2,145.8,101
3,388.7,521
4,381,863
3,260.6,434
4,836.3,1802
3,256.9,326
3,1083.3,4313
5,748.8,1775
3,1014.3,4444
2,541.5,6419
2,135.2,87
4,833.1,1451
6,1131.4,1234
2,7563.4,194255
5,302.7,84
4,1160.8,4599
4,2289.3,12946
3,1010.7,6747
3,234.8,90
3,608.2,4095
4,1672.9,9453
3,1491.6,13704
3,554.3,4336
4,437.3,315
3,1083.6,7999
3,3045.9,52755
4,2691.4,20850
5,6075.5,80864
3,1995.4,16342
3,289.7,1534
3,365.8,1336
3,148.2,54
6,1095.8,1727
4,250.6,548
3,560.6,3693
3,699.4,42570
5,205.4,1
4,1832.2,11697
2,1330.3,11427
4,732.6,2114
5,1841.7,7782
3,3452.2,35951
5,448.2,136
4,1230.2,3444
3,2702.5,37925
5,1803.5,10262
3,148.3,51
2,6290.3,138931
5,139.4,3
4,265.4,53
3,661.6,2918
3,297.5,163
4,3269.2,23215
4,155.2,13
3,1126.7,8138
4,1386.8,6027
5,834.8,2286
8,214.5,0
6,359,13
2,264.4,2925
6,129.5,1
3,2298.3,30100
4,4854.1,45157
3,565.4,911
2,269.2,1677
2,488.7,3373
4,1541.2,6773
2,2579.3,86701
3,1317.9,12189
5,1346.3,3418
4,653.4,2948
4,451.9,1227
3,399.7,223
4,596.1,393
3,881.2,13362
4,1067.4,8821
5,1397.7,5982
4,1491.3,8298
4,1551.4,8759
6,164.7,30
2,449.2,4684
3,901,3601
2,439.2,2263
3,1209.6,10578
4,252.7,67
3,2185.3,23282
3,181.2,327
4,501.1,867
3,329.2,374
3,1758.3,9299
3,3354,42712
3,3712.2,46862
3,680.5,2435
3,2026.2,15655
4,182.5,98
5,285.1,82
3,300.5,497
2,130.3,21
6,573.3,324
5,2168.1,7302
3,1367.5,9529
4,1414,5724
4,441.7,771
4,1444.2,5832
3,1164.7,13463
2,1586.3,35628
4,1386.6,7565
4,199.4,39
6,1590,7918
7,842.1,825
3,212.6,295
2,168.2,433
4,3761,33505
5,2027,8084
6,1308.7,1711
4,5236.8,92508
3,565.4,3795
4,334.9,253
4,593.5,1313
5,273.6,334
3,1542,11332
2,405.4,4404
2,919.4,12153
4,395.5,865
3,2328.5,25158
4,258,517
3,328.7,2222
4,1336.1,12335
2,167,218
5,1046.1,6178
3,3006.9,47172
5,183.5,61
3,983.7,12878
6,458.5,164
2,7982.2,205793
4,635.6,2217
4,2100.5,8428
5,709.9,1226
5,2413.4,14540
4,240.3,109
5,182.2,40
4,693.3,4184
4,166.6,27
2,4283.3,93647
4,4492.3,62894
2,3335.6,88729
3,4891.3,72107
6,1175.6,3932
6,1028.4,1492
2,584.9,6667
5,574.5,1505
3,332.9,311
4,616.5,960
3,837.4,3740
3,1712.7,31424
3,1446.7,20917
3,295.8,201
6,221.2,201
5,572.4,658
5,457.3,300
4,901.4,4503
3,283.7,658
5,956.3,2696
3,4208,62380
3,727.5,2437
6,395.1,185
2,1168.8,11253
3,1246.3,16012
8,355.6,90
3,382.9,389
6,377.1,100
5,1318,4196
2,154.9,489
3,1952.9,13201
2,212.1,142
3,200.7,686
4,255.6,84
4,1706.2,11474
2,11953.3,376694
2,7360,175776
5,579.7,709
5,211.2,18
3,1773,9268
3,3239.9,35908
2,231.6,1190
2,9848.5,367314
2,371.6,1951
3,2436.1,26743
5,3922.9,27639
6,878.3,777
11,1425.1,891
5,2728.5,19886
3,912.3,9404
3,972.3,3774
5,650.9,2064
6,154.6,2
4,382.6,1157
3,680.2,2839
3,295.2,673
7,960.6,486
4,220.3,19
2,1866.8,60054
6,2200.1,6127
4,2241.4,28972
2,1744.5,27781
4,480.5,566
2,822.2,5563
2,359.3,2744
6,286.8,26
7,1668.9,1910
9,3719.7,11039
2,208.9,437
3,5330.5,109837
4,429.3,2671
6,1367.8,3628
5,504.1,516
2,378.3,2000
4,267,52
3,640.1,3273
4,4298.3,53768
4,587.2,5099
3,9988.5,234677
3,2205.9,31956
4,1226.6,4326
5,1032.7,6535
5,247.1,55
4,4420.4,46354
3,521.9,1137
6,1436.5,3944
2,187.4,373
5,220.3,89
4,640.2,1659
5,3275.4,30148
3,317.6,622
4,417.4,117
3,376.9,1256
4,1760,12131
3,8142.7,143977
4,264.6,165
5,720.6,1299
2,1226.1,23390
2,1079.1,16456
3,2797,29803
3,163.6,153
3,597.6,4142
3,434.7,2834
3,1114,6446
6,343.7,147
4,878.2,1949
3,1761.9,15847
3,198.3,214
4,1905.3,14277
4,923.2,2468
3,550.5,3628
3,1730.2,12849
4,1660.9,6794
3,754.8,3663
3,2312.7,27857
3,472.5,2290
3,244.8,801
2,1697.2,51514
4,1580.9,8683
4,2072.4,14852
4,681.6,1512
5,660.3,567
6,672,527
8,712.4,1109
4,432.2,615
4,445.7,130
4,415.1,1085
4,3473.3,63321
2,456.9,1045
4,615.1,1054
2,185,557
2,282.5,990
4,363.3,358
3,440.5,570
3,707,1607
4,2061.9,16319
4,4828.5,208512
3,167.3,197
3,317.6,166
7,1107.2,1624
2,160.9,1300
4,656.8,1328
2,1711.2,23188
2,568.7,3843
4,354.4,652
3,472.8,7693
3,297,180
2,206.5,913
7,447.5,84
2,617.1,4905
3,2098.6,20044
2,1717.1,24039
4,678.9,1886
2,584.4,3419
6,340.4,53
7,532.5,339
4,3477.7,28146
6,995.4,3037
3,184.9,73
3,1846.7,8930
2,5211.1,153074
5,640.8,841
5,316.8,542
2,2391.9,34216
7,1482.8,4600
4,334.4,528
2,487.5,2826
3,6288.5,293012
3,1503.8,20487
10,917,409
4,309.5,236
5,399.7,133
2,2988.6,199061
3,3502.9,53348
3,160.7,87
4,393.1,660
3,223.8,284
4,4005.6,133487
3,281,1082
2,356.9,1353
2,185.6,188
3,609.5,6859
4,696.7,986
2,205.1,661
3,2323.4,19324
2,406.6,1128
4,479.8,731
3,1919.9,11328
4,525.1,2553
3,2193.8,20297
6,255.1,110
4,902.7,2837
6,1866.9,5617
5,1004.1,2040
3,316.8,852
3,2045,20693
7,1988.7,5581
4,281.3,385
4,1248.3,6312
3,764,3235
4,660.4,1645
4,705.8,2295
3,900.6,16756
3,708.3,2329
6,432.7,174
3,2028.1,21048
3,337.5,1588
4,718.7,2277
2,1518.9,17882
2,864.7,9404
6,371.4,52
3,4200.8,210912
4,4228.9,42887
4,1938.5,15543
4,1422.5,6458
5,1932.6,11040
5,3050.1,29209
3,432.8,3400
5,6290,253690
4,184.7,169
9,1950.7,3076
5,954.7,3912
4,356.8,285
3,867.1,13270
6,709.1,1434
4,225.5,363
4,7931.7,128296
5,7476.1,98081
4,256.7,49
4,903.3,3968
5,4003.9,30387
8,1060.5,802
3,934.4,7547
5,2100.7,13008
2,487.3,5261
4,152.4,1428
4,391.4,238
4,723.1,1523
4,2104.2,11537
3,3474.5,37278
3,347.2,346
3,1654,13292
3,2014.4,46530
2,218.1,2016
4,138,133
3,270.9,1096
4,1695.5,7195
4,273.2,567
3,9111.3,192123
4,5770,71318
4,1949.1,7465
4,1600.5,6933
5,277.1,242
4,1361.9,5400
2,653.3,7429
2,373.1,4104
4,1735.9,8367
2,291.1,2697
3,166.1,457
5,266.3,69
2,721.6,6904
3,3735.8,55124
2,797,5861
3,545.3,2869
3,3768.4,54130
2,140.9,69
3,171.1,235
6,496.2,762
2,3374.9,72344
4,355.5,382
4,1888.6,18268
3,1975.7,18302
2,729.4,4627
3,250.9,1458
4,346.5,271
5,540.2,378
4,951.3,4392
4,1186.4,5221
3,336.7,356
6,309.7,631
5,294.1,33
4,1028.7,6566
3,307.4,4642
9,939,360
3,700.7,5575
2,377.2,5450
5,128,0
3,788.3,4107
3,444.2,3850
8,874.8,1255
2,765.5,5441
4,3222.5,25877
3,376.2,644
3,284.8,1051
3,238.2,805
4,229.2,531
3,911.5,4907
4,423.4,560
3,2117.5,35575
3,135.3,3
6,1323.1,5249
2,219.4,320
2,698.4,6080
4,238.1,45
6,467.9,186
5,1013.7,2886
3,2691.8,22880
2,5289.8,138547
5,3747.4,21369
3,3590,38212
3,276.2,1004
2,388.1,2328
3,1829.1,15101
5,453.1,1603
5,319.6,1482
5,2444.7,9731
4,431.3,700
2,3909.7,103327
4,231.2,442
6,815.8,604
6,621.8,243
4,637.1,1046
4,671.1,2006
3,216,377
4,2510.2,12757
4,187,294
3,156.8,403
2,176.8,591
5,864,1472
2,446.6,1927
5,553.4,685
8,1420.6,1930
3,2402.7,40706
5,8701.5,141410
4,249.9,757
3,4674.8,70968
5,1091.8,1666
5,550.7,4124
5,335.9,176
8,278.4,380
4,225.9,44
3,1791.8,20432
6,468.7,1266
6,555.8,675
2,604.1,5188
4,230.1,141
5,1121.6,4321
3,517.2,790
3,5132.9,97458
4,360.1,2539
2,826.2,7093
2,291.1,1504
3,849.3,3057
2,130.2,7
4,2309.8,17385
2,885.4,19414
4,385.4,294
7,2699.3,9467
2,451.2,2307
3,709.6,8257
4,184.2,208
2,321.6,4547
3,244,693
4,159.1,63
2,127.2,340
4,24445,1583682
2,25107,1889081
3,1102.7,5778
3,314.4,4520
3,11240.9,498060
2,332.4,936
3,1206.1,22338
5,715.2,461
3,345.2,2846
2,589.3,3360
6,605.1,626
4,209.2,97
3,350.6,1080
4,2540.9,20312
3,393,514
2,286.7,825
4,458.5,913
2,422.4,7398
5,3257.9,23620
4,1094.4,3430
3,2262.3,14661
2,504.2,4001
2,4068.8,97784
3,475.7,1992
6,1405.2,3366
3,359.5,2525
8,1255.4,1640
3,1796,8755
2,375.9,864
4,648.5,408
4,237.4,30
3,10612.1,514741
5,1917.7,8388
4,189.4,339
3,806.6,2498
4,1142.6,3176
5,271.3,423
2,172.7,613
2,350.1,820
4,515.7,1249
6,2134.5,7704
5,2398.8,18068
5,157.9,47
5,539.2,2110
2,368.6,2662
3,3250.3,32794
5,245.1,36
5,287.6,33
5,5182.8,41207
5,8842.6,111828
4,929.3,1841
6,1520.6,4575
2,1737.2,23612
2,475.5,2517
2,281.5,1916
4,301.5,479
5,1029.9,4708
2,1631.8,17686
3,2571.6,29884
2,755.6,3559
4,2132.8,14004
6,1842.2,4764
3,146.8,54
3,384,1978
6,582.9,137
5,1294.6,5529
4,8804.8,135301
4,1571.8,5605
3,574.4,1403
6,389.2,27
3,566.6,2376
2,877.6,17062
7,649.4,564
3,12085.9,673899
3,759.3,5955
4,2331.5,18883
3,242.8,426
3,804,6450
6,487.5,188
2,440.5,4502
3,6703.7,320918
5,354.7,1430
4,3367,22346
4,428.2,659
2,12637.1,863547
2,1684.8,31272
3,185.2,22
4,188.9,54
5,1013.7,1153
3,778.3,1647
4,1422.5,8970
4,2420.2,20851
5,368.6,686
2,210,722
3,5743.7,87761
4,435,831
2,2578.1,59795
3,212.4,198
4,694.5,1296
5,2087.2,6896
3,759.6,2996
5,944.3,5284
3,868.2,2505
5,2431.5,19637
2,5936.3,121340
3,1738.4,11179
5,1450.9,5308
3,3607,38693
6,1093.6,4702
4,2071.5,16866
5,320,405
6,800,703
2,1994,138055
4,240.2,290
5,2287.3,8642
3,1916.6,13547
3,1962.2,15049
5,2286.9,12849
4,420.4,185
4,2547.8,16843
5,530.5,1159
3,233.5,203
3,322.8,503
5,440.6,1147
8,3234.3,8570
4,804.6,6510
4,2717.1,20614
3,286.5,1374
4,236.5,141
5,1152.2,9284
5,936.7,4555
3,3523.6,128507
5,491.7,579
6,214.8,42
3,126.6,276
3,2296.3,24696
3,5943.7,201865
3,481.5,2041
2,216.8,474
3,775.4,7752
5,2851.3,96235
4,749.8,976
4,139.8,61
3,1603.3,17039
2,168.4,190
3,477.1,3300
6,292.1,170
4,497,1120
5,132.3,12
3,607.4,4260
4,634.5,1521
4,313.1,183
5,748.6,653
5,7068.6,58384
7,468.4,444
3,335.5,420
3,471.5,1514
3,2185,25824
2,29542.3,2452383
4,232.9,68
4,987.2,6337
3,277.1,106
5,1024.4,1821
5,808.1,1202
3,2272.4,16229
2,520.3,3272
2,218.5,818
3,126.4,30
2,718.2,12853
3,530.2,9928
7,318.7,32
3,1136.8,4030
4,556.5,1047
3,916.1,5387
5,596.3,2603
3,394.9,1607
3,657.4,3527
3,318,599
3,573.8,3894
11,976.5,1245
2,1006.2,9079
4,417.2,781
4,1194.4,5287
4,242.3,178
3,5493.7,88754
3,305.1,644
4,570.9,508
2,646.3,3231
3,188.1,379
5,576.3,2650
4,4800.7,72533
5,283.4,148
3,444,1461
5,346.8,182
2,222.8,1153
4,932.9,2662
3,2412,25121
4,450,1094
4,154.3,127
6,980.7,952
3,6619.9,360332
8,207.7,1
3,1948.4,15994
2,501.5,5325
4,388.3,553
4,2143.1,16181
4,1807.8,14031
4,669.3,1170
4,225.6,200
4,226.4,79
2,339,4830
2,979.3,5686
4,455.3,1565
3,6667.8,111150
5,746.2,2610
4,789.4,2133
4,607.6,944
4,179.1,66
4,4325.1,161154
5,460.4,204
3,302,352
4,2469.1,20866
5,521.7,134
5,322.3,401
5,1988.5,10853
6,214.2,52
2,796.3,13927
4,2231.2,13896
3,393.9,1385
2,512.1,2329
6,2264.6,5809
3,391.3,1194
2,1583.7,50121
3,251.9,667
8,1608.9,1879
7,1313,2273
3,375.6,1645
2,193.3,475
5,16926.8,446254
6,235.4,4
3,876.9,3700
2,2453.2,45422
4,994.8,23376
2,7227.2,187512
4,2003.2,24332
3,1025.9,9342
4,218.7,191
3,479.5,4102
4,5212,58712
2,609.6,5188
2,649.4,4092
4,24083.2,1583682
2,496.4,4709
3,785.5,4612
4,3817.6,111426
2,1414.1,15830
2,1198.6,21449
3,325.7,290
5,1438.4,3847
2,224.8,775
5,4431.9,54301
6,1680.8,10252
3,554.1,3543
4,2576.1,17208
3,526.9,16065
7,765.4,92
3,457,4530
3,1510.8,21977
4,2081.4,11584
4,537.2,1750
3,2075.6,23768
3,375.7,460
2,161.2,74
4,1612.3,9024
3,483.3,1566
3,6698.4,129249
3,180.1,478
3,455.3,2342
3,245,198
3,673.8,1941
3,1345.2,11432
5,1964.8,10346
3,991.6,4598
3,1989,30031
3,207.4,189
3,5029.8,65690
3,259.2,237
6,604.8,569
3,10002.2,233712
4,760.2,1978
2,661.1,6595
8,206.1,4
3,7930.6,368176
2,6128,144564
3,201.7,797
2,424.9,3442
3,270.7,735
3,7171.4,149854
2,147.4,92
3,4371.9,54936
3,1201.4,7801
8,931.1,271
3,361.5,611
3,603.8,4249
4,250.4,50
4,286,406
5,1111.1,4082
4,5053.6,56908
5,325.7,293
3,172.9,53
3,1534.8,9976
3,4061,43842
3,796.7,3898
4,1320.6,7793
5,2891.8,22437
6,1121.5,1520
4,798.4,670
4,1202.7,3033
3,1320,5272
4,577.7,440
4,216.6,20
8,393.3,197
3,132.2,102
3,322.9,288
3,265.9,956
6,616.7,313
4,137.8,7
6,989.1,713
3,5380.5,81378
3,280.1,2841
2,1025.9,7603
3,1231.3,6616
4,272.5,60
3,944,5437
3,21396.4,1242253
3,932.5,4657
3,261.9,397
7,554.7,1918
2,548.4,3727
5,448.4,485
5,1126.1,2298
6,216.4,92
4,165.6,4
4,3281.5,27924
4,2172.5,13701
3,218.5,933
2,1610.4,28388
4,3918,34509
3,166,50
3,231.5,69
4,1729.3,7978
4,1770.5,6858
5,268.6,307
4,3229.7,27547
3,1872.4,20079
4,169.3,8
3,227.9,213
4,1177.7,2580
6,677.1,1273
5,347.6,373
2,2211.2,31832
2,294.2,5740
3,209.1,1368
3,1750.5,8659
3,637.1,5654
4,2432.2,18590
4,1978.8,5602
3,328.9,3559
4,447.9,366
4,937.8,2790
3,2030.4,25976
4,609.4,1131
4,2698.3,23449
4,600.7,655
3,2136.3,95442
3,187.8,478
3,717.5,2706
3,619.8,1975
4,787.6,1905
3,1746.1,10899
6,577.4,442
4,366.5,591
11,885.7,1353
6,570.2,813
3,297.6,1236
3,361.2,7417
5,2012.6,15542
4,818.1,1600
3,2480.2,28078
3,923.3,10040
7,2109.8,4099
4,906.8,2540
4,669.2,2895
2,304.8,544
2,161.1,263
2,192.6,947
3,2125,33609
3,4002.5,61198
3,576.1,2078
5,11120.3,357265
5,903.2,1864
5,1488.5,8111
2,369.5,5370
3,743.1,2955
3,4530.2,64962
6,255.1,340
3,563.2,1758
3,3883.5,49954
3,1316.6,33920
5,3907.2,31049
3,1638.7,51130
3,4637,70886
3,289.7,715
4,495.5,397
2,1442.3,26574
4,335.1,387
2,389.9,4646
4,218.1,485
3,1484.8,19715
4,456.7,2589
4,428.7,705
3,695.2,12211
5,229.1,79
3,442.9,982
5,1222.2,3164
6,502.7,412
3,806.8,5655
3,595.9,1221
3,569.3,4736
2,1562.6,20446
4,196.9,196
3,8577,324394
4,2646.8,14700
10,686,489
4,687.5,469
5,2393.3,11488
4,810.9,3103
3,1980.1,33395
6,891.5,702
4,956,4963
5,856.3,848
4,408.2,825
9,3463.9,7390
3,172.4,132
3,782.8,8329
4,740.4,1531
4,397.4,584
5,1121.9,1916
6,1946.4,6536
8,485.3,170
2,523.9,3798
2,1038.2,8841
4,3843.9,37061
5,247.1,254
5,671.2,696
6,590.1,387
4,1476.6,19436
3,640.8,6808
3,471.6,1903
5,267.8,125
3,172.5,21
3,2947.6,33377
5,726.2,9559
6,500.9,1077
4,2856.2,14008
3,234.7,538
5,820.3,1198
3,1651.7,14322
5,249.9,20
2,2476.3,42801
5,5405.4,48747
4,3151,14316
2,210.5,516
5,607.6,1418
2,591.3,5790
3,5415.3,76232
2,4408.2,145698
3,216.6,294
6,3709.3,24111
4,5480.6,157767
4,254.2,1054
5,3895.9,31720
7,137.7,1
3,416.3,2053
2,496.8,5128
4,164.7,5
3,1931.7,14899
3,1094,9116
6,2862.3,19195
2,3014.3,51744
3,315.8,272
4,658,1029
4,257.4,495
2,2095.9,30858
3,160,97
3,8279.5,479635
4,432.7,592
4,1560.8,12810
3,410.3,1489
3,1119.6,10423
5,166,16
3,472.4,480
5,887.7,2929
3,448.4,5431
3,494.3,2474
3,155.5,7
3,665.9,4494
3,1333,6657
4,1198.4,3897
4,208.1,388
3,1049.2,12076
7,352.8,56
2,973.4,9931
8,201.6,0
4,243.9,36
4,136.7,12
3,200.9,163
5,1075.7,2751
4,2674.1,34991
7,278.9,127
4,2625.6,21185
3,1347.7,19601
3,242.5,917
4,297.9,430
2,3449.3,62817
2,2011.2,48073
3,1135.9,5405
3,269.2,928
3,388.3,543
4,232.4,345
3,566.4,5564
5,470.9,816
5,434.1,1119
3,962.8,6108
7,2149.1,6183
2,439.1,2091
7,206.5,5
4,593.6,1101
4,1525.7,8436
4,766.1,5385
4,292.8,1695
3,1504.4,8960
4,250,87
4,263.7,600
4,6366.5,251631
3,4382,71737
6,192.3,5
2,17303.9,1003633
2,1556.6,22351
3,335.8,672
5,1705.9,6363
5,762.8,1280
5,252.6,179
4,4862.6,54088
5,1187,2995
4,4575,57230
5,5212.1,40676
5,874.8,5534
4,1770,26820
3,821.8,4250
4,1531.8,8234
3,413.9,3104
2,369.7,2485
2,723.5,7066
2,224.4,662
2,404.3,1728
2,7369.7,181972
7,173.3,14
4,1954.6,7446
4,225.9,274
2,907.3,11470
4,205.7,90
6,740.4,593
2,458.7,4163
4,196.7,36
2,173.7,387
4,2154.2,13287
3,1469.7,10174
4,918,5894
5,557.1,661
4,1296.5,3333
3,375.5,639
7,456.5,553
2,646.6,3420
5,2259.8,12697
5,403.5,164
2,144.9,166
4,374.7,194
5,682.2,697
2,711.8,4717
3,574.9,2089
5,207.5,83
3,1689.5,15382
5,1045.6,1811
4,140.9,3
3,4553.2,48617
2,198.9,725
3,1849.3,12065
4,990.4,5108
2,281.5,1475
4,486.7,15206
3,1505.1,13807
3,281.8,2841
5,792.5,1041
4,442.6,1451
3,539.8,1014
3,1795.4,17835
3,278,211
4,422.3,799
4,465.2,783
4,132,8
3,234.5,212
4,489.5,1713
2,2457.8,54294
2,1255.4,13619
4,475.7,193
4,883.7,2087
7,156.1,1
4,3985.6,50274
3,567.8,1923
2,385.6,849
3,818.8,8849
5,802.5,6181
3,827.8,1598
7,483.8,38
2,271.9,1028
5,622.4,966
3,235.4,2469
4,424.6,606
4,1028.6,4843
5,217.4,16
5,1154.8,2317
3,2298.2,27987
2,1005.7,8130
3,3704.6,71488
3,2739.4,42240
2,242.2,1321
2,642.6,5678
6,365.2,456
3,223.6,177
2,1022.1,9581
2,504.8,3644
3,1489.2,7403
3,128,7
2,245.8,821
3,7005.7,149318
3,1314.9,11706
3,5315.5,76451
4,1559.7,7143
3,1616.3,13096
4,1343.1,3707
3,279.4,232
3,1154.5,4809
3,8925.4,374239
4,2402.1,16847
2,2391.2,86649
3,199.3,58
2,3410.5,76346
3,1943.9,17674
6,181,42
4,933,1896
8,277.8,3
2,899.1,10983
3,602.3,545
3,3293.8,32331
7,3724.9,19117
4,768.3,2903
3,316.2,387
2,297.3,1572
3,1295.6,7374
4,3304.8,31980
7,304.8,225
2,364.6,906
2,469.5,5933
3,310.3,255
2,561,4007
3,316.3,1954
5,3106.1,19359
2,6071.8,382000
3,139.3,38
3,9621.9,211617
3,5131,252630
7,1498.2,1926
3,264.8,1045
3,275.7,869
3,571.9,3734
5,2396.7,8799
4,667.5,2620
4,1589.1,9680
4,351.8,238
3,653.3,8009
5,241.2,68
3,289.1,346
4,253.8,192
4,333.8,311
5,1194,4274
3,360.4,3375
4,411.3,2260
3,3063.7,37112
4,2407,12511
4,182.2,17
7,588.6,554
2,1328.5,16073
3,776.4,2233
6,1248.3,1474
5,240,34
3,970.3,6887
3,1442.6,6449
3,270.5,2404
3,276.5,897
7,2210.5,4092
4,3224.3,31148
3,219.3,174
5,217.2,135
3,929.6,4571
3,353,844
2,806.9,5989
5,872.3,2704
3,146.2,60
6,708.1,1029
2,410.4,4091
2,2036.8,30622
6,158.1,3
5,278.5,224
3,635.7,2099
2,789.9,9671
2,556.5,4728
3,5833.8,94316
7,385,1240
3,2851.8,36132
5,2245,12768
2,163.6,196
3,208.9,87
3,2295.2,17284
6,360,210
4,677.7,5382
6,649.6,877
2,1980.9,30698
3,6779.1,106660
3,231.5,115
3,449.8,1398
5,713.4,368
4,198.8,53
2,521.1,4311
3,3015.9,33258
4,174.5,120
7,591.2,118
3,356.4,2477
3,365.4,1337
3,1336.7,9262
3,639.2,2421
4,297.4,317
3,338.1,1442
2,1270.5,18915
5,386.2,140
4,489.2,781
3,465.5,3203
3,269,1010
4,3043.4,28837
3,210.4,1563
2,344.3,6018
4,942.8,3198
3,335.8,749
5,836,5787
3,289,1148
5,1300.3,7686
2,536.8,2466
5,523.2,434
4,719.5,5880
2,597,7577
3,534,2034
3,393.7,2147
2,300.7,2156
3,621.2,2715
3,2642.3,37126
4,1557.7,7655
3,344.2,763
4,332,142
7,877.6,1967
3,213.6,139
3,171,40
5,348,54
3,2621.3,37584
3,522,2714
3,310.2,1084
4,2796,17487
3,1106.2,4955
3,576.1,3149
3,275,329
3,220.1,328
7,310.4,384
7,2384.6,5125
4,2502.4,25153
10,2369.5,3495
8,255.9,130
5,2012.9,7752
3,2295.3,20640
7,220.5,4
4,121.1,1
3,501.8,2291
3,1015.7,7974
3,152.7,55
3,1005.1,9072
3,4358.3,47834
6,240.3,8
6,4220.2,20493
3,1618.1,12983
3,2407.8,18808
3,206.9,1080
3,4331.4,223433
3,5498.2,76334
3,537.6,1800
2,173.6,590
5,2285.7,9929
4,197.7,45
5,558.4,1314
3,353.8,393
3,1614.9,14707
5,334.8,200
3,12161.3,705964
2,363.4,7766
2,127.9,2
4,274.8,142
5,1690.4,9748
3,259.1,329
3,354.9,2627
2,287.6,829
3,2156.1,34548
3,468.7,1349
5,3568.9,20668
3,1803.5,11949
4,675.4,1129
3,413.7,879
2,1484.4,15838
4,193.7,100
3,477.4,795
3,898.6,4456
4,264.3,79
2,755.8,6284
4,204.6,50
3,2506.9,31229
3,12106.3,443488
3,2727.7,22330
4,4065.2,38508
2,1056.2,10989
2,1272.3,28376
3,1653.8,7855
4,242.6,286
6,2162.5,2571
5,511.2,109
3,1264.9,8135
4,568.3,1727
3,6580.7,99100
4,1414,5283
2,207.6,129
6,1357.1,2003
3,547,1388
3,213.9,160
3,587.9,2828
3,224.9,176
3,527.7,3372
4,235.7,755
6,123.8,0
3,1913.6,20315
2,323.7,986
4,915,2013
2,816.7,6391
3,857.5,2263
3,333.2,359
3,5009.9,80608
9,2838.1,7629
8,2524.9,7228
3,254.2,555
3,2479.5,31573
5,2897.7,16721
6,886.2,733
7,2384.5,5445
7,438.5,340
3,266.5,399
3,245.2,189
2,762.6,7402
2,201.5,440
3,296.4,785
3,206,137
3,3507.4,36417
4,4822.1,49971
4,510.4,361
4,1065.6,5456
3,1639.5,15678
4,656.3,2630
4,1708.3,14155
2,3620.2,111007
4,283.2,228
6,1816.9,6120
6,1904.4,4853
3,1027.7,7119
4,1605.7,7624
2,11868.3,586487
5,689.7,1187
2,324.4,3398
4,358.9,297
4,347,1029
5,480.3,668
4,826.8,13410
4,312.8,150
6,881.5,1373
4,1411.5,8295
2,916.1,9017
3,1711.4,13510
3,2659.3,24766
6,235.1,59
13,1025.8,309
7,1808.8,5481
3,521.5,1140
5,550.6,1292
3,685,5671
2,255.7,1043
3,837,5475
5,966.5,2097
5,2130.3,14281
4,906.2,10406
4,3212.4,24778
4,700.9,1664
4,541,1079
4,218.2,193
2,208.2,268
3,262.9,277
5,194.6,21
5,339.4,488
4,590.1,896
3,1561.7,11303
6,923,1121
4,422.8,672
4,4324.9,57971
2,2552.1,40683
4,373.4,1456
4,514.1,596
4,1192,5063
2,188.6,343
3,1455.1,14849
4,3341.5,35001
5,1598.2,5292
3,234.3,549
2,1070,14468
6,826.4,1144
5,299.4,80
3,1176.2,8312
2,292.8,1294
3,9299.8,213387
4,235.5,524
5,159.2,16
3,1212.2,7389
3,252.6,232
3,509,1109
4,166.3,38
4,347,2182
4,1690.1,13748
4,2980,95764
3,249.7,136
4,530.9,847
2,606.1,5208
4,220.3,233
6,5027.1,29711
7,330.2,155
4,271.8,563
2,986.8,38937
5,218.3,51
5,731.2,1026
2,1925.2,33444
3,261.8,634
2,481.3,6529
5,1183.8,4053
7,827.6,1539
4,465.2,1564
4,2207.3,11944
7,865.4,1020
4,1958.4,23183
4,2863.8,39087
2,339,599
4,2211.8,13962
4,387.8,347
3,207.1,717
2,166.2,198
4,859.5,3091
2,336.2,646
2,891.7,10107
5,2880.5,18253
3,2601.9,53618
4,456.5,770
2,667.1,3748
2,135.8,62
4,1247.1,8984
5,307.6,272
5,313.1,2400
5,2298.8,11132
3,514.7,1452
2,279.8,1123
3,248,69
4,1440.5,9084
4,482.4,609
4,3528.5,24170
3,4575.4,70061
2,1545,24388
3,1643.6,9734
3,1574.9,28440
7,231.6,24
2,249.5,1167
4,2315.7,15431
3,195,160
4,1164.3,4712
4,407.7,1264
4,191.4,126
2,1567.7,16946
3,1218,5966
3,4521.8,55778
3,248.6,2750
3,478,2265
3,226.7,126
6,677.5,772
5,3282,28441
2,189.9,357
4,571.2,1824
5,2384.1,8996
3,551.4,876
7,2840.6,6781
4,855,3273
4,1164.6,9524
2,1561.8,97849
2,457.6,7980
3,536.5,2724
4,1585.9,6913
3,283.4,487
3,299.8,603
3,1039.9,8327
3,4062.3,56902
3,787.3,2872
2,193.6,925
2,521.4,2203
2,377.9,2379
3,176.6,27
4,1670.6,5494
4,179,343
3,2194.6,28246
4,368.6,105
5,1028.3,3474
3,560.6,2661
7,299.2,17
2,131.4,55
3,156.1,92
3,848.2,14612
3,1143.7,7201
2,353.4,1297
3,131,59
3,279.6,335
6,2066.1,14713
3,1315.3,10150
4,182.2,25
4,6574.4,278280
4,147.8,4
10,733.8,396
3,220.1,244
4,437.5,805
3,466.3,1100
2,176.1,343
4,374.2,298
6,2371,12431
3,504.4,1885
6,1996.4,5807
4,370.8,478
3,500.2,1334
5,857.7,1609
2,426.6,1619
6,469.4,406
2,1426.2,21869
2,424.5,1247
5,2937.4,34370
4,2283.9,11045
4,781.8,1616
2,187,150
5,746.8,912
4,1463.7,4244
6,658.1,239
4,700.6,1759
5,1025.1,2591
5,128.6,0
6,1326.9,3991
3,179.7,161
2,776.6,15312
4,258.2,481
3,647.6,3382
3,8974,193726
3,2358,22556
4,821.3,3431
4,2046.1,15724
6,1914.9,2703
2,460.6,2735
5,619.6,418
4,430.4,3157
2,238.3,1184
5,2997.2,16284
4,414.5,654
5,137.7,44
4,594.9,1588
3,524.2,2339
3,2564.9,43578
6,838.2,564
4,1373.9,6473
3,551.7,1919
5,5615.5,50216
2,1517.9,28287
4,444.6,4514
3,438.6,2274
5,416.4,336
2,2139.6,56577
3,552.2,1727
4,145.1,10
3,313.4,1598
2,220.4,610
4,494.6,1425
4,863.2,1548
5,1963.4,6264
4,3158.2,21839
3,1162.6,5395
4,2427.1,18371
6,761.7,951
6,450.8,235
2,157.1,183
5,2114.6,8548
3,324.5,1419
4,278.4,665
4,174.3,16
5,492.4,807
3,882.4,5350
3,3982.7,53124
2,1129.6,12153
5,400.4,192
3,241.5,774
3,707.3,1742
5,1939,30151
5,231.3,81
3,365.9,1027
3,1299,8682
3,239.6,1027
3,1968.4,96258
4,1215.3,3187
4,313.5,403
4,1676.6,7071
4,798.4,1512
3,538,5325
3,247.1,1238
2,8645.1,575667
4,155.3,119
5,1866.8,17238
5,403.3,456
4,649.9,2777
4,791.7,1040
2,323.5,4282
2,1225.4,16089
5,1133.1,3581
4,655.4,1903
2,1170.8,18383
6,1302.5,4468
4,1238.5,3103
4,2309.7,17514
6,864.9,1059
3,5110,215492
2,197.4,182
5,1739.4,5400
3,277.7,1416
4,987.1,2039
4,202.7,73
5,2644.8,12311
2,378.9,1324
2,538,7492
2,1224.2,11195
4,430.4,1332
4,1355.8,5054
3,164.8,27
3,3084.7,41352
5,284.3,238
4,1188.2,14038
6,637.2,2215
2,497.2,3492
2,330.5,3783
6,374.1,45
3,350.8,2280
3,634,2496
4,1539.1,10547
2,502.3,3983
3,1794.5,11604
5,856.5,2303
3,235.4,285
4,3133.5,16980
3,302,3533
7,170.2,70
3,140,10
8,238.3,1
6,186.9,56
4,1318.1,5641
3,4217.3,62774
6,771.2,1115
4,693.9,2609
5,1002.9,1703
3,1569.2,15135
3,447.6,1428
2,248.8,310
4,460.7,495
4,1036.6,10190
5,245.7,580
3,488,801
4,254.2,113
3,497.9,2698
2,304.1,1305
4,1373.9,8383
2,1359.9,19776
3,965.5,5052
2,548.1,2459
6,293.7,453
3,2457.7,27953
6,5494.1,159286
3,583.4,727
4,598.3,853
3,635.8,2631
3,173.2,172
4,1540.9,13367
2,14178.2,1068916
4,361.1,2165
2,248.6,417
3,383.1,548
3,513.9,530
4,3755.2,43363
3,159.8,5
4,3245.9,25509
5,435.7,664
2,1219.9,13066
2,9971.7,457925
4,628.2,1770
3,316.3,1036
5,694.5,428
6,414.5,181
3,754.2,2028
2,237.9,851
3,14964.7,758489
4,323.5,334
3,222.5,173
4,599.9,885
5,1693.3,7122
5,254.1,172
4,1128.7,6392
3,1024.6,9268
4,4119.3,51641
6,589.6,284
4,431.6,722
2,867.9,7926
4,500.7,964
6,1707.4,5341
5,593.5,277
3,334.3,413
3,606.9,1519
5,998.3,879
5,350.6,143
5,2587.7,12119
2,194.6,430
2,1512.2,22365
6,356.3,73
2,3885.9,119388
3,258.8,2270
4,889.9,2022
2,811,11604
4,1190.5,11228
4,256.5,22
2,567.7,4241
3,242.7,1390
4,804.3,1686
3,13389.6,469777
6,937.3,1202
3,816.9,6493
3,840.3,4824
3,3083.2,40274
4,602.8,1688
3,249.2,213
3,16282,731977
2,2672.9,41514
8,1421.9,1378
2,4016.5,102749
3,328.9,1714
4,6128.1,64975
5,239.6,65
3,158.9,323
6,2366.7,13597
3,1539.2,8841
3,463.1,1431
4,175.5,37
3,823.2,5292
4,305.1,928
3,679,3776
3,381.2,470
3,348.4,1610
3,537.2,3326
9,2700.5,3543
3,646.1,2824
4,847,3649
4,963.5,7906
3,296.1,1629
4,1041.2,6263
3,6139,122850
4,398.8,1749
5,582,641
2,646.2,4702
4,631.8,5368
5,314.9,161
6,628.3,282
3,653.5,3262
4,509.4,1368
4,563.5,1070
3,4011.2,123140
3,204.8,119
5,325.6,156
3,240.1,456
3,223.6,249
5,141.5,8
2,4529.1,260735
3,1197.6,23729
2,327.7,3106
3,1342.8,7814
4,549.6,4463
2,486.7,10687
4,1693.9,12816
3,320.5,1348
7,581.7,23
3,505.8,1353
5,284.5,29
5,257,266
2,487.6,5150
4,5124.5,53631
2,1889.1,30531
4,408.8,966
4,998.5,2912
5,1271.6,7658
4,188.5,130
5,1043.6,3411
3,192.7,149
3,906.4,7038
2,1372.6,17069
2,608.4,6859
3,261.2,267
4,1369.1,7067
4,1943.4,10025
4,271.1,202
2,941.9,12689
5,168,9
2,385.6,2557
3,740.4,3621
3,743.3,9004
6,1184.9,4191
6,300.5,60
4,195,443
6,314.8,31
3,191.1,146
4,683.1,1746
4,206.5,7
2,267.8,768
4,227.4,202
4,373.2,707
4,827.9,3601
3,1170.6,6814
3,280.7,833
5,423.8,129
4,871.9,1685
2,340,2770
2,1144.2,19511
4,604.7,1304
3,183.9,109
4,8711.6,144058
5,609.9,1894
3,277.5,1538
3,181.3,230
6,278.3,91
3,900.9,3441
3,723.7,2436
3,554.8,1101
4,2701.3,22255
2,721.5,3387
4,1838.7,12756
2,885.8,20641
3,298.6,1056
3,2912.1,25524
5,565.3,823
4,164.7,76
6,633.7,2716
3,681.2,2867
4,1454.4,15077
2,359.1,1009
2,7920.6,223943
6,960.3,1989
3,315.1,1065
4,903.1,1348
6,1679.5,6980
3,147.2,84
5,168.9,121
5,350.2,1026
3,368,731
4,399.2,1676
5,307.1,104
3,976.2,4934
3,809,1582
3,135.9,794
8,987.3,1190
3,227,54
4,477.9,341
6,400.2,82
4,3152.5,25132
4,2753.8,52210
3,188.4,40
6,194.2,276
4,540.6,475
2,528,3637
4,2867.6,25669
2,353.8,2475
5,759.2,1423
3,726.7,4026
4,601.5,1383
3,2779.9,37834
5,160.2,25
5,864.8,1150
4,276,81
3,162.8,142
4,1413.5,8063
6,2066.2,5864
4,3328.5,29634
3,303.3,467
3,158.1,269
2,9986.9,351800
3,237.4,490
3,967.5,7897
6,1370.2,2463
5,254.1,19
6,2183.3,6483
7,273.9,771
4,619.6,742
3,255.9,180
5,378.7,312
3,1022.1,12230
5,188,17
2,383.7,1416
5,290.5,275
3,758.7,2226
4,392.4,416
3,445.6,1332
4,248,100
3,224.9,307
4,290.2,1277
4,334.8,87
4,1577,5692
4,145.2,27
3,1075.8,5984
5,308.3,117
4,611,2408
5,1034.6,3399
3,275.5,1878
6,1326.6,1878
5,1081.6,3258
3,351.1,4084
2,6954.4,176871
5,1394.7,5718
3,125.2,22
7,390.4,398
3,514.3,916
4,261.6,420
4,226.8,115
3,299.9,2100
2,1209.4,38349
3,243,677
2,312.6,2989
3,3188.4,31135
3,207.7,1006
2,3203.8,59964
6,1243.3,3712
7,4122.9,48532
2,264.2,3761
2,4345.4,203205
3,354.9,956
4,1504.3,7900
5,418.5,547
3,151.3,204
5,1615.9,7364
4,485.9,1493
2,264.9,1228
3,425.9,1361
3,464.9,1612
2,248.4,964
3,583.9,3501
4,573.7,1002
2,3334.7,47073
4,1016,6547
4,145.8,6
2,356.7,1290
4,202.9,85
5,492.3,507
5,688,1196
6,407.4,274
4,1009.2,2886
2,6104,147439
3,475.4,1072
2,294.8,2723
2,154.7,91
3,525.9,2126
3,1600,9569
4,588.6,1700
3,490.5,2191
2,259.5,1185
2,1125.9,14726
2,697.3,5968
4,232.5,66
3,3156.4,31573
3,240,398
5,1224.7,5188
3,1782.2,20673
2,2378.5,25205
4,400.9,1131
3,250.8,246
2,232,1238
4,2764.1,27442
5,173.1,24
5,1357.3,3187
3,1422.2,10233
3,298.3,500
4,802.6,3788
4,582.4,498
4,1409.4,10027
4,147.8,177
5,1732,10144
4,614.3,792
3,1171.1,6420
2,794.9,11027
2,987.5,10006
4,5506.7,52654
2,282.7,955
2,356,2098
2,5400.3,177791
3,1369,22035
2,216.9,178
5,295.7,364
3,4259.5,84304
4,380.4,642
4,737.4,2518
7,344.5,87
3,196.6,224
3,2534.5,121444
5,321.1,1109
4,1690.5,19286
4,2802.7,45221
3,177.8,93
4,742.9,1976
3,523.1,2161
3,3696.5,37189
3,228.3,435
4,1146,5512
3,2622.1,23607
2,949.4,10689
4,340.6,1017
4,1244.3,5770
3,299.4,572
5,229.4,22
2,662.1,5390
4,298.9,2242
2,575.9,3189
4,392.3,335
3,3851.6,42828
4,2862,19999
3,305.8,584
6,947.7,2943
2,302.6,3152
3,1425.5,4526
2,8776.1,600501
4,1525.4,5207
4,510.8,2307
2,1865.7,26085
3,221.9,185
8,299.7,13
3,865,4894
4,3500.2,43918
2,1589.8,19429
3,1011,7038
3,2444.6,24042
3,2066.3,17758
4,999.9,4769
3,301.9,195
3,1120.5,7641
3,1348.3,65867
6,628.9,380
5,582.5,558
7,1818.3,9568
3,2564.2,34769
2,172.4,1900
5,492,181
3,249.9,117
5,3560.8,33725
6,1468.1,4280
5,584.4,1299
4,1365.7,9167
4,3071.1,31940
3,739.2,3203
5,436.1,708
4,1957.8,11092
5,331.2,7053
4,2230.2,87315
5,1154.7,3739
4,517.7,1264
3,1828.9,12207
5,1042.1,2635
6,1955.6,10507
4,9387.5,284514
2,1292,15341
4,262.1,211
5,348.9,166
4,395,587
3,1163.3,12246
4,687.5,4012
3,1246.2,7573
3,3151.7,41070
5,429.6,452
3,1023.3,9419
4,1674.9,9439
4,785.4,1954
3,944.1,6238
3,6688.3,206979
4,456.6,380
5,2820.5,22032
6,248.7,7
5,1248.9,3745
3,217.8,47
5,352.8,638
5,2598.6,26174
6,202.4,11
6,976,1537
4,1452.6,4266
2,4536.1,193203
4,295.6,75
2,2006.2,53958
6,659.7,688
7,1078.1,642
4,832,1356
6,531.2,684
3,354.5,805
3,1572.9,10906
3,1040,3898
5,324.4,1155
3,1678.8,27459
2,251.9,1731
8,974.4,696
4,657.1,1282
2,253.2,1095
4,285.8,1571
5,217.3,71
5,189.5,4
3,269.9,916
3,2372.1,20514
3,284.5,794
3,1451.6,8996
3,334.6,612
6,257.7,258
3,193.6,127
2,7688.1,204755
7,137.6,463
5,540.3,156
3,1611.9,7685
3,341.6,510
2,595,6725
2,309,1098
6,648.3,777
2,5603.8,220647
3,679.6,2248
4,451.9,1923
3,209.1,48
3,415.3,1158
3,138.6,186
3,517.7,871
4,3631.9,37188
4,5913.3,111388
3,327.4,484
4,1345.3,15293
4,564.4,1535
3,441.5,8135
4,1016.7,3519
2,19169.8,879935
2,177.2,521
6,228,32
10,172.2,0
6,196,279
4,180.3,223
2,509.8,4373
4,519.3,1280
8,1932.8,2259
3,640,3021
4,1037.8,9456
3,1043.6,5083
3,670.4,3012
4,423.7,765
2,1220.4,8988
3,205.9,146
6,1093.5,7263
4,289.8,112
4,1436,11803
3,305.8,1009
3,151.6,153
4,266.9,519
4,2441.4,21420
4,626.1,825
4,233.8,86
4,713.7,2025
4,788.3,4144
3,1779.7,15489
10,443.9,59
3,171.9,218
4,443.4,884
3,1019.1,9450
3,575.2,2505
6,181.9,74
2,249.3,2017
4,1529.1,11778
4,824.1,1652
3,7321.8,176875
4,1016.4,3265
4,5983.8,120656
2,402.2,2139
3,1077.1,12161
2,143.1,126
3,1698.2,13609
5,1349.6,3012
3,413.2,934
4,1594.7,9201
3,168.7,46
4,1761.2,8699
5,421.2,113
5,2733.5,19478
3,1654.9,19029
4,2062.6,15383
3,257.3,367
5,496.2,1818
4,452.8,3377
3,220.5,544
7,374.8,148
3,688.1,3071
2,1324.5,23566
5,1804.1,14422
3,746.1,2686
3,428.4,5117
2,519.4,3392
2,344.2,524
3,981,5962
4,844.8,2633
4,475.9,734
2,250.8,845
3,390.7,437
6,193.7,310
4,236.6,21
3,2300.7,20888
6,508.8,489
4,237.9,66
3,172.6,63
6,1135.9,1527
3,609.5,3473
5,295.2,146
4,4026.7,34451
3,302.9,475
4,1919.9,16494
2,2891,53207
2,12597.1,609400
4,222,41
3,4079.4,59006
2,2443.1,25577
2,495.3,4268
2,161.3,60
3,404.9,860
3,324.5,907
6,1210.6,2942
3,582.1,2923
5,523.8,597
3,304.5,381
4,362.5,202
4,207.6,127
2,2976.8,68353
3,310.5,657
3,2024.5,18058
3,450.6,2553
3,1057.8,8062
4,421.9,800
4,563.9,587
3,634,2864
2,6465.2,156159
6,231.8,197
3,8885.5,188649
3,1395.8,7808
3,818.2,2450
4,160.1,75
3,123.9,67
5,234.4,192
4,931.2,1389
5,395.2,125
5,488.7,610
2,216.8,530
5,366.5,311
2,1092.5,12724
8,876.4,287
2,766.8,6078
4,796.8,2405
5,493.4,129
2,369.6,1407
4,5130.7,58321
3,653.6,7482
3,1032.5,3002
3,229.5,264
3,286.6,414
3,5063.4,235542
3,1497.9,18527
2,3045.6,63254
3,243.1,345
2,942.1,28581
3,788.7,3877
2,753.8,13394
4,693.9,818
5,480.6,1148
3,2136.6,31587
4,801.4,1128
4,520.5,241
3,625.9,4899
2,905.8,12920
2,4213.8,82293
3,2497.4,37004
4,222,75
8,362.4,93
3,245.4,106
3,917.3,4676
5,192.9,90
2,3111.3,76215
4,1951.5,8353
6,1637,5258
2,661,15147
4,1118.3,4334
6,361.7,170
2,388.5,1443
4,481.3,375
3,327.5,1280
5,341.4,165
4,2238.8,13353
3,4327.4,59761
3,1041.2,4853
4,1657.6,13201
2,156.2,270
4,1615,6924
4,1880,12037
2,673,5432
5,2393.9,18602
3,196.4,102
4,156.5,29
4,1338.5,5829
2,614.1,7478
4,170.3,67
4,180.1,69
4,745.8,4096
3,3808.2,44789
4,194.6,142
4,835.6,2033
6,1575.6,6755
4,358,483
4,933.8,1809
4,1183.6,4884
5,167.1,82
5,1131.6,2084
3,488.4,948
4,340.2,2305
5,638.7,1555
2,238.7,1518
2,7901.1,485116
4,1441.4,7510
5,260.7,90
5,1779.5,5918
2,1489.2,23922
2,403.5,1963
3,1022.4,5461
4,1181.5,4087
2,248.2,359
3,1195,6989
4,190.6,97
3,5290.2,86546
4,318.3,145
5,3676.7,30490
3,633.9,1915
4,2656.6,24895
2,2725.3,30282
5,2373.1,10347
3,968.3,5749
4,285.8,236
3,517.9,996
4,243,642
9,1725.2,1669
3,829.8,3981
3,199.2,193
4,2647.4,31533
3,466.2,2537
4,7422.4,120143
3,147.1,242
10,6508.7,23837
4,1337.4,9043
3,643.5,2391
2,392.4,3754
2,206.4,344
3,164.4,256
3,369.2,3535
4,3129,19382
2,5076.5,286545
3,368.9,1753
3,1164.8,9618
4,898.7,3464
3,1070.3,4595
3,1909.5,18950
3,477.9,535
4,156.6,12
3,1681.8,9265
4,841.4,4200
3,669.3,10207
4,211.1,181
6,291.2,179
5,161.7,80
5,346.5,273
4,817.9,1406
3,233,241
3,371.4,1065
3,811.6,3033
2,190.3,582
3,210.2,87
5,3639.6,22614
4,454.5,1720
4,189,108
3,245,156
4,535.9,5771
2,256.2,422
5,376.2,544
3,965.3,12965
3,1371.4,4838
3,1314.3,8277
5,229.4,141
2,380.1,1664
4,276.7,597
3,337.9,348
4,2489.2,15711
4,855.7,2401
6,1525,4308
5,215.5,8
3,4578.5,69562
3,917.9,19618
4,419.3,764
5,3246.6,18454
5,3175.5,21260
3,358.9,748
3,231.9,629
5,4468.2,49685
5,366.3,475
5,280.4,111
2,197.2,299
4,826.7,6452
7,273.3,36
3,4222.5,57962
4,267.5,1686
5,169.4,18
3,5203.8,63599
4,2848.8,29982
4,395.6,925
3,196.1,393
2,181.9,315
4,880.8,7772
3,5666,76457
2,5921.5,167693
2,752.9,5770
3,1104.2,7650
4,131.1,3
3,5813.2,95373
3,292.9,1095
4,933.1,6795
5,427.2,743
4,682.1,2361
5,767.5,902
3,6747.1,113158
4,200.5,73
2,6000,181281
3,2230.2,18724
4,1966.3,13588
4,632.3,1623
3,176.3,94
3,463.1,1151
3,233.8,76
4,1517.3,7805
4,948.1,3311
4,403.1,167
4,316.1,567
3,995.3,4295
2,1009.9,10455
3,135,30
5,396.8,376
2,389.5,27891
4,369.5,1246
5,1321.2,4332
4,958.1,4484
5,365.3,151
10,2227.5,6573
2,340.7,1750
3,1573.7,12876
4,795.9,2614
4,1183.8,6341
6,230.9,166
4,725.9,2032
4,269.9,384
7,1363,3264
5,248.9,128
3,187.7,153
2,6194.9,374958
2,168.9,135
2,254.3,993
4,218.1,253
2,219.4,1509
4,549,1710
4,1840.3,10006
4,1164,3907
2,461.1,3452
6,523.4,403
3,370.7,2131
7,401.5,225
3,603.5,1885
3,2480.6,21242
4,246.9,524
4,996.9,3843
5,240.9,56
9,188.2,0
3,1215.1,13984
3,710.2,3830
4,298.7,684
5,277,58
3,223.9,1000
3,334.3,1105
4,277,205
5,1454.4,6518
3,1259.3,8309
4,3525.2,30174
3,1218.4,6420
6,303.9,242
3,671.1,2675
3,1609,16175
2,189.3,526
4,246.3,416
2,251.1,1658
8,1396,1622
6,1935.2,11901
5,249,136
3,140.7,107
4,439.2,1579
2,1751.3,26481
3,1713.4,9931
6,374.2,360
7,226,57
4,497.2,3301
4,1356.9,2600
2,334.1,1329
3,533.9,1944
4,662.7,436
4,1079,2797
4,649.1,2575
6,608.9,447
3,388.7,1645
4,352.5,1164
5,2666.6,11558
5,881.3,2788
4,258.1,356
2,125.2,63
4,804.9,3019
4,3691,45143
4,320,254
3,7434.7,133414
2,576.8,10019
5,2858.4,13126
3,2597.8,27677
5,354.6,643
6,1053,1932
5,3504.1,22080
3,7947.6,361633
2,230.8,397
4,535.3,413
3,2048.8,12176
4,467.2,887
3,946.2,6173
3,185.6,61
2,254.6,2456
7,213.6,23
4,240.8,124
4,1497.5,13059
2,543.1,2309
2,9715.5,289903
4,200.5,349
5,571.1,539
3,566.6,6247
5,326.8,114
3,669.1,3248
2,256.4,1108
4,474.9,486
3,1508.7,7319
2,225.9,567
4,413.9,849
3,160.9,205
3,218.2,277
3,1027.6,6085
3,980.3,6087
3,6386.3,107905
4,2638.6,19971
2,451.3,3201
4,954.2,2779
6,1028,2298
2,1657.5,27694
5,356,151
3,2828,28622
5,295.7,61
2,322.2,435
2,924.8,8182
2,204.6,957
2,176.5,441
2,1922.3,48021
4,146.1,4
4,1534.7,13246
2,332.3,4065
5,397.6,372
4,1426,5336
4,303.3,139
3,18221.2,721520
2,4233.5,81185
2,427.5,5218
2,334.4,2997
4,172.9,10
5,4174.5,31288
3,438.9,1970
4,2553.1,19356
3,356.7,2050
2,152.5,107
4,144.9,164
3,1545.1,5782
2,7972,254264
7,2930.1,12635
5,1488.7,4610
4,251.9,253
2,1489.2,74483
5,350.6,469
6,433.9,128
3,302.4,653
2,529.3,7477
3,718.5,1654
4,4168.6,88653
7,1951.9,2255
4,1880.9,10869
3,614.7,4119
5,1472,4022
2,649.1,4618
4,256.3,1445
4,3080,24656
5,1092.6,2540
4,212.3,189
5,515.1,314
3,323.1,2443
3,1379.8,8017
3,15127.3,879387
3,1167,4529
3,1860.2,24340
3,498,1330
3,283.1,328
3,1358.8,10087
7,518.6,101
6,673.7,913
4,2036.7,17723
4,2837.2,23542
2,364,3164
7,212.1,276
3,277.2,544
4,933.5,3557
4,801.3,1640
3,196.1,182
2,269.1,3266
4,3865.4,35635
2,2772.1,50147
4,5150.7,172560
3,187.3,195
3,1295.9,7984
10,458.9,131
2,3667,150772
3,402.9,1419
5,2418.2,14253
3,4325.2,51130
5,1351.5,4618
4,2073.5,7701
3,2719.3,34696
4,655,3483
3,2060.5,34214
5,3220,14544
3,247.3,751
3,852.5,2645
3,587.6,2002
2,5049.7,139861
3,2338.5,31762
4,207.8,262
4,1071.6,4639
3,2048.7,13820
2,452.4,4693
3,251.4,161
3,6693.3,246396
3,198,23
5,236.9,31
3,285.3,680
6,1366.8,3572
4,1070.9,2701
2,1021.8,19766
2,325.5,3233
5,1391.2,4807
3,3440.6,48859
2,3467.8,140602
3,1681.4,12595
4,979.8,3231
5,2077.7,14037
2,921.8,5477
7,340.1,175
6,2835.4,14243
4,432.5,488
4,138.3,4
3,1573.3,14090
3,248.9,183
3,3660.3,46129
3,192.2,411
4,4622.2,76868
4,4784.4,54924
4,288,674
4,929.3,1973
4,992.2,5374
3,250.1,266
5,324.5,130
3,1480,9168
3,807.9,4826
3,1136.8,38766
4,235.1,237
3,472.9,1092
2,4908.6,127726
3,597,3623
5,194.4,24
3,637.6,1956
2,720,7066
4,495.6,942
3,505.8,535
2,333.9,2024
3,504.1,1995
5,248,32
4,234.5,360
5,2683,11182
5,131.4,43
2,1363.8,17769
6,534.3,101
2,1701.9,28427
2,625.6,4740
7,746.6,483
4,996.9,5222
5,382.3,265
3,1862,20422
5,827.6,1431
3,2215.1,22850
2,510.8,1767
3,1297.9,12157
3,225.3,148
3,2131.4,19725
3,1103.7,6414
3,430.7,2229
2,2147.2,29374
3,149.6,54
4,1701.6,10485
3,6113,110971
4,413.8,1537
3,2364,22935
3,510.9,2519
2,202.8,141
3,174.3,209
2,2650.2,40034
5,184.5,23
5,3186.5,27239
4,249.3,463
2,245.5,2034
3,460.3,4483
3,1530.1,14312
3,225.4,279
5,284.1,65
7,382.4,154
9,631.9,167
3,11630.3,275815
2,154.3,990
3,336.6,1419
5,697.6,866
5,3820.4,32013
3,971.5,2993
5,367.9,181
5,697.1,1444
3,413.8,1150
3,253.3,1001
2,1860.6,41199
5,485.5,283
8,2771.7,4107
2,1444.1,22533
3,2359.7,20381
3,1508.6,13439
4,801.4,1397
3,425.1,514
4,244.7,480
2,328.5,1544
4,347,279
4,268,114
4,2243.6,13358
5,400.8,176
3,304.5,1089
3,395.9,1892
4,1712,6482
3,175.6,117
3,4426.4,70065
4,2433,26847
3,626.6,2002
5,3383.4,17843
4,406,204
4,2750.5,31027
3,524.3,3184
3,330.7,249
3,10442.9,585246
3,2934.6,39357
4,1899,12331
2,3723.3,190441
4,1974,12517
4,123.1,23
5,2482.8,13386
2,234.4,430
6,154.8,5
2,662.2,13805
3,328.7,798
3,565.5,2706
4,138.1,9
2,557.2,5175
3,211.6,4442
4,2473.2,29686
5,528,1206
3,723.9,3412
3,1267.5,13494
3,487.6,19063
2,1612.1,98668
6,978.6,3678
5,797,1541
3,1203.6,8128
4,2508.2,20987
3,1487.5,8736
3,3490.9,81225
4,344.2,818
5,2340,7901
5,227.9,193
4,5647.3,73561
6,5788.5,59256
3,1364.1,11056
4,1494.9,5258
6,1099.2,3088
4,666.6,814
4,278.5,596
4,687.9,1262
3,376.9,651
5,268.5,700
3,947.2,22889
8,136.6,0
5,188.1,120
2,178.3,362
3,1251,11494
3,273.8,227
5,369.6,1365
4,9330.7,127413
3,12942,304947
4,997.6,2183
5,203.3,31
2,2820,97445
3,1128.6,7703
3,277.3,369
4,643.2,1752
3,9042.5,203652
4,523.9,1283
3,257.9,1304
5,452.7,962
4,278.2,449
4,341.3,589
3,355.6,653
7,174.3,15
5,452,1711
2,357.9,2250
5,204.1,14
6,715.8,1375
4,820,1491
3,1361.8,22820
4,3189.6,34405
2,9635,498088
3,333.1,3742
4,152.3,118
9,383.1,295
6,2088.8,8395
4,293.4,352
4,239.4,226
5,2423.1,12874
4,209.9,363
4,166.9,99
3,1519.6,11528
2,154.6,104
2,784.1,5413
2,206.1,515
3,4275.6,72306
4,5365.1,85592
3,1239.1,38612
5,1706,5716
3,448.1,800
4,945.6,6312
4,1641.3,9458
3,3942.2,50580
5,182.3,152
3,4429.9,105140
2,168.1,275
5,1507.8,5315
4,1393.5,4924
11,702,31
5,292.7,148
3,256,278
3,525.5,1255
5,536.3,1219
3,235.3,363
3,885.8,4286
4,436.7,484
5,5032,40776
4,456.4,948
3,6942.3,124495
4,775.8,4682
5,590.3,444
3,645.2,2420
4,1578.6,10963
2,231.8,1092
6,974.6,3160
9,202.4,8
6,600.7,1029
2,231.8,1153
2,213.1,468
4,813.4,4652
3,460.4,2220
5,317.2,56
2,740.5,19688
4,685.5,1190
3,349.3,262
3,2134.7,24400
12,1607.3,934
3,1711.8,13905
3,224.4,517
3,10494.6,557398
2,237.1,963
3,326.1,877
3,485.7,815
3,252.2,439
3,785.7,1117
3,177,120
3,6677.5,203751
3,1194.6,9435
3,438.8,1771
3,835.1,5877
4,3488.9,39505
5,441.3,903
3,1423.7,13490
3,1215.2,5250
6,226.1,30
3,6091.1,130058
4,2096.4,9948
5,493,2464
3,308.5,606
4,230.6,70
3,458.5,788
2,248.8,984
4,171.6,22
2,441.7,2372
2,1752.1,34912
6,141,23
2,486,8829
4,1455.5,7475
5,167.2,0
3,454.8,1111
5,338.2,87
5,315.9,51
10,857.7,433
3,599,1730
3,1344.2,7830
3,3704.2,61025
6,3344.9,18158
4,344,647
4,1027.4,5893
2,261.2,1204
5,328.2,1124
2,1058.9,7035
7,2284.5,6023
7,1359.4,5851
3,831.3,6412
5,1083.8,2013
3,668,2905
3,122.5,2
6,2697.8,10231
4,1071.9,6477
3,1309.4,7020
5,486.7,224
5,1430.4,3248
3,272.9,258
2,2311.2,129843
4,175,15
4,1529,8958
4,740,1338
3,4438.9,56510
3,455.9,12085
6,948.2,818
3,486.8,2687
4,1496.1,14125
6,363.9,435
4,232.6,372
3,426.7,793
2,1933.9,27467
3,648.4,3690
4,355.4,479
2,449.4,7766
3,1082.8,7571
3,139.7,203
2,376.4,2948
3,1077.3,6546
2,2040,32847
3,465.5,422
2,250.6,1153
3,1639.9,13414
2,1117.2,28274
6,418.2,286
2,3516.7,84775
2,367.5,1598
3,148.9,103
6,1493.2,3289
3,438.3,907
3,6238.1,105493
3,1226,8353
7,4227.9,15332
2,670.3,8923
4,219.9,111
3,683.8,5282
3,1249.3,6075
5,264.7,1
3,373.9,827
3,215.3,119
3,8712,124626
2,2109.6,115935
5,280.8,52
4,296.9,556
2,1306.5,20639
2,1182.1,9369
3,250.6,828
2,323.2,2235
2,7347.6,295342
3,1455.4,10792
3,1505.4,18877
3,390.3,779
3,1766.3,24792
5,1140.1,2910
4,1249.3,6272
8,1922.2,5894
5,2235.8,10237
4,546,2978
3,413.8,1468
7,806.5,186
4,798.2,2681
2,1628.3,33371
2,593.8,4869
5,835.9,1125
5,1264.8,1873
5,1734.1,7573
2,5854.8,345135
4,973.6,2204
4,5535.2,66033
4,3037.8,19597
5,355.8,92
6,462.7,704
3,196.3,156
4,1646.2,9024
2,506.3,3430
2,299.6,2719
3,576.5,1206
3,278.9,1434
4,202.3,31
4,915.9,3143
3,147.1,78
4,531.8,2270
4,407,310
2,2876.5,161780
3,516.7,2656
4,157.3,56
3,692.7,4055
5,320.7,92
4,4364,58889
4,190.3,18
6,251.6,25
5,199.2,15
2,1066.2,10789
2,718.4,6287
4,588.5,652
5,366.9,80
4,135,80
3,1719.3,12560
2,550.4,5191
3,386.9,1301
4,153.6,105
2,660.2,11312
3,217.9,364
2,1546.1,38218
3,228.8,181
4,3184.2,26801
2,638.7,5294
5,3313.7,23824
4,2971,20338
4,169.4,112
3,310,1052
3,1076.4,2963
5,2867.7,13460
4,142.4,26
4,1049.3,6284
3,5552,102379
3,874,3657
2,682.6,7941
4,1367.5,7059
2,1678.2,17843
5,499.1,2187
5,384.9,1170
3,375.2,1720
3,161.9,45
3,1035.1,5462
5,298.2,470
6,1230.6,1577
5,358,389
3,3513.7,76980
6,1022.3,2233
5,437.2,763
5,410.1,453
4,384.3,360
4,1083.5,2728
3,134.5,86
3,118.5,5
2,129.2,218
4,298.3,1159
5,642,563
4,1754.3,59741
4,367.1,588
3,260.3,1035
3,200.2,487
2,7473.9,343491
4,2461,17777
3,2074.1,15388
6,224.7,2
3,238,1207
3,5581.8,160396
4,1463.5,3591
3,2384.1,24121
3,401.8,1366
4,1166.6,1950
2,350,3332
4,234.7,370
6,735.3,494
5,1083.7,4106
4,620.4,5544
6,162.3,83
5,181.2,19
3,212.5,756
4,240,201
7,202.6,6
7,666.2,551
6,3712.8,18198
3,5195.4,97439
3,4361.3,78730
3,208.7,125
3,139.2,2452
5,4210,28558
4,2434.2,13270
5,243.9,431
2,274.8,878
5,3387.8,25040
2,1324.6,17198
3,465.3,1269
5,1144,2948
3,734.4,4284
4,628.1,996
5,1036.7,6044
6,299.7,23
2,637.6,4425
3,1617.6,8798
4,6911.1,126269
3,468.1,2676
4,661.7,694
3,1422.3,17256
3,2495.5,20658
3,625.8,2783
5,243.2,50
6,1098,894
4,194.3,42
4,994.3,4532
4,191.8,187
5,1252.8,9616
6,312.1,225
4,548.3,1839
7,273.4,115
8,481.3,80
5,380.9,368
5,7942.2,88423
4,1064.4,23112
4,222.6,415
5,3277.7,19305
4,4252.6,122423
6,409.7,75
3,5419,160057
4,2425.3,16413
5,293.4,137
4,373.2,485
6,203.1,49
6,185,10
3,4516.3,55778
5,684.1,1130
2,3604.5,282910
6,1077.9,2048
5,1076.7,2214
6,626.7,628
5,756.2,1403
4,206.8,94
3,404.2,854
3,206.2,140
3,519.1,1750
5,4086.8,37323
3,800.6,6360
7,680.3,563
4,506.3,538
4,2565.2,17883
4,633.2,2249
2,478.3,4937
2,218.6,1409
4,194.9,73
2,806.7,7842
4,419.7,988
3,241.2,372
4,497.5,466
3,1209.4,5832
4,4270,50426
2,21262.1,965634
5,147.3,5
3,6196.6,158074
6,1691.9,4681
6,1451.2,3130
3,1019,4649
5,365.3,2701
5,1563.4,4121
4,1307.9,19978
2,4233.5,85355
5,668,1035
4,708.1,1969
3,12562.9,489821
5,473.1,1983
2,346.2,1211
6,489.6,228
5,16343,433099
4,587.7,974
4,2888.4,35257
4,175.5,169
4,1269.6,7607
5,511.1,420
4,256.7,123
2,11380.9,476506
7,400.5,699
3,1062,9694
4,893.5,3422
13,260.9,0
3,265.4,671
5,321.9,74
5,553.4,1040
4,304.1,224
7,372.8,382
2,4118.1,187253
3,667.9,3302
5,4546.3,35139
4,379.9,972
5,1059.4,2490
6,1032.6,1238
5,529.8,611
3,2449.6,30623
3,1419.4,10937
4,1642.5,11088
2,1551.2,27668
6,332.3,139
5,415.6,1334
4,1251.7,10832
3,255.3,282
3,471.7,3878
6,3620.6,16673
6,1754.1,3987
3,1094,4164
2,1643.5,52488
5,849.4,1088
5,2271.7,9316
3,482.8,2157
5,415.5,468
3,218.1,202
5,3445.1,20489
5,348.3,1018
3,2437.6,27222
6,270.1,4
6,1574.6,1844
6,1499.7,4129
3,3438.6,49690
2,415.2,3395
5,1131.3,3429
6,3017.9,16021
3,1374,20181
5,416,126
3,1832.3,11622
3,918.8,23239
3,263.9,461
3,1375.9,8085
6,4739.2,35542
3,1967,20315
5,2287.1,8613
5,770.8,1328
5,3313.4,34738
3,327.7,568
2,6381.8,146801
2,391.5,1544
4,199.8,230
2,4759.7,92990
7,1521.7,1759
3,247.6,63
5,3996.8,32294
6,1609.9,8960
4,9532.7,188497
3,1738,13992
4,1035.7,2550
5,909.4,1894
5,733.9,2363
6,801.6,1220
2,16351,1307915
5,579.6,479
4,3189.4,27547
3,330.5,2151
4,1269.8,5737
5,181.3,215
6,272.3,162
2,3791.1,75860
2,536.6,2994
4,320.9,235
9,2171.1,2781
2,627.7,3332
6,173.7,4
5,496.9,906
4,348.3,489
6,645.6,370
2,349,1402
4,661.8,2262
3,309.9,705
3,566.3,808
3,915.6,16756
5,5207.5,40028
2,506.4,2397
3,280.3,440
2,975.5,16917
4,1561.1,10175
5,1026.8,10896
6,1334.1,6516
4,181.1,361
4,352.9,786
2,2026.7,24617
6,1259.6,1711
2,5153.2,343065
3,1686.7,13575
3,5042.3,95717
6,1674.4,6213
6,769.2,617
5,362.4,97
3,352.3,1850
5,2146.4,16451
5,927.2,1991
2,1416.3,26199
7,1321.1,2286
2,275,1939
6,301.1,72
7,809.9,2055
8,567.1,38
5,2039.7,14533
4,883.4,5184
3,601.7,2088
7,1485.4,5224
2,599.6,5958
8,1435,1509
3,281.3,1878
5,1181.3,2460
3,378.1,1565
4,281.4,302
2,646.2,9970
2,902.4,7651
9,327,11
3,440,2096
5,794.1,2829
4,365.7,342
7,219.3,43
3,1633.8,18313
4,1834,7592
5,1438.4,8885
8,212.3,11
6,2056.7,6466
4,1389.8,3854
4,2481.6,25300
8,217.4,27
6,250,194
5,1038.7,3163
5,1661,5560
4,807.5,2730
5,8892,114837
4,353.1,796
5,2298.9,11991
3,967.8,2055
4,1806.6,10584
3,451.1,987
2,841.5,5723
5,330.4,205
4,177.8,9
2,1247.6,39738
6,309.3,398
8,1682.4,8586
4,739.9,2146
4,651.8,2289
2,410.4,1421
5,6432.2,67230
5,1943.9,13022
5,1363.8,4850
2,1387.6,19020
6,671.2,1622
5,1427.3,8388
9,1497.7,1143
4,3887.3,33277
3,319.3,1010
6,1498.3,2835
9,6192.5,23451
3,2635.2,68810
2,275.7,1586
6,1251.1,3103
5,15495.1,306962
5,408.7,934
3,728.3,1154
7,199.2,1
5,1032.4,3345
5,1650,4480
6,2066.5,6209
2,407.2,1457
4,342.8,489
8,326.8,304
4,2631.9,31533
4,1438,5856
5,271.8,47
5,155.8,19
5,258.6,345
4,4231.3,38015
5,896,1109
3,400.9,467
4,1415.1,5935
5,5673.3,57743
3,587.3,1548
2,566.8,4811
8,2323.7,5899
2,551.2,3193
5,2786.4,15425
2,240.8,485
5,326.6,143
5,171.5,78
8,2287.6,3599
5,1064,8930
4,209.3,89
7,2538.7,14943
3,1781,21802
4,821.6,2142
3,4205.2,60301
5,289.4,44
5,236.3,81
5,2538,12351
3,552.7,5513
4,6072.7,76231
5,2342.8,15438
5,1431.6,8750
5,7385.3,83249
2,2012.5,49335
5,1140.3,2717
4,324.1,621
3,493.5,588
4,1875.5,12725
3,937.1,11375
5,209.7,171
4,394.9,1676
4,425.5,501
4,282.3,342
4,173.5,28
5,11470.9,206615
2,3070.6,57291
5,224.2,33
2,286.2,1371
6,192.4,14
9,1544.5,1292
5,1212.7,4140
2,1044.8,26545
5,583.1,1418
3,1635.9,16276
5,819.7,2014
2,5034.4,250198
2,1306.2,61533
6,1157.3,4373
5,217.2,422
2,1128.1,17519
7,2133.3,8020
5,644.3,711
5,453.7,545
3,1202.1,6768
7,6979.2,45536
3,543.7,3505
9,1223.5,1058
3,515.7,1880
3,1009.2,4023
3,12280,530096
4,730.3,3811
2,996.6,10465
4,991.8,1843
3,2128.6,41090
2,3715.1,187984
4,1335.2,4371
5,258.2,236
3,492.5,1122
6,531.1,273
3,953.5,5719
4,415.5,1712
2,591.4,4887
5,5228,48710
2,7164.1,297700
5,290.9,383
3,1188.6,14558
3,1574.9,11718
5,1434.6,8146
2,2460.8,43866
2,2681.1,40296
4,238.9,122
4,5185.2,73034
5,592.5,223
6,1136.4,2725
3,1212.7,4929
2,777.9,15599
6,1043.9,3291
3,933.9,7292
5,1468.2,5618
4,354.5,294
8,362.9,174
2,710.9,4523
5,547.4,405
5,775.4,1817
2,1874.3,45169
6,5699.2,35564
4,673.7,2163
2,2159.6,32071
5,180.5,5
5,359.4,782
5,2024.2,15584
6,3040.1,17138
8,197.7,43
3,183.4,601
3,821.2,1598
9,232.8,20
2,161.4,204
3,685.6,1893
5,809.4,1198
5,161.1,5
4,184.6,25
3,566,2034
3,462.7,3917
6,1284.3,1525
4,761.8,4627
2,17175.7,790628
3,252.8,869
3,1350,7103
6,243.9,69
7,263.5,109
5,510.3,122
5,4653.7,139894
5,209.4,14
3,696.6,4548
6,1356.5,1981
3,558.9,3090
3,2200,72972
5,3082.4,22595
5,190.2,26
2,317.4,1032
4,577.4,922
4,445.2,647
6,286.3,20
4,1331.4,9473
3,612.9,4481
5,844.6,2066
5,2552.3,13668
5,5576.9,57198
4,7262.1,87745
4,8514.3,182474
3,6667.1,343254
4,316.9,440
3,877.6,6231
5,257.4,50
4,683.3,1313
3,740.1,7966
6,486.5,266
5,231.3,61
4,3715.4,29679
6,487,366
2,534.5,10104
3,2661.1,27781
5,1005.4,11145
7,490.7,163
4,337.5,383
7,262.4,6
6,421.9,230
3,437,1185
7,899.9,1723
2,274.9,427
4,1345.2,5117
5,5803.7,205335
4,1615.7,16848
2,951.3,7284
4,899.9,1756
5,281.1,93
4,1926,11445
3,5387.7,91104
6,807.5,801
3,1073.3,5481
6,472.7,648
3,448.6,1954
3,2437.6,26382
9,235.1,137
3,3030.7,40576
2,255.8,2008
5,4526.5,38656
3,602.3,1818
6,862.5,2602
2,145.9,129
3,2932,168029
5,179.7,211
3,437.3,3128
4,542.6,813
4,989.3,7581
3,151.9,19
6,213.8,32
2,1372.9,14536
4,154.7,93
4,316.6,1764
4,222.7,241
3,4328.3,217552
7,459.3,298
3,10903.9,234712
2,259.9,818
7,340.9,772
2,355,1814
4,184.5,34
3,502,3223
4,1111.2,5684
4,444,1114
4,916.9,6016
5,2777.8,12445
5,1691.1,5835
2,2732.6,167813
3,287.6,452
4,8705.9,199778
4,780.7,4550
3,843.8,2211
2,1123.5,9782
4,1882.2,13616
2,402.5,7398
4,1692,13429
5,2379.7,12332
5,625.6,276
4,540.6,3880
4,2143.1,48025
3,1598.1,11859
8,1707,988
4,402.6,362
4,1903.4,10196
8,317.8,20
5,3595.5,41233
4,3583.8,34141
6,804,1992
2,143.5,351
7,329.2,99
3,202.6,294
3,8064.4,178735
4,982.1,3249
3,232,371
8,462.9,245
8,393.2,159
5,939.8,4608
3,1706.9,27459
3,8449.1,254287
5,179.8,38
5,508.3,1683
6,190.1,6
6,965.3,1513
3,1478,18935
2,1993.7,39297
3,188.8,588
3,637.8,3250
4,158,21
3,438,1029
6,3893.8,24952
3,2111.2,25492
4,688.4,1475
7,257.6,0
6,677.1,1127
2,542.4,2531
3,432.8,1438
7,622.3,466
5,1267.5,4517
6,475.6,261
6,279.7,48
6,1057.8,2494
3,331.7,613
5,693.3,2533
4,960.7,6565
5,411.6,1011
3,1248,11753
6,154.4,1
3,282.1,1425
5,768.4,2326
6,1118.9,2348
3,385.3,1064
5,3963.8,29344
2,197.6,723
4,1029.6,10854
3,880.5,7715
3,6078.7,92586
4,399.9,840
7,1206,2784
5,317.8,62
8,1064.8,3632
4,1507.5,5706
3,404.6,1078
5,749.5,985
4,624.5,1167
8,181.3,1
9,1740.5,2265
3,1471.8,11577
5,591,571
2,210.3,818
4,6968.2,136465
5,3267.2,30643
2,612.9,6926
6,388.8,69
4,2106.7,11538
3,204.8,167
4,547.3,1903
2,9739.5,705850
5,394.9,426
4,297.6,723
5,1111.7,12712
5,237.7,214
15,1835,343
8,1523.9,2066
7,929.9,1172
2,235,1599
3,964.4,6782
5,4044.7,34474
6,211.7,78
4,188.1,54
4,357.2,206
2,599.1,3824
2,2217,31604
4,318.2,477
6,436.5,95
3,255.1,199
4,427,592
2,219.8,330
2,418.9,5657
5,1602.7,7964
7,1026.5,840
5,984.1,2849
3,312.1,829
7,199.6,2
4,2003.1,11380
2,194.5,500
6,278.1,101
6,2501.2,8025
9,211.7,160
5,395.7,1271
3,984.1,6304
3,1212.7,4717
3,293.1,824
5,274,292
3,327,346
5,836.8,1297
4,818.9,2246
3,273.5,547
5,4779,46209
5,416,231
6,1144.5,1433
5,421.8,641
3,200.2,99
6,325.7,78
3,192.8,188
6,1582.3,3348
2,8662.1,331041
6,722.6,856
2,142.1,200
8,453.4,64
9,618.8,210
2,397.1,13191
6,197.2,77
4,161.2,36
6,227.6,40
4,608.8,1229
5,4888.6,56953
4,172.8,3
5,959.1,2503
4,403.9,534
6,2966.3,21921
2,1919.2,25640
2,11682,947022
2,248,617
6,3570.6,18325
6,384.9,356
2,297.9,1953
4,753.6,2415
4,1223.4,8124
5,1384,6811
2,117.3,8
4,902.7,3946
6,478.3,241
4,189.8,22
6,1821.8,6223
4,546.2,3851
4,1709.3,15039
4,1329.7,11182
3,7908.6,150841
3,195.9,102
2,14863.6,740685
5,236.1,451
7,172.3,13
2,984.2,19947
3,2472,47589
4,707.9,1354
2,540,14277
2,771.3,11783
4,1708.5,7256
5,2848.1,14353
3,345.8,2229
5,332.5,657
5,1350.1,1799
4,131.2,11
4,814.6,2970
4,494.2,1134
4,1711.5,13597
10,747.7,295
2,1157.9,36815
4,1869.5,15340
5,1716.9,7209
3,2949.6,157533
3,802.7,3117
3,1034.1,3889
4,3878.2,43570
2,2800,54345
6,635,1449
3,1143.6,47961
4,646.3,3916
6,2246.4,6364
5,853,2200
3,1368.7,8637
2,223.7,541
2,9980.8,857462
5,1744,11089
3,1011.4,4880
3,6832,200254
5,618,1046
7,363.2,113
6,1465.2,3189
4,2667,13308
5,1001,4367
6,1214.9,3580
4,3873.4,33660
2,438.5,3121
2,277.3,671
3,7439.3,160544
7,194.9,13
5,1063.9,5752
5,1839.2,6152
6,1429.8,3725
4,1299.4,3822
3,511.6,1010
4,1984.5,10470
5,788.8,3685
3,1165.5,9628
5,661.5,1163
7,6851.4,68840
4,540.8,642
7,330.2,569
4,170.7,7
4,187.9,107
7,274.9,9
5,1060,4710
3,451.7,524
3,272.9,174
4,594.4,1368
3,1062.8,5129
5,145.3,2
4,219.2,116
3,1187.4,8676
6,431.3,593
7,311.7,805
5,231.2,394
3,182.2,1295
2,1222.4,37032
3,1426.4,6269
3,471,741
3,5524.4,126775
3,1333.9,8264
3,297.9,1241
6,3271,13740
2,3394.5,102004
5,290.1,157
4,380.8,176
3,393.2,2410
2,2855,50283
4,1922.2,11727
5,436.4,479
4,842.4,2047
7,1903.3,5165
2,15204.8,957971
5,1583.4,6975
2,7649.8,423569
6,222.1,30
4,648,1626
2,6625.9,362487
5,1197.2,3032
4,3767.3,32068
5,1102.1,2812
4,7686,123733
2,2815.1,83518
10,1601.8,2198
3,1422.9,18487
6,2098.5,5860
2,425.8,3892
5,2526.2,11243
4,792.8,4157
4,547.3,566
5,2166.6,12132
4,298.2,85
4,195.1,15
3,2054.1,21029
7,5473.9,36746
6,4070.9,40220
3,13179.9,701300
5,288.1,141
7,222.4,60
8,1265.1,2305
5,367.8,219
4,1250.3,4320
5,744.8,5673
6,494.9,159
4,204.4,101
2,551.6,4095
6,171.1,185
6,1068,5228
5,2669.4,15097
7,242.5,32
6,205.7,33
3,1836.2,15464
6,766.3,1317
6,1888.3,5229
2,389.3,2040
2,267.3,1394
6,446.6,918
2,4470.3,99266
4,219.1,165
3,1796.4,18882
6,1248.2,2452
11,556.9,123
6,640.6,356
3,928.7,5437
4,492.8,1424
3,6020.3,92243
7,299.1,58
5,716.5,1074
5,2202.8,18001
5,1117.2,3990
5,983.8,1168
5,293.1,61
4,282.3,109
4,3686.1,44198
6,2414.8,8620
2,155,214
5,5685.6,60990
3,4836.1,197633
4,978.2,1874
4,195.6,50
3,941.4,2911
2,604.1,9024
6,1991.6,7737
2,2663.4,108020
4,443.9,1144
3,1786.4,13193
7,750.1,975
4,420.8,2461
6,220,37
6,2045.4,7633
2,570.5,23700
3,5340.9,120403
3,313,803
4,606.5,2669
3,3665.4,225057
6,577.2,713
7,4052,24281
5,1139.1,2136
5,2066.1,5718
6,555.8,351
7,1921.7,3432
3,14080.7,561320
6,412.8,41
3,6168.4,93994
5,503.6,665
3,2634.4,21200
5,2697,17911
7,266.7,6
3,8101.3,185519
3,7488,332329
3,288.6,262
6,284.1,168
5,196.5,91
8,437.6,34
9,1805.6,2064
6,287.4,203
5,3767,26479
7,603.6,729
6,2345.9,8817
7,360.6,138
7,1690.8,3136
5,982.9,1918
6,2148,6256
5,284.5,24
3,184.3,293
5,2502.8,13902
4,329.1,33
7,709.4,306
13,549.9,228
8,777.9,767
7,6827.9,47477
6,150,17
4,901.9,2584
5,247.8,62
3,195.9,38
2,259.7,650
6,290.3,65
7,1529.5,4959
6,350.5,148
5,187.7,35
3,1067.3,9941
5,3937.6,134026
2,3910.4,86655
3,206.9,128
2,309.9,1674
4,1364.1,7087
8,1947.3,4841
5,279.9,204
5,2702.2,18302
4,193.2,316
3,290.6,118
7,1913.1,4502
3,898.4,4629
2,572.6,8189
6,1149,1081
4,571.1,709
3,1967.9,16214
2,618.9,11526
2,746.4,6334
3,591.5,1737
4,2453.3,22223
4,604.6,2864
6,3399,23662
2,350.9,3293
4,123.8,0
5,1352.5,5164
4,212.9,505
4,204,226
4,765.4,1371
5,2184.1,7717
3,180.6,146
4,460.8,369
3,486.2,2199
5,3552.5,21188
4,786.7,6182
7,158,17
6,504.3,915
5,3145.2,21510
5,431.5,81
3,600.2,954
4,642.5,841
5,284.2,345
3,1451.3,18210
5,2726.7,13320
2,289.3,7930
4,243.4,209
5,245.1,201
3,12208.9,284293
2,1192.3,12026
12,920.6,1093
3,988.8,6738
7,168.8,77
3,700.2,4512
4,508.3,416
3,380.9,526
4,1499.8,8983
6,951.8,713
2,649.7,2741
2,853.1,10934
3,1552.7,9648
3,175.4,238
4,886.4,2524
6,879.8,1407
5,2187.5,12155
4,1909.2,12897
3,1459.7,11286
3,188.9,323
4,296.5,338
3,549.7,3845
5,889.1,1518
4,891,1373
5,1016.7,2034
4,889.4,1510
3,1207.5,6778
5,828.8,3331
3,780.5,3988
2,180.9,338
3,3455.4,223379
5,5802,158043
4,4345.9,149207
2,255.3,1120
4,529.3,1320
2,518.6,4112
5,938.4,3251
2,277.4,4923
4,195.2,76
4,865.5,6423
6,1944.2,4035
6,462.2,232
5,176.7,222
6,2084.7,14185
4,603.1,2054
7,6097.8,48370
4,825.6,4580
4,4932.6,55800
6,1104.9,4573
7,2096.3,6792
6,2486,9731
4,367.2,508
2,945,56650
3,2706.7,23756
4,351.9,339
2,375.1,1110
4,326,38
5,1979,5422
6,2216.6,5162
3,2357.6,31213
5,1468.5,4565
3,230.6,72
4,311.8,260
3,5863.6,115332
5,228.4,459
5,682.5,16988
3,660,5485
5,2796.7,10389
5,1109.2,2700
5,1156.6,3139
7,286.4,393
6,1577.4,3745
3,2353.8,16760
3,3825.9,56453
5,224.9,15
6,685.9,433
6,195.3,14
3,1316,13705
2,2060.5,40400
4,2490.2,25330
5,289.8,775
5,6829.5,80857
3,2043.8,13478
5,962.1,6402
2,296.4,1319
5,731,1007
6,699.1,1156
2,404,3649
3,164,97
5,2151.5,8952
5,5489.8,54735
5,1395.2,5396
5,1992.2,10217
5,746.4,1270
4,1129.5,10900
3,182.8,347
3,3240.8,46269
4,608.7,1766
3,4107.1,57150
5,1189.1,1790
3,5744,102817
4,5657.3,203388
7,903.3,361
2,351.3,11319
5,146.9,377
3,474.6,3094
6,664.9,1646
6,1055.6,2810
2,296.3,1557
6,871.6,3209
3,954.8,5645
4,4072.9,97484
3,888.1,3254
5,5839.4,51022
2,2343.9,53486
6,256,289
4,432.1,397
5,600.2,854
2,1672.3,19226
3,1758,21511
4,351.9,439
6,2648.1,10395
3,370.8,341
6,404.9,91
3,5197.8,77597
2,498.4,6285
6,275.9,358
3,3827.8,51745
5,374.9,211
3,598,3092
5,162.1,55
5,283.1,31
3,2058.1,12710
3,792.5,4481
7,395,86
11,1312,1770
3,1287.5,14565
4,945.8,2482
5,844.1,1029
2,2247.5,58786
3,1138.7,5980
3,4462.2,95538
5,1847.4,4722
4,1141.1,5209
5,997.4,6265
4,204.7,22
7,2003.3,3161
6,635.4,921
5,1229.1,1913
2,1124.1,10169
5,4145,30048
3,188.4,49
3,218,44
4,488.2,4843
3,216.4,1221
5,753.5,5899
6,449.3,133
3,273.7,1416
8,803,498
3,1238.6,6938
5,1400.4,5439
4,1195.5,2573
4,3201.8,39429
3,1585.4,12658
3,374.3,415
3,253.4,405
2,1563.1,24721
5,238,30
7,553.8,1047
2,1357.5,12514
3,1439.4,16868
7,285.3,121
3,654,5486
4,498.7,1291
3,371,2334
3,8260.4,301149
5,12592.3,372277
3,1213.8,31086
5,2920.2,34370
4,387.2,849
7,424.7,418
6,644.3,546
6,719.4,832
4,544.3,1238
4,4079.2,44483
6,2728.8,13969
6,283,135
2,654.7,6810
3,6904.7,357965
7,202,1
6,1576.8,7932
6,415.1,97
3,1019,29594
6,347.1,112
5,876.2,2083
5,263.4,103
6,2373.4,10298
2,7627.6,384739
2,1760.3,46456
8,164.4,1
2,1956.1,29462
6,284.1,23
3,733.2,11745
5,481.1,308
5,972.9,2437
3,658.2,3849
3,2581.1,31608
4,211.5,105
3,1002.2,3479
6,482.6,1087
9,4909.2,14836
3,13726.9,341442
4,694.8,4400
4,202.7,160
3,216.1,295
4,827.5,2242
6,1343.4,1911
5,213.1,305
3,468.5,2096
4,1076.7,4637
5,481,254
2,2314.7,55976
6,411.8,6
6,1212.4,2959
6,134.1,12
3,2326.7,26449
5,1416.1,3470
2,933.9,13972
6,712.6,793
7,722.2,259
5,859.8,2399
4,2667.6,17809
4,5378.8,57304
2,229.1,1049
6,804.9,1718
5,355.7,378
4,139.8,19
4,472.7,1742
4,1191.7,6356
7,4165.8,18225
2,536.3,6018
4,1529.3,9008
3,1575.1,13009
4,1887,41235
5,2127.8,9080
3,682.6,1454
6,778.2,645
6,3586.5,17559
12,3040.8,3478
6,1166.2,2458
3,1108.2,6203
4,765.6,2475
4,2548.7,68861
4,177.3,129
3,817.3,4295
5,731.6,1195
5,605.7,273
5,204.6,9
3,7939.7,126744
5,1003.5,2773
4,368.3,671
6,516.4,1511
4,595.7,1548
5,229.1,293
6,352.8,924
8,220.8,28
9,4438.9,17807
5,2069,7360
5,145.8,1
5,155.7,25
6,631.3,513
6,671.2,628
2,484.6,3847
6,796.9,578
3,292.5,498
7,350,32
3,425.1,1677
6,2966.2,12507
4,700.4,3930
10,1045.2,683
5,743,2531
5,220.7,106
6,396.7,224
7,3395.8,14631
2,149.6,424
4,6945.7,91937
5,1969.4,13134
2,332.4,5807
6,2045.8,7870
5,388.6,775
5,2449.8,16721
2,932.9,9259
2,999.1,9434
7,348.5,52
5,149,1
5,745.2,581
6,5457.2,55235
5,1213.9,4016
4,742.3,3655
5,944.6,3391
5,2155.2,9845
7,7929.2,71242
4,487.2,855
3,8765.7,222282
6,549,403
5,347.2,143
3,703.5,4491
3,4794,58791
5,796.8,2779
5,2202.6,17645
3,291.7,1932
6,1536.8,4509
2,38754.3,4634443
4,706.6,2328
3,1177.5,23191
2,1075.7,12138
4,240.9,109
4,202.5,36
4,8151,121376
4,2327.1,22295
5,15637.2,485638
5,543.8,2172
6,322.8,27
5,6771.4,82694
3,1535.4,7013
5,2902.6,26173
6,1224.8,1671
7,1106,992
4,2722.4,23154
4,13915.9,434024
5,236,100
6,372.6,196
4,238.2,162
4,182.8,52
4,459.6,603
3,822.6,7560
3,1029.6,4420
2,746.3,10042
4,1486.2,4468
4,573.3,1586
5,5635.2,50586
5,276.8,430
2,364.5,1407
5,2027.6,10105
2,2792.5,66256
5,255,355
10,141.5,4
3,1103.2,10630
3,5917.5,71494
2,40475.4,6155565
4,2254.6,14100
5,352.6,372
3,974,5461
6,514.8,487
8,379.2,1925
10,1338.7,197
9,481.5,23
6,361.4,290
5,171.3,16
3,867.7,2327
5,836.7,916
4,1152.9,2081
3,8451.7,396551
7,210.1,29
6,271.9,136
7,1460.4,2558
6,170.7,9
6,774,1941
2,429.4,8476
5,416.4,1010
7,479.4,211
4,1440.6,13617
3,388.3,1170
5,406.8,132
4,370.4,477
3,2146.2,37537
6,2440.7,14830
7,709.1,322
5,4310.3,35264
4,1127.2,5167
4,2913.6,17384
5,1107.5,1028
4,1348.5,5136
4,1458.8,4766
5,160.3,102
8,416.9,90
4,160,2
6,2237.8,6860
3,173.3,235
3,658.6,3906
4,263.3,392
8,526.4,53
7,1352.4,2512
4,11151.9,369103
5,373,704
3,323.9,262
4,606.8,927
3,1209.1,6664
8,1228.1,1142
4,1519.4,7052
5,1849.1,16502
5,220.7,259
4,1392.3,7851
3,466.2,7257
6,844.2,439
2,155.1,869
5,553.5,1270
5,850,2930
3,2522.8,42551
2,3450.4,80942
5,191.2,15
3,131.9,2
4,1782,12435
3,426,756
2,1242.5,9572
3,232.7,154
3,2028.6,20543
9,562.7,301
3,540.2,2215
3,910.6,2309
5,3284.9,18597
4,6745,83825
6,488.4,847
4,1534,7546
3,184,58
4,927.3,3227
2,214.1,605
3,317.8,1626
7,941.5,441
2,378.1,2764
4,4345,35352
5,415.4,1099
5,1439.8,7478
9,821.3,854
2,453.1,3887
5,1530.5,10333
6,243.6,119
5,296.1,84
2,8746.5,523470
6,4755,31646
3,1727,12443
3,2426.1,25549
5,1018.8,1265
2,795.3,20156
3,746.5,2747
5,184.9,10
2,202.8,613
2,526.7,6318
6,524.1,369
2,480.9,6062
4,291.2,112
6,562.1,364
2,1397.6,17290
6,1805.6,5436
3,5508.8,111657
2,1954.8,21569
3,841.6,5441
6,243.1,37
3,4126.7,57696
3,293.4,1152
2,141.8,23
7,1093.5,937
2,135.1,55
5,439.3,639
3,1448.7,11049
4,854.8,978
6,600.1,457
3,3487.5,74900
4,1887.4,21410
2,1009.4,18983
3,832.7,10142
6,164.2,47
3,240.6,152
4,347.4,702
2,293.8,1182
5,371.9,104
5,3053.1,20910
6,319.8,75
3,1154.5,20997
5,2219.8,10453
4,354.4,631
4,4199.2,51513
3,3252.7,44016
5,392.9,154
2,160.3,348
3,229.6,467
4,334.2,375
7,4989.3,20140
2,647.3,14029
2,199.7,1903
4,4838.8,47560
4,1721.5,11236
5,187.2,11
4,1135.7,8614
6,134.6,1
3,509.3,2004
5,2344.1,30088
3,2401.9,12991
3,642.8,2452
4,484.4,350
5,293.8,88
6,646.6,377
4,198.7,104
2,540.8,1960
4,1811.2,7218
2,1915.5,22649
3,203.7,163
3,296.8,777
4,274.7,111
5,1310.7,3274
5,2899.7,15543
3,655.9,3087
5,5290.1,63129
3,151.9,16
3,2107.9,16259
9,1040.3,1025
5,741.4,3275
4,1565.1,5257
6,1001.2,2015
2,466.1,4569
5,4875.2,42056
3,1134.1,8445
4,1016.5,5297
9,1079.8,1772
3,664.6,1756
3,1213,5324
6,812.6,645
4,265.9,233
4,2072.2,30228
5,1991,8820
2,221.2,542
2,1379.5,14134
5,1011.2,15726
6,611.7,489
8,2505.8,8803
3,1151,20506
7,3090.4,10110
5,3828.4,25928
3,361.6,1973
3,1278.8,11582
3,190.8,125
4,2392.2,23204
8,876.8,762
5,1615.4,5822
2,1232.8,30236
2,541.6,3154
4,278,229
6,1393.1,2259
3,210,250
3,508.3,3906
3,3794.3,47039
4,1742.1,8367
6,275.1,24
5,2951.9,17870
5,6486.4,61264
2,773.2,6078
4,675.2,1362
3,239.2,118
4,177,185
3,141.2,52
5,4955.9,148073
6,500.2,611
6,2155.2,6769
7,184.1,15
6,850.4,814
6,246.9,5
6,1417.8,4965
3,912.7,5831
4,1391.3,9969
3,2716.1,47031
3,346,2972
9,2043.6,1956
5,22070,901460
7,467.5,177
5,962,3917
2,3152.3,58777
5,454.8,242
9,524.9,416
3,305.3,715
11,4220.8,4918
6,207.7,129
5,235.6,241
6,1247.5,3041
2,563.8,13464
5,435.6,495
6,352.1,900
5,3724.4,32581
6,1073.1,1233
5,2289.4,12174
5,572.1,1650
2,161.1,83
4,2728.9,17681
4,1528.9,29665
4,659.2,1692
5,546.7,748
3,165.6,237
5,596.9,549
4,219.7,47
5,230.3,8
3,1273.1,12057
3,252.3,412
4,3338.3,28610
6,203.6,12
4,673.1,777
5,1180.9,4388
2,611.9,11458
5,1342.5,10341
2,8026.9,235749
3,244,144
4,498.5,1551
5,300.3,30
4,1449.6,5120
3,367.3,719
3,2499.5,34321
4,193.4,58
4,653.4,3392
4,2019.9,19829
6,889.2,1058
6,504.4,381
3,599,6591
4,311.3,255
7,507.3,153
5,182.9,26
4,5362.7,59396
4,181.5,96
9,4531.7,9024
3,5274.3,95981
7,737.3,78
6,514.2,968
4,345,362
3,478.5,2840
5,7173.1,74680
3,4186.9,47789
4,2940.3,24384
5,251,90
5,581.7,669
4,2249.4,16189
4,507.4,481
4,690.6,637
7,1085.2,861
2,585.2,8111
5,371.9,287
6,356,87
5,265.5,194
2,175.4,542
3,1058.6,5597
11,1184.1,483
4,437.6,637
9,1481.4,1329
4,427.1,154
3,1675.4,15424
4,4096.8,46918
6,390.9,247
4,869.3,4967
4,1833.4,11252
5,3025.3,14273
11,531.2,14
6,682.7,1396
3,221.2,458
4,764.1,1629
7,936.5,681
7,434.8,705
3,1243.3,4790
9,778.2,234
5,157.6,38
5,590.8,880
4,3078.4,38624
5,4560,34413
3,221.2,251
2,3779.4,133440
5,626.4,1716
4,390.4,90
5,325.5,379
5,774.3,2507
5,5095.4,48303
4,2316.9,15840
6,1219.7,2683
3,439.7,3361
7,3712.8,61801
7,210.9,47
3,928.2,3649
4,594.6,3291
7,955.3,554
7,1099.3,1372
5,1472,6920
2,673.9,5876
5,2366.6,11775
4,7128,291488
6,2154,6644
3,793.6,1974
5,600.7,1381
6,427.1,365
3,3671,64391
6,1259.8,3739
9,252.1,77
2,12037.5,859148
7,651,1522
4,623.6,1540
6,523.3,1630
5,257.5,355
6,274.9,24
5,667.1,778
3,10545,437508
5,497.1,310
6,783,678
6,653.7,2052
3,2416.7,30563
7,2294.8,12792
7,1135.5,980
3,2921.3,54520
7,347.8,284
5,1727.1,6960
4,1661.7,11319
6,596.7,591
5,403,103
3,553.5,1774
6,1905.4,4309
5,553.8,1226
4,219.9,306
4,2408.4,20049
13,587.8,100
3,666.3,5206
5,992.3,5049
4,198.7,127
3,379.6,959
5,446.7,152
7,245,6
2,243.3,1564
6,419.8,295
5,924.3,1133
6,642.7,691
7,247.9,71
2,530.1,8640
5,150.8,10
3,617.8,3630
3,2879.1,131723
6,458.1,243
5,2283.7,12595
6,809.7,3606
6,588.1,376
4,460.1,5161
5,233.8,213
5,2309.3,14882
3,1022,4411
6,713.9,1061
6,177.3,18
3,2626.4,33381
4,2902.4,21749
5,825,1505
5,2061,11747
6,1332.1,2422
3,352.1,2331
2,2851.3,31569
5,640.4,1138
5,266,131
6,5821.2,166801
5,752.1,1942
6,1295.9,2088
4,2048.4,11955
5,3697.9,30270
3,2705.1,33595
6,149.3,3
5,1143.4,2674
6,147.1,34
3,429.2,3403
3,6629.9,116447
2,1372,31618
2,6702.7,264450
5,4111.6,27271
8,678.4,512
4,1415.7,6641
7,274.5,29
6,476.7,162
2,3727.3,58539
5,212.4,80
3,246.4,619
5,693.2,562
6,433.5,540
4,3503.1,33933
6,404.1,466
4,393,2522
6,934.6,1173
6,310.9,957
5,166.3,19
2,1386.3,13950
7,247.8,47
5,500.9,427
3,782.3,3599
6,399.5,56
2,2081.5,32746
4,776.1,3541
5,1615.7,5567
4,263,446
7,588.3,559
6,502.1,336
3,1796.1,27704
6,678.4,2029
6,2355.8,5723
4,1792.2,18166
3,1957.2,22776
4,700.9,1840
4,739.7,3181
2,315.6,2849
5,884.8,1715
4,200.1,38
4,5517,54734
3,1978.5,20673
3,314,1113
3,2688.3,25281
3,9440.4,334383
4,8978.4,353836
2,655.9,15377
3,263.2,151
3,3033.1,42097
4,2395,16775
5,6318.6,73009
5,394.4,4099
5,314.4,106
3,175.8,66
3,638.1,3682
6,2811.3,8611
2,3733.8,66549
5,1051.3,1914
7,3917.3,17181
5,827.6,1694
3,4547,59568
3,828.2,4293
4,829.6,2703
2,138.6,397
5,2655.3,14530
5,753.3,1570
5,240.4,94
2,346.1,8744
5,320.5,80
5,3031.7,20619
3,553.9,1466
2,243.4,680
3,362.6,1036
5,2343.7,12696
5,5927.9,112185
2,257.2,730
5,219.8,12
5,277,679
6,319.3,367
5,386.4,8998
4,234.5,99
7,288.1,126
9,5489.4,17850
3,1948.4,16932
4,1525.3,8696
5,1463.8,6191
3,1100.1,14087
5,1179.3,2867
5,551.2,1112
3,176.8,737
5,373.8,41
6,3408.8,20613
2,538,11610
5,3453,25413
3,853.8,2746
8,1174.8,1100
4,623.5,3260
4,1384.2,7653
5,3400.7,23797
10,247.1,9
5,7053,70995
5,1409.3,3174
4,2281.9,15900
7,1019,1193
6,1810.2,8509
3,213.7,172
7,736.6,379
5,276.3,75
5,152.8,160
5,1700.7,13657
6,499.2,398
5,919.1,4590
4,699.9,2882
6,1709.3,4055
2,566.6,6970
3,223.7,229
3,2553.3,50211
4,297.2,1533
2,2323.7,55717
3,560.1,4510
9,252.5,81
3,493.8,4122
4,1535.6,5124
6,1012.5,1232
5,2187.9,11586
7,279.7,35
6,2069,7823
6,606.4,3004
4,245.4,192
10,630.4,199
3,1822.9,31847
6,772.5,2976
4,5929.8,96214
5,462.5,1406
3,2029.6,22563
2,344.3,2095
4,206.8,40
5,2057.1,7723
6,386.2,162
5,7093.9,54494
5,1668.5,1036
5,1426.6,4474
3,491.7,870
4,2503.1,13346
4,6097.9,113761
5,529.9,360
4,480.9,581
3,429.5,2158
5,2218.6,15483
4,2787.7,17838
5,608.7,1491
6,542.3,471
4,218.4,91
6,752.2,1564
2,2111.9,67203
2,324.2,1282
3,1410.4,9669
5,558.4,1509
3,797,2866
4,2090.8,32717
3,2371.3,24598
7,191.9,62
7,500.3,80
6,198.6,4
3,322.7,213
4,2235.9,45783
4,3156.8,30663
3,271.8,1416
4,1205.1,7585
7,2034.1,3704
4,328.4,1092
6,370.9,80
4,1310.2,5408
3,1267.6,7818
5,1735.1,9274
8,3861.5,10254
4,454.3,923
3,5684.6,193274
2,908.9,12884
3,4791.4,118006
5,1236.1,3537
5,2589,14452
3,650.1,4315
7,314.8,47
2,2717.4,75674
3,162.6,187
6,157.4,35
5,6640,86916
3,393.9,1296
4,743,1239
3,377.5,762
10,560.9,221
10,740.8,258
5,300.3,459
4,215.5,3757
2,128.2,34
2,1570.3,27274
4,441.6,303
3,229.2,384
2,8758.5,328569
4,185.6,457
5,179.2,4
2,237.6,718
7,2295.9,7518
5,1060.4,4337
9,2508.8,5093
6,231.9,14
5,231,126
7,673,807
7,734.4,510
7,1795.7,2937
5,1794.5,8491
5,3529.7,29992
3,599.5,1437
3,236.2,165
6,798.8,818
3,1854,27482
5,302.2,80
6,1024,2391
6,346.1,327
4,305.1,577
5,1759.2,7112
3,11360.7,387264
2,3331.4,170817
4,1231.3,7559
7,1595.6,5447
3,279.4,6654
2,337.4,6511
6,1358.7,4763
3,12369.3,644331
6,837,433
4,14143,752664
6,907.8,1565
5,192.2,123
4,1073.7,3512
5,523.6,1428
2,3242.5,90774
3,211.2,254
4,807,1422
5,2580.2,23793
3,910.3,17069
4,3796.2,135518
6,566,1646
5,489.8,2811
5,3418.8,23254
6,584.1,94
2,356.5,3448
3,4714.7,71548
5,529.1,499
5,167.4,26
4,1052.4,26160
5,220.9,44
3,1026.9,6324
5,637.6,2191
6,537.5,151
5,693.3,1247
6,1343.7,5532
5,923.8,2018
8,230.9,106
2,663,5052
2,2016.2,25509
2,1504.9,43991
7,347.9,122
5,1207.7,12235
3,389.6,500
2,5231.8,294734
3,469.6,1580
3,15299.7,1124599
5,5438.4,69202
3,1287,10376
5,839.8,3345
8,291.5,129
6,4430.1,34891
5,1808.9,17238
3,1045,4088
2,1125.6,40857
6,398.1,56
8,447.8,65
3,3746,142588
2,264.9,2516
2,1732.2,22960
4,557.5,1094
6,378.3,278
8,321.3,101
3,577.4,3666
4,9496.9,153177
3,1356.2,17119
4,863.5,2432
5,1958.8,8835
3,670.8,3407
6,2490.9,6522
5,993.2,2534
4,541.2,405
2,579.2,3182
3,758.8,2851
3,355.9,777
6,1599.3,6687
3,683.8,2212
2,1392.6,22412
2,521,3967
4,2891.3,32499
4,241.6,263
3,268.9,857
4,11562.6,438577
2,2184.9,27810
2,1163,12406
4,1273.7,8891
3,1236.5,14469
6,519.3,562
3,740.1,1116
3,312.8,477
3,896.7,6567
4,477.6,1017
2,257.3,1985
3,789.8,2667
5,1112.2,3496
6,1436.8,3049
6,1607.9,5115
5,591.4,504
2,337.9,3452
5,757.5,4686
4,1004,4219
6,2458.8,8802
3,319.2,698
8,5216.2,25458
6,3623.2,20320
9,1637.5,2856
4,1083.8,4975
5,236.3,220
5,275.4,402
3,1747.6,17972
7,1014.4,2220
6,415,112
2,1035.1,16660
5,1736,2857
3,416.9,1600
7,759.8,1060
4,922.9,5291
5,326.9,35
5,650.4,520
7,250.6,53
4,246.3,1343
3,1413.1,10789
3,252.7,241
2,180.3,388
5,442.1,817
2,1215.1,16521
3,2809.7,24783
4,1005.7,5318
3,467.3,1612
4,727.9,1313
4,2577.5,20933
4,2700.9,23449
6,1683,4233
3,329,216
4,678.4,2947
5,940.1,5278
3,1077.6,4613
4,1959.4,61759
4,2071.1,11277
5,831.4,2042
4,1003.6,4680
9,223.9,4
4,858.7,3031
6,330.6,240
3,247,465
5,228.2,44
2,1153.1,11176
8,1111.7,1417
2,990.4,14949
4,1821,8823
5,2292.1,13129
3,1295.3,11111
7,287.4,10
7,395.8,268
3,206.9,303
5,380.4,222
4,171.7,2
4,434.4,2685
3,266,1010
3,2226.8,22799
3,648.4,2851
4,630.9,600
6,178.9,26
5,5205.4,67946
4,231.5,1184
4,499,1672
4,6563.7,78914
5,320.3,402
3,3749.4,56652
4,534.2,1526
7,468.9,104
6,268,121
6,725.1,913
5,164,92
4,965.7,4901
4,258.3,128
4,778.3,3116
2,241.5,1817
5,198.3,38
2,1454.2,23776
3,480,2696
5,263,313
4,232.8,148
5,5276.3,48731
8,3978.4,14051
2,131.3,79
3,217.2,45
6,429.5,104
2,1170.3,14151
5,298.1,86
2,16674.6,846693
4,1763,31644
4,916.5,1769
4,3341.1,36010
3,142.6,9
4,125.9,12
2,351.6,1701
3,342.1,1153
5,555.9,1882
3,14533.8,524752
3,3119,37857
2,2538.7,118131
2,1704.1,27725
3,2281.9,33350
5,732.6,1340
7,275.1,34
3,275.2,476
3,3474.2,67592
6,739.6,1794
4,575.3,1750
6,2380.1,9421
2,309.1,2906
7,430.6,181
4,1000.9,3435
5,270.5,39
3,936.7,20290
4,894.7,6146
6,501,534
5,884.3,3197
3,654.8,1657
6,2525,10718
2,191.7,591
7,876.9,1031
4,602.1,832
4,705,971
4,1066.8,2419
10,201.8,9
2,238.7,775
4,1527.5,4649
6,437.7,2047
2,178.4,517
6,1792.4,8610
4,534,1676
5,1317.4,2838
4,1462.7,6655
3,16764.7,659841
4,245.5,300
4,2556,16235
5,1833.9,9839
3,782.1,2628
5,295.3,356
4,402.2,1818
5,281.3,161
3,140.7,92
2,545.3,3229
5,579.5,620
4,1548.7,7743
4,5160.5,236688
2,582.9,10019
4,376.7,1045
3,151.2,85
4,747.6,1627
5,150.7,25
3,713.6,3352
2,1256.9,15830
3,30933.6,2531461
4,3111.1,50185
6,458.6,372
6,4151.5,27103
5,2203.7,9482
5,372,872
3,4342.8,72751
3,347.2,1701
3,336.6,1419
6,169.9,1
4,518.5,587
3,1456,10882
6,703,649
5,175.2,14
5,896.4,3255
3,248.2,568
4,3605.3,57741
4,510.4,1096
4,1821.5,17264
2,344.2,3142
5,857.9,1400
7,680.8,644
6,260.2,73
6,732,3171
3,216.3,398
3,4453.4,183283
4,5952.1,93759
6,270.3,39
6,261.3,129
6,371,1036
6,175.3,67
2,1674.5,24141
5,165.2,20
4,292.3,182
4,540.5,548
7,935,748
3,1252.8,11081
2,3935.2,99042
3,810.3,11255
8,1475.9,2422
4,911.3,1445
8,159.6,61
5,337.3,106
2,298.5,544
3,2401.4,15278
2,2422.7,47233
3,234,95
3,413.5,541
4,1180.6,7092
3,2233.2,22850
4,302.5,930
2,812.4,8823
5,700.9,742
7,539,1420
4,7849.6,162623
2,384.4,3224
6,3699.4,24898
2,1437.4,23651
4,332.5,379
3,1852.7,9604
3,1048.8,17648
2,1364.6,14881
5,652.8,1730
2,1232.8,15141
3,2845.6,50400
2,166,126
3,947.1,7590
9,267.8,41
3,940,4051
4,475.7,1599
5,338.6,210
6,1158.5,2329
6,1499.9,2633
4,1093.9,6541
7,313.1,75
7,181.9,40
5,948.7,8429
5,1130.8,5625
3,1966.5,22313
3,1784.2,20985
2,309,3011
8,1692.2,2516
6,479.8,485
6,5091.7,38202
3,2276.1,19659
4,839.2,4402
6,413.3,334
5,1634.2,7410
4,942.4,4734
4,8037.9,106265
6,378.2,107
6,269.6,59
4,1091.2,2094
5,417.8,256
4,1190.5,3755
7,1904.3,12162
3,215.9,260
5,560.6,247
5,3149.4,16866
3,350.4,3538
4,3488.2,26590
3,517.5,1140
4,255,330
2,8406.2,567590
3,950.9,14940
5,986.7,1545
7,512,105
4,1970.3,16062
2,2545.3,46920
4,1363.7,3589
5,942.4,4049
6,4582.4,41265
6,215.5,30
3,1046.8,4449
4,601.5,7293
3,2859.1,26439
2,1195.3,12201
5,184.7,21
6,1724.5,4584
5,3057,15829
6,1806.3,6242
8,852.7,671
7,258.1,3
5,907.3,1930
4,318.2,149
5,476.5,512
4,693.2,1324
6,870.2,1473
5,7273.6,96242
3,162.6,566
2,6526.2,446134
5,1019.7,1573
10,617.1,144
4,189.8,178
4,613.2,905
6,1742.7,3852
7,896.3,1538
3,896.3,7118
6,191.8,63
3,3470.4,49867
4,205.6,130
5,861.8,5187
2,251.8,1946
3,1449.8,7813
2,3130.5,62623
3,1996.6,50113
2,1164,31416
3,360.5,1564
7,2926.5,11723
6,382.3,2467
5,1445.9,4767
8,4434.4,12896
2,416.4,1504
3,3648.2,103298
5,7983.7,122522
6,1884.9,4354
3,450.7,494
3,2294.8,21543
3,187.2,476
5,2774.9,15717
3,378.6,1511
5,1714.2,7293
3,275,768
8,166.7,0
3,650.9,2097
4,488.5,1713
5,871.7,1410
6,1048.7,1222
2,172,103
3,772.1,4650
2,275.5,1916
4,142.2,1
5,760.8,905
2,710.1,4426
5,439.3,73
6,4801.6,29944
3,950.5,6502
5,289.7,451
4,1623.6,13058
2,662.9,19590
2,5123.9,127107
5,1486.9,3654
3,948.2,6107
6,393.6,469
6,383.3,102
4,1120.9,6898
5,1513.5,4444
2,1972.8,26026
5,1486.7,4391
6,1696.7,6553
5,282.5,245
4,2491.7,16121
4,1055.2,3868
3,6111.7,127851
3,1621.9,10337
5,1220.5,3677
5,548.4,1723
3,291.3,362
2,917.6,8641
8,1234.3,2475
4,3678.6,46433
4,474,3100
5,871.4,2835
5,3732.4,46750
9,2601.6,2988
5,688.3,1930
8,1108.5,755
3,5846,102967
4,1018.9,3032
2,875.2,15846
4,507.7,2643
4,201.8,126
3,1096.4,6782
6,819.2,728
5,974.7,952
3,336.3,428
3,1559.9,13926
6,2223.7,5421
4,649.2,3976
3,467,1702
5,447.8,1900
5,1041.8,2775
2,2308.4,28910
5,455,1075
4,1135.5,5518
4,2362.9,16424
4,311.4,249
3,853.1,2516
3,1914.1,17011
6,825.5,1161
4,384.4,311
5,7815.5,100087
3,1151.3,6982
3,470.7,1482
3,1504.5,11290
4,411.1,680
7,301.3,85
6,3947.7,19751
6,2823.8,15360
5,1714.9,55219
5,2181.3,10784
3,289.4,257
4,378.6,158
5,1598.4,5942
2,1137.9,19386
2,515.6,4373
2,128.8,2232
4,349.8,483
6,921.7,2274
3,1019.2,4374
8,252.9,49
3,577.4,4233
3,1136.6,5599
5,611.3,910
5,360.6,861
6,1452.9,2772
4,924.6,4766
7,1663,3999
2,2078.7,124205
6,853.7,212
2,12254.5,395804
7,136.7,0
5,403.2,252
2,1082.2,16064
4,286.1,118
3,2182.2,16246
4,663.2,1497
2,2200.5,82755
2,175.4,907
4,2510.4,23353
4,764.6,3091
3,356.6,1988
6,608.2,311
7,480,339
4,1171.5,8299
2,168.3,1109
3,864,9051
5,431.6,486
3,265.4,258
3,417.6,425
9,244.6,0
7,1560.7,3980
5,912,2432
4,4498.8,40570
4,1558.1,13655
3,169.9,122
5,889.1,2470
5,2041.3,11952
4,1796,9909
5,1442.1,4957
2,8854.4,436391
3,1036.3,5866
4,286.6,129
3,1016.6,12433
4,709.9,2584
4,1298.9,5694
4,355.4,1996
4,1404.1,9621
5,242.8,41
5,141.2,0
4,360.5,524
2,137.9,176
2,219.4,297
5,2161,16128
3,3454.6,36715
5,551.4,537
3,1327.1,6720
7,1756.6,5942
3,428.7,1012
4,368.6,549
5,929.7,2869
6,1090.9,6184
5,1633.8,6347
5,964,1991
6,3458.4,14438
3,474.3,743
4,1205.2,9452
5,416.6,233
3,292.8,372
3,1200.2,10193
3,347.7,854
4,454.2,878
4,6578.4,99174
5,828.7,720
7,245.5,79
6,302.3,261
2,391.8,3575
3,2292.3,34760
2,11379.2,568523
3,1387.5,9303
3,1936.1,14355
4,477.5,917
5,1975.6,5557
5,1639.7,3111
5,239.2,1553
3,306.1,598
3,2442.7,32363
5,3524,30652
2,718.3,6149
5,629.4,1499
6,266.6,58
2,2333.9,46530
4,4179.3,64881
6,1404.7,2828
6,983.7,3359
3,192.1,2720
7,947.8,752
4,829.4,2169
8,367.4,92
6,306.8,39
3,1389.7,6697
11,182.1,2
2,2057.8,38967
8,1513,4306
3,1098.8,6722
6,950.4,1435
3,331.6,1053
3,152.9,16
4,919.9,1939
6,815.2,808
2,689.2,5420
2,2587.1,76099
6,257.2,79
6,2810.1,15046
5,780.8,1520
3,826,9339
2,2169.4,40872
3,6122.4,214395
5,1920.8,4627
5,863.3,1678
6,1462.3,3552
5,654.5,1095
3,11592.5,543092
6,498.1,1578
3,401,362
5,2783.4,18228
7,1113.5,1449
3,1184.9,12883
6,771.4,860
5,204,305
6,4116.5,24457
3,454.4,3661
4,601.6,3161
2,192.9,1342
5,327.5,639
4,330.9,799
5,1429.7,2841
6,341.6,210
2,286.8,1741
7,471,395
4,285.3,859
6,196.3,45
3,1082.4,9512
3,625.1,2402
4,10046.6,405301
3,3063.4,39135
4,4290.5,46762
7,2025,6755
4,2289.2,68124
3,364.4,1941
5,609,621
3,444.9,1555
5,3448.5,28600
5,554.6,722
4,1093.2,10388
7,255,14
6,2690.5,11604
5,436.4,94
8,842.4,353
2,36065.4,3644511
5,540.7,1705
4,4074.7,45631
3,312.6,389
3,421,1521
3,392.1,670
5,926.1,1020
6,162.5,56
6,1434.4,2915
6,2140,7242
6,2163.8,9704
3,2941.5,41684
2,314.1,2235
4,202.7,92
4,1461.2,7228
4,844.6,1674
7,340.1,3357
7,1314.7,2332
6,1174.4,3947
6,301.4,110
5,197.6,68
8,211.8,19
2,855.8,16942
6,296.5,807
4,1337.5,6671
4,569.2,1251
5,1373.4,3724
7,1185,910
5,2158.5,10748
5,520.7,483
9,1107.9,1802
2,415.4,1369
3,495.5,3087
8,1157.1,902
6,858.2,931
3,376.6,11995
3,249.6,1177
5,372.3,46
6,578.1,763
4,1334.1,10282
2,1426.1,36072
5,238.3,107
10,1126.2,427
5,3687.7,26507
4,2000.2,16032
3,2409.7,17189
5,402.2,905
5,331.3,469
6,649.8,758
7,445.9,958
6,917.2,2542
6,350.4,124
5,4513.5,48722
3,221.6,628
3,995,5648
3,7379.8,164792
3,487.4,1305
4,278.3,2012
5,2841.6,22065
5,550,1108
5,6027.2,53446
4,1016.5,5327
3,133.5,13
4,244.2,60
3,2020.7,13341
7,171.4,15
3,874.4,2000
5,1802.3,6720
6,3930.6,26804
4,900.7,2058
6,281.4,5
3,939.7,8881
4,433.7,1977
3,1370.1,6939
5,2096.9,21187
4,1054.1,4117
3,2526.4,26694
3,1372.8,24605
6,269.4,44
2,2754.6,47352
5,3736.3,33191
3,455.1,882
4,304.3,2008
5,507.2,774
7,444.9,141
3,1087.5,7642
5,532.7,692
4,5486,70211
2,400.2,1963
5,226.1,20
6,313.4,148
3,455.2,1344
2,727.5,5786
5,238.8,147
7,117.2,6
4,851.1,2173
4,1205.5,6013
3,612,1096
6,2348.3,18680
4,827.3,2888
4,21306.5,639456
4,7905.7,144232
4,359.1,201
4,1337.5,4749
4,2452.9,18537
5,1644.6,10293
3,1054.6,12953
2,515.9,6996
4,2610.3,16879
4,1163.7,3764
4,334.5,189
4,5427.3,46004
4,478.8,622
2,1763.7,34080
5,383.5,812
7,317.5,22
5,702.2,353
4,869.5,1792
2,190.3,182
3,756,5149
5,1382.5,4557
3,142.5,78
6,257.4,28
5,248.4,273
10,890.7,735
2,205.7,413
3,1413.6,12454
4,188.5,68
2,264.5,1581
6,309,145
3,1418.1,11029
3,387.9,406
3,458.2,1274
6,1327.1,6485
6,758,2592
6,363.7,52
2,280.1,957
3,13758.4,511522
6,969.6,2517
3,3393.2,56287
5,4134.2,54488
6,4199.7,24349
10,213,9
4,160.6,62
5,262.4,48
6,198.5,184
6,2065.7,8108
3,315.6,3355
5,1098.1,2451
3,1119.3,14072
7,2404.3,11540
6,1490.3,6428
4,2374.6,26745
4,888.2,2647
2,955.4,8461
4,469.3,3163
4,1169.3,3651
5,2021.9,6493
4,330.3,137
2,170.8,130
5,733.7,2166
5,3654.7,26266
8,1892.9,2060
3,318.7,847
4,448,407
5,245.5,26
2,996.1,12236
4,347.9,1064
6,2214.4,6153
6,668.8,356
7,320.7,47
5,647.4,655
5,425.5,467
3,1192.7,9908
7,1347.7,898
6,664.2,375
5,3024.1,17681
6,172.2,163
3,428,1373
6,2238.7,10064
3,285.2,573
5,443.2,236
3,1498.1,13155
4,575.1,715
4,1056.1,7933
8,272,9
4,1590.7,8078
6,2000.3,9048
4,1505.4,9557
2,1887.6,45957
2,6587.5,162639
5,2506.3,38709
3,2971.9,43243
3,218.6,427
6,571.8,3010
3,3475.1,35868
5,411.9,1022
2,386.7,2433
2,2384.3,50585
3,256.7,890
2,19669.3,1398632
6,1342.9,3427
7,810.6,904
5,306.6,105
4,3068.7,29117
4,220.7,587
2,4935.1,124763
3,1695.2,13023
5,349,1030
3,434.4,860
2,178.4,863
7,1339.5,2653
5,3342.8,21789
3,1210.4,11983
6,318.8,72
2,2657.9,40454
2,1089,20057
4,532.1,1831
5,171.8,1
2,5577.9,113023
4,1031.8,6566
10,712,564
4,2629.1,24536
2,307.2,3021
5,3500.3,17809
3,638.3,3835
2,742.1,6445
3,297.6,776
6,475.4,364
5,700.8,384
5,1063.4,1536
2,1806.4,31734
4,621.3,4886
2,610.6,8372
3,413.1,1186
4,1482,24177
6,559.9,640
4,138.7,0
5,1880.4,29534
3,6810,319959
3,981.3,7506
5,218.5,4297
5,1156.4,5080
5,1566.6,6438
4,587.5,2151
7,131.3,9
4,232.3,12
3,2254.3,31583
5,343.1,165
3,322.7,883
4,376,191
2,6841.8,257733
3,5008.1,71028
6,945.4,1456
2,2540.4,56328
6,857.5,2073
5,1692.7,8954
3,995.7,4883
2,545.9,29942
3,4040.3,47366
3,331.9,2020
5,1617.5,5894
5,660.4,1836
6,453.5,265
3,14901.6,547060
4,453.4,372
5,1585.3,7420
3,222.3,199
5,1243.3,20832
3,489.8,2837
5,317.9,193
9,499,59
3,3395.4,69022
4,2903.3,24432
5,436,633
2,213.5,366
6,746.1,1701
3,1401,8586
5,572.7,1047
3,4966.4,81831
4,1206.5,14658
9,1163.3,177
4,976.6,5979
2,876.6,24806
2,182.6,1853
4,300.3,550
4,163.3,20
4,3389.3,28786
4,196.7,63
2,348.5,1752
3,1409.2,10353
6,172.1,1
2,741.9,9338
4,2531.6,21116
5,4403.7,42073
9,842.9,218
9,2465.2,4327
3,759.7,2526
3,3596.6,70572
3,899.5,5387
3,279.1,202
7,936.1,735
3,1932.9,20131
5,257.4,120
3,868.3,6712
4,448.5,439
5,2051.1,13257
5,565.7,398
5,661.1,704
3,227.1,233
5,4728.1,35087
9,1480.6,1873
4,1305,6106
4,1310.1,5578
5,458.9,695
5,263,598
2,6753.1,255453
2,1101.1,35487
4,1778.5,7700
2,163.5,119
5,394.2,1059
3,894,3652
3,165.3,20
6,891.4,808
3,1071.5,11632
5,2464.1,18257
7,383.3,281
6,2780.8,9224
2,449.6,1391
3,684.5,8687
5,253.7,48
5,954.1,2768
6,3894.6,24824
3,264,447
5,3284.8,47413
2,255.4,657
5,286.4,93
3,1453.2,9136
7,175.5,4
7,455,175
3,1561,7363
5,1175.9,2930
5,201,61
3,1006.3,12351
4,3355,32786
6,2249,7767
2,277.8,1666
5,379.6,354
3,12579.4,471099
4,4823,58687
3,1211.6,3673
6,2768,13770
3,504.7,3462
4,228.2,57
7,278.9,6
8,565.1,96
5,2168.1,9804
3,1621.9,12572
5,807.4,783
5,3148,15529
6,297.1,33
3,15217.6,688117
2,141.8,157
4,3815.5,40440
5,222.9,37
7,169.4,800
3,3871.4,75338
2,4439.7,104900
3,261.6,2330
4,273.1,394
7,691.7,1678
6,397,111
4,1382.3,5421
9,695.3,136
9,373.2,16
7,298.1,24
2,178.1,297
2,978.8,9041
3,1448.8,7133
3,725.8,2871
5,210.9,90
6,1225.2,947
7,1448.6,1307
4,207.1,100
6,618.3,172
8,419.1,245
4,960.5,2341
3,1436.4,9175
7,930.8,565
5,2821.3,20535
5,153.1,63
8,387.2,237
4,2747,28806
3,1929.2,19798
3,1043.6,5629
4,2514,18684
5,412,872
2,2393.9,59598
2,574.7,4605
3,456.3,1132
3,369.2,1118
4,336,713
5,1373.5,3388
3,1521.6,11423
3,315.9,553
3,1957.3,14376
2,23623.8,2865169
4,4497.2,57703
3,3227.1,38444
4,657,3318
8,213.7,18
4,477,1183
5,184.3,16
3,219.6,70
4,2139.3,82462
5,300.9,54
4,1821.7,9821
4,6592.4,99100
3,7548.1,288182
6,809.5,1226
5,336.7,361
4,169.1,77
4,6473.2,96469
5,5023.2,41515
2,2470.3,42801
7,413.1,327
4,1216.4,3265
6,222.1,11
5,761.2,695
6,166.4,0
4,253.1,176
2,1455.1,23912
3,8470.4,227526
3,783.8,3751
2,250.3,1209
3,220.7,742
5,6080.3,69390
2,983.5,22302
5,932.8,3253
6,374.1,167
3,223.2,78
6,2168.5,8534
5,4659.6,45459
4,970.2,5092
3,489.6,4717
4,549.2,762
4,341.1,315
4,561.6,547
7,4408.6,27146
5,447.1,989
6,1167.9,3908
4,846.4,4459
5,3897.5,27484
5,675.2,264
3,977.6,4057
3,1943.2,17747
5,6976.9,73111
5,3539.5,47642
3,2920.4,33588
4,269.8,433
3,256.4,493
3,4232.5,58460
2,193.9,1207
4,1316.4,7223
5,1259.2,7985
7,361,65
2,264.3,504
2,23635.9,1561201
6,474.8,833
2,4026,116233
4,150.2,69
4,1065.8,4047
4,1583.4,7743
5,750,1507
4,147.8,13
8,1030.8,739
4,674.3,826
2,535.3,5906
4,2194.5,10253
6,349.9,61
10,151.3,9
2,7806.3,376346
6,1837.7,9808
3,191.2,394
3,1088.8,9666
2,592.3,11820
7,2151.2,5990
4,767.7,342
8,556.8,88
3,1753.7,22308
5,884.9,1456
6,2254.6,9321
6,205.9,48
2,255.3,1743
4,431.3,1790
5,620.3,1435
5,1491.4,4016
2,1851.9,66079
6,1540.6,8499
4,2093.4,12580
6,272.9,22
4,214.6,98
2,669.9,3854
6,1681.6,4311
5,456,555
5,2806.2,14596
2,1244.5,12854
9,446.8,13
6,3516.8,19498
5,4159.6,31395
2,1364.4,11056
3,847.3,3343
4,5715.5,62828
4,257.4,690
3,5063.6,88045
3,246.6,1277
2,907.5,7794
4,412.7,805
2,574.3,2113
3,312.3,202
6,801.8,2353
4,2597.6,17401
3,625.7,5025
5,779.9,3285
7,494.9,76
3,147.2,64
4,743.4,1527
7,358.5,48
5,507.2,2028
6,243.1,67
5,2140.6,12587
5,1101,1300
5,1870.8,10493
4,837.1,1041
5,1633,6011
4,1365.8,53452
8,1687.4,2611
5,1026,1793
2,2309.8,86649
4,1069.4,7244
5,2870.4,43936
9,1071.6,1577
3,1018.8,7417
5,155.2,80
3,1150.8,5520
5,478.6,3797
4,1280,3585
4,4543.5,43515
8,869.9,798
4,1282,4787
7,1079.2,2732
5,814.1,3013
4,1277.7,9888
5,487,601
4,385.9,3941
4,492,2018
4,240.5,936
6,417.3,2122
6,481.3,506
5,441,123
7,333.9,432
3,1619.1,18023
7,1235.6,3433
4,600.9,4811
8,428.2,75
4,2931.5,21253
3,441.9,2584
5,1864,10267
3,613.6,1029
4,371.7,327
6,983.8,3107
4,1519.3,8960
6,236.4,181
6,4087.8,25301
8,1560.7,4108
4,474.5,3645
3,5532,238760
4,403.3,1540
4,1384.6,11488
7,663.4,165
7,752.7,697
6,173.8,1
2,241.4,1153
4,395.3,305
5,2042.7,12176
6,3777.9,21893
6,233.2,75
5,1650.4,3850
4,1111,3584
12,1208.9,517
2,230.6,1001
6,491.4,160
5,858.8,1394
2,127,70
4,553,512
3,200.5,85
13,1250.4,224
6,3251.4,21160
4,1666.6,5139
6,167.4,175
4,242,186
5,552.4,740
7,289.1,160
3,6364.7,151389
5,232.3,95
2,1594.8,27252
6,1199.3,3654
11,2410.1,1698
3,856.6,7342
3,961.6,4889
5,2267,16708
7,2532.8,12684
2,939.9,6815
3,5965.3,90211
3,660.6,3710
6,555.3,1267
3,344.7,956
3,3442.1,40133
3,3045.5,39111
4,2130.9,15024
6,2301.1,11131
4,352.5,379
4,6321.8,84861
4,228.1,173
3,1342.9,13027
5,1862.8,9702
3,365.8,713
7,609.7,274
3,1227.1,8267
8,825.6,397
5,247.6,87
3,465.2,3134
4,177.9,13
5,1680.1,8161
6,1664.1,3232
4,2502.6,12666
7,779.7,1789
5,503.3,487
5,2111.2,6001
3,677.1,1544
3,387.6,496
4,342.2,741
4,12663.9,563081
4,430.1,880
4,2990.3,24534
5,542.1,422
2,208.4,212
6,1466.6,2788
4,309.6,122
6,895.2,3737
2,975.2,8549
6,744.9,7469
2,368.1,1435
3,1090,7456
5,983.1,4497
2,1472.3,24547
8,3918.8,16901
10,1759.7,1442
5,169.2,1
4,359.4,713
3,329.6,829
3,4671.6,72128
6,227.3,55
3,601.5,755
6,3336.8,13014
5,4892.1,33469
5,270.6,238
3,286.6,332
2,252.2,346
5,5877.3,58916
5,746,1111
3,367.1,1175
3,5029,127561
3,371.5,668
3,2567.7,24631
5,2873.4,18782
5,146.5,36
3,1298.6,6996
2,929.4,15770
3,425.1,2518
4,532.1,5172
6,440.5,271
3,1951,25073
5,607.6,1263
4,4824.8,68374
2,905.3,8628
5,310.3,335
3,462.4,1787
6,262,126
4,1257,11446
4,2324,17049
5,953.3,2484
2,206.5,383
6,430.8,88
3,3343.7,48331
2,280.8,119
6,1291.3,1991
2,192.7,669
6,362.3,160
6,325.2,82
2,1398.2,27732
3,394.2,620
2,3482.1,78248
3,4219.1,57962
4,1033.3,3179
4,334,614
4,1587.9,7467
4,1009.3,13168
5,759.4,2086
4,1412.8,8103
3,1254.7,50678
5,1207.5,6071
5,300.2,161
4,257.8,275
4,1521.2,9836
4,2224.3,19877
7,523.6,161
5,519.3,344
3,11319,239431
4,5396.7,82578
5,290.3,195
6,1853.3,8327
5,2005.9,6546
5,726.4,1767
5,947.7,3086
6,688.8,2331
3,511.2,2180
6,1313.7,4394
4,226.5,171
3,796.8,19003
2,1150,13449
5,3142.7,28433
6,185,4
3,2834,77677
4,167.8,9
5,1065.5,2507
3,266.5,447
4,3285,25344
7,214.3,58
7,189.5,2
2,1935.6,26550
6,755.1,2783
2,9711.1,467343
5,1073.8,2808
4,262.8,50
6,1305,3468
3,1338.4,13177
7,1486.8,1700
4,434.5,1017
5,1102.7,2494
8,1214,596
3,507.9,1193
5,321.3,360
2,13507.8,804431
5,4006.9,39882
4,616.3,712
3,474,3887
5,723.3,2014
4,4940.9,58251
3,1386.3,10801
5,356.5,604
2,272.9,1175
4,492.5,1380
3,270.4,325
6,1034.6,1509
2,13518,1595487
6,1603.2,5970
5,2255.8,12863
2,1147.8,27541
3,1065.7,7306
3,11611.1,728375
2,443.2,7565
4,124.9,0
5,1465.8,6510
2,4166,91677
6,3023.3,17667
3,817.1,5007
6,1201.1,1359
4,212.9,438
5,857.8,2407
6,2675.9,11201
2,375.9,2053
4,9971.1,358236
4,2236.5,15331
4,6668.8,94185
4,10944.4,369103
6,5042.1,31608
3,1276.7,22350
6,8301.8,86988
5,1192.7,2122
2,848.3,7952
7,151.8,0
5,962.2,2903
3,831.6,2543
4,1910.1,10575
5,8527.3,109211
5,12896.5,411100
4,429.5,3135
4,17233,772012
2,1231.2,37032
3,557.3,4088
5,3797.3,22439
4,2068.9,7748
3,4546.4,64807
3,757.5,9004
5,393.3,446
5,791.8,1907
8,2077.9,4142
3,114.3,2
2,503.9,2973
5,1602.5,8838
5,1897.8,10355
5,508.9,1024
5,1751.8,10144
4,505.7,916
2,13687.4,1065636
4,2605.3,17027
6,681.2,282
3,290.1,253
3,907.6,3306
3,316.5,1984
2,736.9,8086
7,4434.8,24732
3,4058.8,68459
4,8972.8,212003
3,6162.3,337555
3,683.7,2815
4,351.9,336
3,306.9,1281
4,380.7,943
3,1939.7,17574
5,284.5,80
3,1116.2,17496
6,903.5,1714
2,2549.3,67120
3,457.5,2202
5,769.2,1406
4,5157.5,57998
3,7161,273590
6,205.3,74
5,988.7,1461
5,642.9,1444
6,1576,4223
4,475.1,2094
3,529,6242
5,1053.2,2023
3,211.8,132
5,242.8,601
2,264.3,2417
4,255,834
7,529.2,151
4,396.1,1539
3,833.4,8988
6,535.6,812
5,819.3,1141
2,2685.3,80633
4,155.8,210
3,407.9,913
4,152.3,28
4,194.8,41
3,460,1844
3,1460.4,8256
5,155.1,0
5,749.6,3004
3,155.9,315
4,1115.4,4053
2,30815.6,2452383
6,297.9,99
2,2587.6,38485
4,446.3,813
6,977.2,2848
6,1101.1,1708
6,326.4,101
5,593.7,328
4,471.7,845
3,2467.7,70970
6,8947.5,88148
5,3943,29591
5,265.4,469
4,525.6,1341
6,5237.7,32019
5,633.1,421
5,312.1,5027
7,1958.3,7687
5,884.7,2241
5,1031,2504
7,1800.3,4201
3,1016.5,4594
5,304.6,176
5,849.1,2065
2,232.4,1450
2,200.7,612
6,1025.3,2087
5,669.6,1277
3,13953.1,951990
7,1972.4,7426
6,405.4,99
5,10020.9,142961
2,1908,29118
2,20917.2,977993
2,2423.6,126229
5,1209.6,3916
5,642.2,1806
4,172.3,102
5,1208.2,6013
6,2292,9934
3,461,548
4,6109,94528
4,2351,15236
2,281.3,1490
6,247.9,40
5,980.2,3442
6,197.4,100
6,2655.3,11486
4,2237.8,11879
3,408.4,1339
3,3095.1,31341
6,192.8,29
4,256.3,23
4,412.2,416
3,4354.6,161745
5,837.7,2014
2,2247.3,52641
4,838,2643
6,752.5,1018
5,230.6,109
5,212.1,31
3,1610.4,9749
4,131.5,121
4,317.3,919
2,257.4,455
3,2402.7,14868
3,631,2324
3,643.8,4675
5,2521.8,13737
3,3795.3,55026
6,210.2,11
5,3525.8,24831
3,3004.4,29384
5,2257.6,10147
2,328.1,2804
4,218.7,54
2,14977,1219151
5,561.7,825
2,3195.8,45370
4,530.1,777
5,677.6,372
6,1849,4813
5,966.4,2626
3,6011.3,104151
5,555.5,878
6,835.8,1066
2,1745.4,25607
3,314.5,1317
5,2750.7,13335
5,456.5,157
13,873.1,372
5,816.4,1564
4,1783.9,13061
5,1195.9,2995
2,327.2,1671
3,221,324
2,1979.4,32784
2,1445.7,25121
2,1534.7,17701
3,26067.3,2367464
6,958.2,2256
2,2324.3,32563
5,252.7,163
5,675.1,1230
5,16102.5,598423
3,1737.3,8162
4,3562.6,55790
5,2746,13288
3,5098.4,199182
2,1109.7,13485
7,320,22
8,357.4,168
5,417.4,108
3,305.1,527
7,1289.7,1978
5,141.7,0
5,627.1,1308
11,615.6,50
6,1555.4,6581
7,5438.6,28407
3,5883.5,105769
6,8537.9,89522
3,320.9,684
3,2480.8,20522
4,2103.8,24928
5,3876.5,27461
3,1939.8,17007
4,2171.8,11232
5,340.1,319
7,179.6,14
3,216.9,175
2,341.7,3905
4,259.8,335
3,146.4,835
7,332.7,27
4,1855.1,9693
6,2763,9853
4,729.7,18461
5,1375.9,3113
6,514.5,543
5,727.8,1469
5,219.8,350
8,460.5,151
4,199.1,72
3,464,3457
6,1590.4,5674
2,1469,76978
4,198.6,14
13,372.6,16
2,296.2,2863
2,1149.9,12704
5,964.3,1733
6,360.7,683
3,533.9,6783
4,2039.1,18233
7,2205.8,6732
2,285.6,1974
5,1158.3,2799
2,12402.4,432805
4,4810.6,57405
5,5035.5,45811
3,1135.8,5505
5,7049.3,262347
5,1316.3,3785
5,1331.2,4737
5,184.2,310
5,5533.5,49689
3,751.3,1416
3,499.6,2922
6,531.7,245
6,283.8,93
7,761.3,559
5,370.3,469
4,1129.5,2970
6,222.4,53
4,1372.2,4770
5,1230.7,4121
3,209.5,273
7,1163.3,2326
5,596.2,2143
3,9408.7,383947
4,858.8,2619
4,506.9,1363
4,312.5,197
6,477.2,55
3,334.1,750
6,439.6,2188
3,408.7,2264
4,403.1,4013
8,234.2,20
6,1002.4,880
2,1037.4,17147
5,903.2,2069
4,522.1,1396
4,554.5,4198
4,180.1,109
6,1707.3,6708
7,326,37
3,188.9,298
8,276.2,15
6,710.1,859
4,895.9,3611
4,4517,64161
3,2265.9,18490
3,361,575
5,2609.8,8589
5,1758.9,7343
5,218.2,243
6,264,45
3,5347.6,238217
9,1507.2,724
4,1154,2153
8,428.8,98
3,3922.9,119193
2,500.4,5851
5,1694.5,7661
5,656.2,899
4,1135.1,5657
5,177.5,10
3,2218.9,18716
4,611.4,3495
5,5750.4,56722
5,509.6,242
2,275.8,1361
2,732.1,9763
5,265.4,1585
3,4497.7,61111
3,341.5,373
3,561.8,1644
8,404.1,23
5,1435.1,6841
5,7074.1,79205
8,2034.4,7528
2,253.8,1343
5,2029.2,6623
3,220.7,756
3,176.7,88
2,1727.8,23425
3,213.3,243
5,2068,11139
8,435.6,15
4,4142.1,40375
5,174.8,20
7,362.5,37
2,814.6,12530
6,276.5,59
7,2070.5,8892
6,2183.3,7629
3,3108.2,34968
6,772.2,1316
6,1430.5,3532
4,442.5,363
5,345.3,494
5,7801.9,241623
6,1475.4,5723
2,676.9,7047
5,782.3,1038
4,5145,51408
4,2866.8,27489
3,250.3,304
4,171.8,371
2,1511.1,17664
6,541.3,1039
4,11057.5,440715
7,5425.2,36873
4,616.3,1286
3,916.5,6295
5,772.8,439
2,226.5,337
4,162.5,18
5,1422.4,7584
5,553,1716
7,2188.6,3128
5,1066.9,2225
8,2000.2,7256
4,5188,82804
6,776,1428
3,403.3,2143
3,2346.6,23584
4,2453.4,20839
4,370.3,372
2,2154.3,30033
6,972.2,1578
3,1517.7,5520
8,1810,4442
5,629.3,1157
5,2185.7,10875
3,597.3,3159
8,1712.7,18413
4,525,1283
4,579.3,1568
5,2625,22998
6,10990.1,122388
4,1060,4691
8,1322.1,1590
2,325.6,1955
3,390.1,244
3,1056.7,5955
3,15901.4,784218
5,169.5,26
7,234.7,12
8,281.5,75
6,1571.6,4751
4,3217.9,21422
6,404.8,315
6,784.5,435
5,1920.8,6800
5,262.1,27
3,17864,575815
3,3254.4,46883
2,764.2,3490
4,325.3,267
5,2043,8145
2,167.2,449
4,4280,61108
9,3083,4477
6,790.7,1219
5,484.8,1260
2,145.7,408
3,593.3,1300
2,1118.6,12724
5,1040.5,4710
2,2047.2,29438
6,952.4,995
2,144,31
3,282.1,443
6,150.3,11
7,637.3,133
6,15257.9,231255
2,275.1,683
5,187.4,64
4,186.7,55
3,1095.4,11266
5,996.4,5285
4,807.1,4068
3,1235.2,5189
4,1092.6,5549
2,142.2,199
4,1035.3,4217
6,1578.9,3586
2,304.5,3538
4,2663.2,14559
5,1815.8,8272
2,229.8,811
6,1907.4,9435
5,396.1,106
5,555.5,1312
3,2607.8,30634
5,2118.4,7180
4,574.2,2554
5,1370.5,2887
5,445.3,147
4,506.8,475
5,301.6,222
3,393.8,791
5,479.1,1600
4,2490.4,13007
10,377.2,0
6,232.7,545
5,369.3,148
8,327.5,124
6,667.3,271
2,1417.5,26740
7,322.9,58
5,1826.9,12788
4,842.3,2692
4,974.6,4862
4,1343.1,7997
4,891.4,1446
3,562.4,947
5,230.3,543
4,707.8,2948
6,1113.5,3838
2,349.2,1153
4,1282.7,5828
5,9086.1,139134
2,261.2,310
3,2777.2,24365
4,389.1,550
7,175.8,28
4,1887,12473
5,1571,7651
5,295.7,300
5,690.2,461
6,3400.3,18090
6,1127.7,1158
4,347.3,382
3,5890,173755
3,1143.1,7765
2,1585.6,18622
4,2082,17308
3,438.8,5281
4,1447.8,6961
3,6960.2,171224
5,876.3,6092
3,412.2,608
5,3094.8,17781
5,365.1,203
3,2452.3,24675
6,808.1,1716
6,690.2,352
6,445.7,128
3,298,730
10,164.9,5
5,4291.6,32194
3,2069.6,16859
3,5774.8,254495
2,1069.6,14468
3,770.5,4555
3,793.5,2102
6,1241,2787
4,1948.9,19840
8,954,440
5,1234.6,5188
3,349.9,867
5,1430.3,3642
5,296.2,751
5,750.7,890
5,265,36
6,750.8,2352
6,220.5,10
4,4454.6,137094
3,361,2349
2,1400.2,21338
4,1595.3,9529
4,313.2,845
3,925.8,7339
5,1548.4,8675
3,264.2,180
4,2210.6,76049
6,614.7,284
5,4137.2,43106
4,2428.4,24663
5,191.7,7
6,1557,3260
6,1405.3,2975
9,1154.3,1040
4,2951.9,52413
6,229.3,15
7,527.3,96
5,314.8,365
4,1053.7,6019
5,260.3,60
3,2099.9,20934
6,1015,3286
3,330.9,1818
4,2431.6,23935
5,789.5,1628
6,9062.4,225117
4,841.9,1565
2,532.2,6209
5,232.7,51
5,317.3,642
3,17044.4,938745
3,239.8,398
4,656.8,1508
4,492.7,668
6,1230.8,3319
2,526.6,4325
6,1425.2,3718
3,2644.5,33045
6,2698.5,12353
4,215.7,43
5,837.7,853
4,1098.1,2853
3,339.2,1624
4,2878.3,19769
5,2317.9,16605
6,1036.7,3824
3,8859.6,191792
7,638.9,296
3,249.7,3366
10,2291.5,6750
5,1745.6,6187
2,2570.5,49229
3,2029.9,12935
4,1149.7,7278
3,192.8,438
12,935.8,1282
7,4411.4,25012
5,1409.5,3622
2,5522,182926
4,2625.5,24413
3,2500.6,23975
4,1115.9,1783
6,596.8,381
5,196.7,30
4,693.5,1507
3,1875.5,12247
7,1349.3,1638
5,254.5,24
3,622.3,1581
4,288.3,771
3,524.7,1401
4,883.3,3919
6,846.3,1888
3,489.8,1296
4,1163.2,3797
9,266.6,16
4,295.1,41
6,529.2,543
5,746.7,701
6,441.6,160
5,448.4,942
5,1359.3,6886
6,399.1,112
2,5395.1,113373
5,565.3,618
4,6011.7,98310
3,630.9,5395
3,836.5,25604
2,4204.7,186730
6,2197.9,5931
9,417.9,397
3,1214.4,10325
2,429.9,2580
2,200.5,1444
3,8082.6,302863
2,317.5,1068
6,237,0
2,1625.7,19303
2,653.8,8233
6,351.9,330
3,231.1,255
3,292.2,1897
4,1221.7,6053
8,280.4,60
2,1130,8911
6,577.2,1664
2,446.5,2906
6,1502.6,6187
5,392.5,688
2,476.1,2129
2,391,1137
5,757.4,4339
5,385.6,367
10,196.8,0
8,2298.6,2945
4,3338.6,27274
3,3956,57452
5,629.6,588
3,1604.1,22765
7,431.5,570
6,516,427
3,425.9,4683
3,430,540
3,373.9,403
5,826.2,3262
7,279.2,37
2,383.1,1647
5,1595,6085
5,878.2,1404
5,4477.5,36851
6,1424,4371
3,256.9,653
3,1836.4,13003
2,1949.8,48768
3,3042.6,39650
4,969.9,5192
11,1780,1312
2,612.2,8689
2,14899.9,1243639
4,284.8,54
4,1419.8,12814
6,1151.5,2788
2,1241.3,19244
4,517.8,291
2,276.2,2349
5,380.7,57
5,394.3,419
4,490.5,879
3,2155.1,18960
6,2758.3,9335
3,400.5,874
2,1405.7,16044
5,4408.6,45953
3,348.2,681
2,2777.8,68894
4,2445.4,33059
7,319.7,14
6,1954.6,2804
3,284.1,551
3,579.7,3528
4,766.9,1308
4,425.3,412
4,1444.7,10070
3,2061.3,17556
5,428.9,59
7,295.7,51
4,1280.4,5817
3,972.2,7350
4,4285.6,60733
6,1592.9,9158
4,416.9,2226
4,501.6,698
6,3613.5,24552
3,635.1,2646
5,5302.9,62215
2,7302.1,226185
4,481.1,2723
2,1313.4,51543
4,173.2,46
3,450.3,2168
2,2473.4,33595
4,373.5,1823
3,3317.4,47617
6,216.8,26
2,2510.1,37442
3,1169.2,7676
3,226.5,183
2,250.9,1369
7,681.8,1275
5,977.8,1784
4,615.1,1712
2,6197.9,284512
6,412.9,130
4,1335.8,11002
7,540,563
5,1285,7342
5,163,48
8,3467.3,16649
3,8743.2,190040
4,543.5,307
6,876.6,9306
3,865.7,4833
5,286.6,394
3,2436.6,24827
3,1087.5,19953
5,249.3,70
5,993.2,2875
6,374.4,628
6,354.4,225
5,656.2,2225
2,249.4,1288
3,591.3,1615
4,2592.8,15003
5,656.5,2828
4,4488.3,160942
5,274.6,202
6,228.3,11
7,478.5,170
5,1518.5,3869
4,1451.8,9873
6,2986.8,10719
8,1362.5,1178
7,473.3,168
6,252.6,103
4,1173.5,5061
6,903.3,1385
2,369.5,7178
2,385.8,4467
4,7340.1,97125
3,628.1,5619
4,903.6,5258
2,767.3,15312
6,776.6,355
3,6580.1,114091
3,3636.5,47417
5,627.1,492
2,265.2,3593
6,1050.3,3185
4,2582.6,15265
6,204.9,5
12,5127.3,10025
7,588.7,269
4,1831.4,8280
5,1630.6,4896
5,3475.1,20902
6,584.3,1134
2,9411.3,293062
3,7776.1,327220
5,304,42
6,259,92
4,1877.8,9963
6,1868.3,3894
3,5548,131595
3,875.3,4666
6,4648.5,38548
2,587.3,2989
7,599.4,730
3,1123.9,14435
5,436.4,953
4,167,33
6,299.7,48
3,228.9,163
5,530.8,723
8,1199.4,971
5,1327.6,8254
2,193.3,582
5,884.6,1470
3,533.1,1316
4,230.5,62
3,224.6,362
2,1006.6,9179
4,2225.8,24790
3,3281.3,37811
2,819,33015
3,429.5,5524
6,697.1,432
2,229.9,1164
2,2869.4,62249
3,181.8,165
5,2188.8,10742
3,370.7,363
4,1360,15492
4,1711,6573
6,191.9,14
3,818.4,4301
7,257.3,34
2,415.4,2877
3,207.3,210
2,1482.9,24955
6,4979.1,29979
5,333,417
3,875.4,2163
2,1176.3,19956
5,139.5,2
5,612.5,422
5,309.2,77
7,1160.8,2152
4,903.5,6223
5,546.2,2113
5,1448.7,9002
6,448.4,446
3,575.9,5176
2,147.9,349
5,152.9,1
7,544.1,161
4,1863.7,14582
6,465.9,183
7,1198.3,1549
4,3615,41205
5,305.8,128
3,8212.4,409276
3,901.2,9089
4,253.8,727
2,303.7,4081
3,8631.7,409874
4,648.5,1855
3,457.1,4556
8,517.9,443
4,218.6,308
8,3061.8,7982
7,2392.6,6080
2,1518.2,22492
3,352.9,642
2,3172.8,64036
5,216.9,37
3,258.8,470
2,427.7,2621
6,238.4,164
6,160.1,5
2,5124.3,104150
3,242.3,290
3,613.9,2063
3,200.5,107
4,195.2,303
14,865.7,361
3,7944.5,388065
3,1918.6,20667
2,612.4,5983
6,924.8,2357
2,2346.3,48825
4,170.3,59
3,2112.9,24344
3,1175.8,7870
3,1126.7,14878
3,1268.9,9598
4,222.1,57
5,498.4,193
4,2353.2,9057
2,321.2,1770
4,367.5,137
4,1805,23529
3,274.6,794
6,205.1,33
3,1666.5,13931
4,198,86
3,927.9,7795
5,4694.9,36005
4,259.8,92
3,245.1,678
3,1919.4,32186
3,214.6,138
8,548.9,60
4,911,4610
8,484.2,965
2,8880.4,243000
2,4595,164872
7,373.9,82
5,864.1,1778
5,2326.1,12323
2,369.3,2485
4,862.8,4569
4,2107.3,7788
4,282.8,183
5,163.1,12
8,1269.2,1297
3,1250.4,20759
6,443.6,241
3,250.9,190
9,5977.2,18991
5,294.6,145
5,4690.2,44964
3,837.6,3526
2,410.1,1735
3,931.9,5534
4,2652.8,26444
6,2120.1,7207
5,1983.4,16712
5,428.2,1085
5,1851.2,32068
2,15419.1,604574
6,1043,973
3,190.1,313
2,593.6,4105
4,450.5,1879
5,621.2,1305
5,857.9,2512
8,412.1,39
4,2251.6,13219
4,3710.8,36098
6,2073.5,10782
4,1209.7,3698
6,589,1436
2,508.1,6395
4,530.4,2027
3,2473.4,33009
2,873.2,6313
5,408.2,1084
4,329.4,853
2,826.5,19176
4,848.7,1996
3,1887,17501
5,331.3,229
4,4358,64583
5,732.9,994
9,333.4,268
5,1343.8,3883
9,202.8,0
4,453.3,1821
2,2048.2,27213
5,364.9,679
2,942.9,7562
3,1188.9,13381
4,2948.9,22422
4,525.8,922
6,2109.4,4407
6,709.1,633
4,740,3028
6,404.2,127
7,152.2,3
3,4916.6,200173
5,1286.9,2237
7,3862.7,11875
5,1987,7062
2,4599.6,194711
3,6270.8,150483
4,350.5,1072
3,225.6,1500
3,186.9,136
4,403.1,309
5,2150.4,9900
4,775.7,910
8,611.8,1204
3,2266.7,25466
5,420.3,229
3,738.2,8669
4,4450.9,46142
5,22574.6,998076
2,427.9,2792
3,696.2,2173
4,473,1802
6,655.1,1227
5,1528.4,5088
3,252.1,538
4,1234.4,6065
6,216.6,70
2,238.5,917
6,200.1,66
3,893.9,3484
3,2309.8,19301
2,989,13399
4,725,1173
4,1751.5,11372
2,12295.8,374044
3,1624.7,11931
5,690,1394
5,1570.5,4424
8,1957.5,4996
9,3185.8,4264
5,2544.2,11544
6,602.7,387
3,1129.9,4858
3,343.1,381
5,187.3,28
5,1884.3,11385
4,412.8,940
4,795.5,1980
8,477.7,96
7,3523.1,19029
3,467.9,4136
4,508,300
6,737.1,1555
5,372.9,111
5,1597.8,6184
6,1041.7,1407
4,236.6,442
3,3609.3,66122
4,2640.1,22545
4,690.4,4184
5,332,54
5,1137.5,2144
3,447.8,4556
4,280,1475
6,397.8,676
7,885.6,479
4,432.7,337
2,1843.1,29947
2,474.8,3992
3,503,1535
3,5494.6,166968
3,872.8,10865
3,272.9,227
5,458.2,300
2,3245.1,61632
6,277.6,108
5,867.6,4993
6,319.6,570
5,784.2,2797
6,317.6,67
8,795.8,304
4,588.5,3355
3,478.6,1862
4,273.6,35
4,1325.8,3160
4,2175.6,12883
6,1244.9,2727
5,1169.5,5094
6,1076.6,3722
3,1044.6,12679
5,4653.4,139993
3,782.9,10942
7,377.3,704
7,510.9,230
2,865.2,12831
3,355.6,7214
6,342.4,259
5,730.5,925
5,7744.6,110487
2,1205.1,17255
5,1477.8,5784
3,192.5,272
5,1100.5,2230
3,493.5,1831
5,1736.2,27724
2,2515.4,123596
3,1437.9,10314
7,1402.7,1709
3,325.9,631
5,462.7,403
5,1988.3,14224
5,632.1,1055
3,4398.2,44279
6,1498.7,10837
6,546.9,266
5,298.2,96
2,2849.6,54224
4,1935,11537
4,1208.5,3780
2,1581.6,36275
2,3216.5,71728
3,615.6,3451
4,465.8,1049
3,951.1,1781
2,3934.3,176522
2,1015,19166
3,825.9,4853
5,2461.3,13377
4,185.2,109
3,1007.9,7491
5,936.3,1905
3,406.9,1463
2,602.3,3286
6,462.2,172
4,847.3,3302
7,1499.5,2722
4,1254.4,10671
3,191.2,138
5,2089.2,14313
2,218,1480
6,1484,6169
2,214.6,920
4,5103.6,69077
2,563.1,3717
6,2813.2,7916
3,1678.4,13594
9,624.4,634
6,730,2362
3,255.4,2564
5,9719.9,163617
2,1278.7,21416
6,147.4,3
7,1669.4,1737
3,3416.7,96515
6,637.9,805
6,781.6,336
3,1594,8769
4,1064.2,5514
5,821.5,7568
5,821.6,2545
5,152.3,2
6,616.4,867
4,1515.7,8766
4,496.4,679
4,5376.8,64602
5,426.6,169
6,325.4,28
3,178.9,101
5,1777.4,12380
3,289.9,487
4,15462.5,766380
4,266.3,83
5,428.7,802
8,1875.3,3528
2,4249.8,68974
4,574.1,3584
4,176.1,117
4,307.4,705
2,168.2,152
4,2449,20981
10,4436.3,14992
4,5213.7,77358
7,363.7,310
3,902.2,24437
2,4448.5,98197
4,211.3,532
3,1137.4,6945
7,570.6,346
5,789.3,2249
4,318.7,490
5,267.3,387
5,378.6,317
3,866.4,2502
5,843.9,2350
2,584.2,3147
7,303.5,44
4,201.6,77
8,954.2,2620
4,4448.6,39380
5,2212.3,8940
5,194.5,220
6,1205.3,1851
4,571.3,1623
6,3074.4,13007
6,317.9,31
5,1151.7,3792
5,261.6,169
6,494.8,923
3,3679.1,73225
6,428.9,69
3,570.8,1870
5,433.5,937
2,859.3,13114
5,253.2,35
5,609.6,477
5,725.7,2111
4,1850.7,8168
2,508.1,6316
4,1483.5,3555
7,221.7,101
5,795.2,2586
3,357.8,3895
2,10150,667838
3,1196.7,6412
6,737.1,1888
2,4765.3,110105
4,298.1,247
4,2997.2,43172
6,1779.6,7459
4,784,1368
5,1865.6,8469
4,1255.7,14553
7,1178.9,2713
6,536.7,596
3,3827.3,61347
5,225.7,102
6,1871.9,7467
6,429.6,125
2,308.8,3443
4,343.7,615
6,568.9,155
3,264.4,161
2,1394.7,19377
2,2839,57137
3,454,1811
6,236.6,413
7,1016.3,1779
2,399.6,2053
6,1009,1489
4,2738.3,31027
3,1675.8,16309
3,6323.9,100642
3,563.6,1333
2,1292.3,32037
5,4620.6,124690
2,4946.3,144639
6,342,158
3,7953.2,158026
6,222.7,241
2,189.9,784
6,309.9,328
5,578.2,1590
2,396.4,2099
2,779.5,6537
6,215.9,29
8,732.5,1245
5,491.8,813
5,1872.3,5907
3,513.7,1284
5,189.2,23
4,353.1,358
3,1986.8,24132
5,619.5,1245
3,1659.2,12359
6,448.5,524
4,217.3,120
6,2552,27896
6,3122,13389
3,12192.2,573313
6,2144.7,7035
4,626,1572
5,1430.9,4232
4,288.8,623
4,302.9,1660
8,274.4,26
4,141.3,24
2,3734.3,64108
4,1913.7,21410
4,253.3,93
3,507.9,2601
5,1122.7,13073
5,853.9,1280
3,228.6,611
6,417.5,16
4,131.1,87
3,720.2,2610
3,315.2,535
5,184.5,24
4,636.4,1743
5,992.2,4567
6,177.1,27
3,6815.1,148129
4,180.5,64
3,795.8,37258
4,3223.2,27971
4,418,1201
4,3917.5,33255
5,397.7,580
5,358.4,544
3,4730.2,118916
3,12302.4,491774
2,1860.1,23226
2,1046.3,14564
6,976.7,1589
2,224.3,9254
2,5142.4,127928
3,4094.9,52103
6,299.2,58
3,165.5,105
3,817.1,7369
8,1987.5,4698
5,2345.6,16008
4,1097.1,5389
7,716.6,239
2,13408.1,587068
5,273.3,115
8,2174.5,5434
4,221.6,210
5,880.5,2300
5,1162.7,3191
5,432.6,673
4,1997.8,14194
2,1816.4,38336
3,279.5,1503
7,1589.8,2598
5,429.1,2268
5,4348.6,40931
3,2096.4,20721
2,219.2,319
5,3570.4,21761
5,2034.7,6893
12,231.5,8
4,2021.6,20910
5,445,320
6,1219.8,1106
3,15123.4,607897
3,2091.3,13930
4,1282.8,6803
3,2698.5,37549
4,574.6,2599
7,596.1,183
7,1927.4,5607
4,792.6,1731
4,310.3,206
3,302.2,233
3,958.5,4864
4,1389.6,9197
4,893.4,2837
7,4536.8,16530
4,14251.1,618643
5,582,750
6,161.6,8
5,7271.6,83249
2,1293.7,17877
3,467.4,1297
2,6070.1,356246
2,8334.5,288742
4,205,44
6,724.7,1150
5,404.5,389
2,591,3487
6,1249.8,2726
2,5427.1,113135
3,205.8,288
5,695.5,1128
6,501.7,263
3,547.1,2759
4,2298.4,16979
3,333,346
4,785.4,7059
4,2086.3,12399
2,415.4,1420
3,4150.8,63354
3,787.2,4346
4,1479.5,8864
4,483.6,1268
5,377.7,550
5,549.6,455
3,4491.7,95379
5,1212.2,6373
5,2549.6,10812
5,4728.2,46122
3,304.7,503
4,3311.8,40486
5,377.4,891
2,611.3,3344
5,2052,10755
8,1732,5493
4,14787.7,301900
2,1974.7,36375
2,1237.8,11614
8,1153.1,952
4,1635.9,5356
3,1016.3,13067
7,241.8,5
2,2297.7,104754
5,989,2907
3,1203.4,6420
4,631.9,1916
6,1423.4,4186
3,1969.8,13826
5,257.5,273
3,298.3,1193
3,311.2,755
6,1707.4,2897
2,939,13814
6,918.3,1193
5,3303.2,26335
10,4360.5,11778
2,559,2619
5,1708.7,13893
6,303.4,823
5,3165.3,21997
2,4357.7,99510
6,512.5,589
8,1387.2,2384
5,2841.7,26455
2,241.4,279
5,643.9,1680
7,584.9,1392
7,946.5,595
4,4010.9,57012
6,6178.2,76119
7,1860.7,3020
2,2359.4,25205
4,635.6,589
5,458.4,143
5,890.2,6505
2,409.2,2039
3,719.5,5651
5,660,1100
5,275.9,116
5,270.6,54
2,708.9,3748
6,164.8,14
3,502,1587
3,2323.5,22045
6,797,12133
4,2351.2,18468
2,285.3,2742
4,1525.1,7522
5,169.6,5
4,1933.9,8450
5,1530.9,5126
6,1173,3716
6,4070.2,22395
7,2849.4,12154
5,11942.2,176121
5,240,234
5,850.7,2484
5,2026.8,5749
5,201.6,121
4,291.3,142
4,384.7,265
3,361.2,4504
5,175.7,43
5,1048.4,2921
2,350.3,2002
3,786.4,23557
5,2371.5,10803
3,10519.5,398948
4,486,893
4,223.4,452
6,1101.6,3085
4,1281.4,8314
6,4830.8,28534
2,275.5,2214
2,306.1,3626
7,1983.7,3753
6,356.6,919
4,6048.4,67851
6,475.1,140
4,166.2,108
4,1572.3,11192
2,205.8,795
4,1206.9,5335
2,4596.3,123290
6,181.3,8
6,532.1,120
4,546.1,310
3,8279.8,165146
3,126.6,0
4,281.3,170
6,618.5,1161
6,815.5,2403
2,994.3,16620
6,315.6,33
5,679.8,715
6,729,957
9,244.7,117
5,1212.1,4254
3,378.7,3066
5,963.9,4069
5,264.7,367
4,371.2,857
4,536,2332
6,677.2,1093
3,208.7,93
3,302,673
7,359.8,36
2,1453.9,23308
6,2627.6,11940
4,301.7,116
4,2455.3,28588
4,590.8,621
2,1254.2,21293
3,359.9,2434
3,336.9,1883
2,1213.1,12493
5,22454.8,1184568
6,1288.8,2489
4,131.2,8
4,349.7,2080
6,1038.8,526
4,2347.8,18030
5,3369.9,26120
7,603.2,1961
6,579.6,908
5,438.8,344
6,6370.5,48164
2,9978.3,382746
6,2138.6,6548
4,2270.9,13685
8,1840.7,4088
7,1520.3,3348
9,2735.3,4546
4,3814.4,37652
7,915,447
5,1757.3,9401
9,1600,998
5,539.1,174
3,11513.7,411790
2,7900.3,431934
5,486.3,416
6,1666.7,4907
8,1795.5,3272
3,276.7,393
7,2205.9,7383
3,13058.1,454521
5,831.9,1168
4,431.6,553
5,1581.4,5264
5,1872.6,10988
6,352.6,739
6,483.7,1901
2,410.5,4427
4,1403.8,9807
3,610.4,6188
3,356.6,780
5,2860.2,17775
7,212.1,25
2,2259.7,30257
5,748.4,1537
4,4006,39129
6,790.1,559
6,5962.3,43681
6,134.4,14
2,315.6,1178
3,133.5,794
5,2214.8,8170
5,1297.5,3955
6,2357.8,8581
6,1207.9,2525
5,1385.3,11166
4,2378.1,23732
5,1783,6605
4,3417,30511
4,1060.4,2689
6,4526.2,22780
6,992,934
3,2205.9,23488
4,245.8,425
2,236.9,438
3,11783.3,254877
4,9684,553280
4,326.9,513
4,312,702
2,2678.7,52749
3,590.5,2949
5,456.4,293
6,1305.8,3875
3,567.5,4736
2,3891,75920
6,2570.7,7128
4,1298.5,5552
3,729.8,7288
2,604,4397
4,971.1,3675
4,262,1148
3,208.5,185
5,293.3,185
5,240.8,194
9,823.7,187
6,1890.8,4485
2,297.8,873
5,3175.2,28433
2,587.4,5510
2,913.8,10482
3,296.1,723
3,6657.4,155561
3,1845.2,18151
6,265.3,691
2,1642.8,15539
6,494.3,191
5,594.3,751
2,711.8,4588
5,2197.8,8988
3,325.2,1862
4,1016.6,4810
7,262.9,3
3,172.9,73
2,261.4,3170
5,871.6,1457
4,259.3,266
6,1665,3115
3,4760,63679
5,1637.4,7600
5,4303.8,28102
5,2230.5,7958
3,712.5,3001
6,290,109
5,406.6,431
6,612.6,339
3,201.8,293
3,541.8,2229
3,375.1,1460
5,202,40
6,413.6,148
7,964.2,759
2,1151.9,14846
3,535.8,1757
8,189.7,0
2,193.9,174
5,364.9,190
5,3411.2,19271
3,2116.9,24594
2,146,94
5,247.7,160
5,482.9,523
4,377,242
8,1714.9,1842
2,610.7,8117
5,390.7,784
6,11803.1,129223
8,1473.9,1192
3,601.4,4588
6,765.1,1940
2,4123.4,79674
2,1116.8,9740
4,8285.4,157425
7,559.1,110
5,453.8,299
2,440.8,3528
5,7294.4,71448
2,380.6,3309
5,845.1,5301
9,247.8,115
6,583.6,834
3,1966.3,18075
3,312.2,1178
4,428,493
7,2045.8,6612
3,893.5,6153
2,6051.2,360888
6,1724.6,3744
4,258.1,482
3,1486.7,12467
3,241.3,1201
3,552.7,950
7,263.3,10
4,305.2,133
6,1119.5,3963
3,520.4,6429
3,1353.6,10817
3,254.3,120
4,472,1345
2,396.3,2718
5,254.4,172
3,422.3,1006
6,949.9,3025
5,255.3,238
2,1796.5,16852
5,14085.1,469518
5,982.4,2325
7,780.1,1266
5,8978.3,124956
2,1129.9,81846
4,3509.4,20654
7,2652.5,15157
5,3700.5,29900
2,790.3,39164
2,270.4,2492
5,1368.2,11579
5,183.7,11
4,805.2,3700
5,1193.7,3419
5,2012.6,29675
5,201,138
4,2087.6,14637
6,220.8,21
4,1699.9,59349
5,1791.5,5422
4,1625.7,8512
6,168.4,8
7,459.7,259
2,555.1,4796
2,865.9,11792
6,3869,54870
5,341.8,297
3,1289.4,5433
6,1512,7543
2,420.6,3915
8,690.3,523
5,628.6,1645
5,666,1261
3,381,821
5,6967.3,79049
4,1132.7,7394
10,774.9,276
3,214.6,191
6,197.8,54
2,350.3,1048
6,576.2,1145
4,2947,24397
3,7410.3,133091
3,801.5,2252
5,189.5,140
3,340.1,347
4,2072.8,15423
8,215.6,21
2,818.6,6149
3,2773.9,29432
3,225.6,103
3,7123.5,178095
6,3674.1,29807
6,947.7,1733
6,287.2,69
3,443.3,13170
4,795.9,1898
3,335.2,810
2,645.5,3231
3,136.6,102
4,2904.2,34486
3,3906.6,57434
3,1641.6,9208
3,4268,80017
2,176.6,568
4,230.5,300
3,1361.8,8274
6,243.4,140
6,2794,9095
5,597.8,509
4,1119.5,3126
2,8492.7,318722
3,717.9,7267
6,1112.3,1370
9,2276.1,2158
2,671.6,6243
8,951.6,2065
6,3751.6,28019
2,756.1,12033
7,4983.9,24763
6,2386.4,10624
5,1329.3,7422
5,163.9,57
4,316.7,602
2,260.8,2150
5,2787.8,19627
3,7827.1,273780
6,1460.9,7951
2,584.6,8797
3,613.4,2705
5,1676.6,5732
8,2955.8,8326
8,2229,3874
5,6254.9,149793
3,307.4,1084
5,2578.9,18312
5,339.4,246
8,1192.2,1983
6,354.6,109
3,2311.6,20452
4,337.2,357
6,349.1,638
5,1821.6,7835
3,505.9,1219
3,442.6,1266
2,680,5445
9,615.2,1021
6,275.7,1
8,1282.2,882
2,210,873
7,2025.4,5804
4,3200.6,34837
6,962.1,1254
5,642.2,2417
2,1073.6,8747
7,140.4,3
5,3598.4,27878
5,682.1,1472
6,739.1,734
4,5874.9,79581
3,172.7,298
7,243.8,55
5,1932,6347
5,2092.7,8811
4,801.4,2894
5,2733.4,12463
3,2289.1,20855
2,611,10546
4,567.9,1163
6,336.6,194
5,193.9,79
4,203.7,157
4,1711.1,16546
4,155.7,32
4,5044.9,55231
2,188.9,145
5,839.2,3915
6,4764.4,35820
6,253.2,92
6,223,46
5,1292.1,2600
4,481.7,502
3,1121,8049
3,136.8,1115
5,712.1,1062
6,5221.6,56465
3,7180.6,286718
3,393.7,2190
2,641.3,4740
7,875.1,1244
4,1731.3,8667
3,3476.9,71537
4,2222.5,19467
4,346.8,543
4,519,871
7,865.5,1791
3,257.8,1238
4,398.9,1977
3,744.5,3098
3,489.2,1549
4,706.3,837
3,1472.2,8932
5,3579.5,18920
5,224.2,6
8,177.2,0
5,689.3,1762
2,1673.8,22607
4,253.4,262
2,394.9,5342
2,291.9,1604
4,6448.2,88406
7,1384.5,2877
3,439.3,8135
9,770.3,650
5,568.6,784
7,253,13
5,667.8,1221
4,1650.3,5895
4,1098.6,4407
3,2922.8,42182
3,220.7,168
6,2634.9,8792
2,7694,216030
3,2421.7,29881
3,222.5,289
6,5186.8,26861
5,562.5,271
3,5161.7,98509
3,263.9,1970
5,2103.2,7047
3,1367.2,18585
3,171.2,268
6,160.1,3
6,404,177
4,420.3,461
5,5852.6,51022
5,9607.1,131645
7,859.2,590
5,643.5,756
7,153.8,0
8,894.5,1791
4,213,129
7,214.9,111
2,2196.1,30868
2,344,2148
5,269.7,108
5,186.9,13
6,1208.5,1776
5,1031.6,4710
3,192.2,239
2,3445.1,129654
4,512.8,1148
3,256.9,1762
6,684.2,713
3,8732.6,517201
5,633.6,678
3,305,508
5,211.5,236
4,2133.8,26478
5,5182,54333
6,713,561
4,186,70
5,723.3,3516
2,1236.2,22784
7,226.2,2
7,283.6,23
3,638.5,2397
9,962.8,1926
5,1248.2,4022
2,446.6,2825
6,145.4,0
2,680.4,2143
3,418.6,2807
3,1434.4,10325
5,1118.9,3922
3,210.9,1518
3,123.7,28
5,5519.4,59201
3,3526.6,40327
5,1049.4,3289
6,672,915
10,777.5,378
3,1906.1,18822
4,5836,70360
3,987.7,4240
3,768.3,7199
4,444.9,1180
4,2272.9,16420
3,388.8,996
7,260.5,213
5,197,40
7,619.2,326
7,1528.8,1606
4,2594.8,24536
4,872.3,2350
3,6373.9,234801
3,517.9,1332
4,298.5,131
2,5248.2,126850
5,1214.7,2663
6,3382.1,14961
3,2175.6,14350
9,2831.1,7629
2,3391.6,88729
3,130.3,31
3,230.7,377
5,224.6,69
4,1344,6260
6,1272,8738
6,6101.5,45374
3,3577.9,61338
3,509,5283
5,978,11145
2,1662.5,20107
3,5710,110098
5,645.8,295
5,11392.7,161402
4,2515.6,20886
2,1295.4,16818
5,1371.4,3541
2,357,1993
4,325.5,243
4,770,3963
4,1150.8,11268
2,3457.5,84381
6,1950.5,7462
6,1057.1,1869
7,4404.3,25211
5,1286,3372
5,645.9,2197
2,590.9,5907
4,1842.7,11166
4,440.4,612
5,1203.4,7430
2,264.8,917
4,4732.2,72766
4,872.4,2969
5,1551.6,7308
5,1137.6,2846
5,888,1935
5,167.5,25
5,3253.7,19870
5,4101.8,24016
5,3420,105776
5,7204.6,84826
4,790.4,2867
8,579.3,199
4,653.8,3291
6,393.9,50
4,1416,8697
6,683.8,478
2,223.6,1669
6,452.1,387
3,1563.5,26569
6,1314.5,4200
2,320,2141
4,203.9,84
4,176.7,14
6,1634.5,3267
9,1827.7,1737
4,1868.9,20500
5,12420.7,364098
3,942.1,6704
3,3310,51268
4,2755.2,22563
3,990.9,8349
3,13576.7,846215
2,264.9,1982
4,203.2,80
5,325.6,215
3,799.1,3353
4,375.9,405
5,984.3,3323
9,199.7,6
6,691.3,891
4,11026.3,238890
10,1468.9,2164
7,1906.4,2836
3,1143,7848
4,1249,5142
5,787.9,1363
6,1152.3,5316
3,4361.6,75137
5,1776.6,8270
2,20379.3,1465760
4,4990.3,158554
5,259.9,113
4,3236.9,45805
6,1143.9,8818
5,158.3,59
3,1267.1,13240
4,626.6,4755
2,200.3,1158
7,983,805
2,715.5,4919
4,1150,2816
2,453.3,4903
5,5157.1,183873
3,2428.7,30683
5,359.3,146
6,1133.2,2509
3,2988.1,46266
5,5685.7,93856
7,456.5,223
5,2119,11399
5,403,481
5,921.4,5676
3,212.6,467
6,377.5,64
5,822.2,2795
2,450.2,2897
4,383.6,1609
2,902,13574
4,2664,15417
5,806.3,869
5,573.1,359
3,594.9,1795
4,417.3,1537
5,338.1,234
6,398.8,52
3,638.2,4644
4,13064,270971
5,220.8,19
3,360,511
6,218.8,183
2,321.7,988
6,145.3,67
5,455,60
9,224.3,0
5,486.8,309
3,405.9,563
3,900.5,7633
4,1555.9,14328
4,361,1150
5,3222.2,16405
2,795.3,7559
2,2476.6,47666
6,299.6,20
2,820.8,8238
5,951.5,2751
4,2119.7,79532
6,1104,3607
5,1928.8,10955
5,357.2,997
2,706.6,8995
5,1191.6,4431
5,2042.9,7405
6,2249.5,6409
2,21677.9,1900853
2,214.8,333
4,149.3,130
3,5527.7,268493
7,898.1,1046
6,1681,3798
5,202.2,41
10,1199.9,1010
6,1639.2,5272
6,710.1,613
5,422.8,169
2,1510.3,25756
3,392.9,722
6,1421,3258
3,413.5,1529
5,1897.2,10198
2,7521.7,168314
2,1106.7,9039
6,1118.8,1373
5,246.6,145
6,173.9,21
3,1297.1,7752
7,5539.1,44238
5,337.9,80
3,2322.5,28043
3,22148,1622083
3,3965.6,57681
2,2355.5,60244
5,3645.8,32494
3,2238.9,24161
3,569.3,3174
5,1450.5,5386
3,962.1,3643
5,269.4,179
6,181.9,1
3,5651.1,105452
10,5468.9,14964
7,1203.3,1075
5,6726.1,93100
6,352.6,210
7,240.4,39
5,344.7,288
6,2759.7,12908
6,388.7,109
3,388.5,2341
2,3446.1,63390
3,232.6,334
4,1892.8,13347
5,1683.4,8635
4,259.3,243
5,538.1,513
6,516.5,2024
4,297.6,141
2,1467.5,55840
4,464,609
5,254.7,47
3,1877.6,14200
4,1253.4,5594
3,667.5,3448
3,2264.8,26232
5,6050.3,53412
8,1156.2,1762
4,1874.4,17500
3,1329,7349
5,657.8,1571
7,407.4,83
4,2179.6,10880
3,988.7,15965
8,503.5,620
3,479.8,3545
7,563.5,345
6,2542.7,11169
2,337,6018
5,193.2,191
4,682.6,3893
4,2592.8,17839
3,238.9,265
5,262.2,68
5,2009.1,12167
2,3026.4,110358
6,782.1,325
5,2209.7,7333
4,1159.7,49061
6,297.7,4
3,276.6,482
5,235.4,350
3,2119.6,21347
6,1578.8,3622
5,250.1,38
5,1151.1,3385
6,7001.6,64205
3,1781,22223
5,421.3,201
4,235.2,141
6,271.3,56
4,703.6,2665
2,219.4,545
2,324.9,1520
4,416.2,3585
8,482.2,1505
5,234.4,79
3,212.5,934
3,236.2,1018
5,932.4,3771
6,757.1,1129
4,955.8,5289
3,2314.2,27987
7,358.7,40
4,334.7,1160
5,394.6,521
3,667.7,3791
5,1670,10915
3,1047.8,6309
7,456.1,505
3,1941.5,15231
6,190.8,171
5,2823.7,10017
4,144.6,52
5,249.2,141
4,144.6,5
8,421.9,94
5,420.7,1814
2,3543.4,82314
4,795.4,3992
7,1794,4352
3,4060.8,50203
7,1516.4,2580
2,1366.5,11742
5,340.7,29
6,2307.7,8142
3,1214.3,11302
5,888.8,1046
4,188.8,546
2,165.2,104
2,944.5,7922
3,612.2,3359
3,611.9,7711
3,6325.3,118401
6,344.2,54
6,281.4,143
2,1604.8,27822
4,3338,32412
4,862.1,4041
5,1085.7,3968
4,172.1,46
6,294,377
2,2512.6,38001
4,827.7,3235
3,395.3,714
4,2271.1,17504
4,287.9,978
6,352.6,293
5,838.5,1743
4,5929.2,108179
2,786.2,52837
5,1245.3,3093
3,255.8,1671
2,5729,135510
2,671.9,6710
3,477.7,2665
3,9982.3,412874
5,1542,6968
8,692.7,447
5,582.7,618
3,4405.3,68162
5,1631,6275
6,516.9,372
3,507,910
7,1025.2,1686
3,6033.5,122517
5,256.9,616
8,346,51
2,3856,263730
4,694.4,1844
6,1215.9,2939
2,6320,159643
2,208.8,420
2,1190.3,12307
3,470.2,7693
7,286.6,106
5,1859.9,6487
3,162.8,186
7,1294.4,1131
6,373.9,258
5,970.7,2073
5,2923.4,16582
5,365.3,913
3,1636.5,15042
5,339.6,68
3,341.2,517
7,3064.2,9011
4,533.7,1488
6,620.4,485
3,518.5,3562
6,807.9,1233
5,281.5,181
5,203.6,146
5,1105.9,2578
6,176.2,17
4,530.5,2285
6,392.2,328
5,2505.1,9702
4,1512.9,7255
3,158,243
2,349.2,2046
4,2318.8,13359
4,1989.4,11715
4,4867.6,77034
6,895.8,2013
2,748.6,6149
2,198.7,893
6,437.7,2162
4,391.1,454
6,357.7,713
10,476,738
5,642,505
3,233.8,1124
4,376.8,363
3,327.9,1280
6,1093.9,8323
4,682.2,1319
4,408.7,249
4,2254.2,21379
5,262.9,137
2,2982.4,72579
4,2257.8,26237
2,708,4802
3,2288.8,27591
5,3001.6,27632
5,223.8,51
5,754.6,3346
4,231.4,936
5,2310.9,15717
8,486.4,45
3,1720.1,16341
2,4223.7,95331
7,521.3,100
3,239.8,258
3,464.3,1289
2,7397.6,217274
2,1130.4,20488
2,2122.3,73126
5,2236.8,14254
8,576.3,831
3,1342.5,16528
3,1141.8,4452
5,1115.3,2455
5,1763.7,4612
4,379.9,39
4,648.5,1832
9,341.5,2
6,160.8,2
4,496.3,2122
3,384.8,1601
5,207.6,72
4,3234.5,36206
3,456.4,13170
5,3644.8,29752
3,179.5,301
6,609.2,918
3,141.1,58
8,2448.7,5799
3,491.6,1571
5,2951.4,24220
5,519,2317
6,795.3,360
4,1746.9,7599
4,2687.7,31622
2,901.3,7178
5,514.6,856
6,13893.1,522413
5,6469,55726
2,559.2,4416
4,745.4,810
3,197.2,431
5,1945.4,7760
5,3577.1,23211
2,4199.3,221328
3,4140.6,56221
4,577.5,3687
4,315.6,247
5,1540.7,7333
3,6790,117996
4,4172.7,46048
3,878.7,2802
3,2070.9,36726
9,1285,791
2,2811.1,47080
2,412.7,2129
6,620.8,286
6,237.8,277
4,274.1,709
6,737.6,924
5,479.2,760
6,643.7,827
3,171.8,4115
5,2627.9,21548
4,684.9,784
4,1941.3,10451
2,598.2,3577
4,12246.2,273258
3,2699.3,31216
4,3364,40041
5,206.1,142
5,2326.9,11900
2,945,7734
4,232.3,315
3,3094.7,33274
3,258.9,86
6,1724,3987
6,416,260
4,1688.8,14728
2,630.1,4915
2,3268,106596
6,183,0
2,4755.3,207158
4,379.6,466
2,1143.2,31182
8,370.9,327
6,246,23
2,5823.9,406617
5,1003,6711
3,1938,19120
5,224.5,85
4,1075.3,2638
4,957.8,4026
4,681.9,1644
3,1596.4,14424
5,443.3,230
3,403.9,5613
3,313.8,315
3,939.6,13777
2,1194.8,35979
3,868.7,2906
6,608.8,97
5,2437.8,10840
5,445.9,880
3,2332.6,42242
4,3784.8,52540
5,1231.9,3083
5,3225.4,20317
8,515.8,256
4,3861,78675
5,267.7,197
3,2936,28539
4,8259.1,232304
8,274.6,26
6,777.1,2757
4,735,778
3,3120.7,40672
5,425.6,706
7,750.5,1736
11,373.9,99
2,4748.7,183055
3,459.9,1213
4,2719.2,23395
4,186.6,160
4,630.9,2773
5,246.4,185
3,1665.4,9222
5,341.6,244
5,258.9,445
3,865.5,2478
3,567.4,4033
9,3407.4,6990
6,197.7,124
3,1298.7,12858
7,1625.7,3002
5,707.7,471
5,317.5,658
7,167.7,17
3,2050.6,29100
3,4225.1,84304
3,6324.7,113551
2,341.4,1846
6,2080.1,9297
2,865.1,35040
4,447.9,949
2,303.5,989
5,1757.1,3867
3,306.5,3171
4,2230.6,15759
3,196.2,482
5,365.6,197
4,280.7,345
4,211.2,72
6,270.1,721
7,478.3,124
2,9282.6,681846
6,1528.7,8130
4,841.8,3685
5,273.2,211
7,905.8,2013
6,683.1,828
6,3567.9,24187
2,10714.1,555753
7,451.6,97
4,1606.6,8126
5,1557.1,9571
6,228.4,147
3,632.2,1007
3,1761.2,15489
4,564.6,1298
5,561.1,831
6,458,576
3,1024.9,10711
4,2776.3,26559
3,2095.3,48793
6,778.2,644
7,609.6,489
6,5673.3,48840
2,295.1,2854
5,1965,9861
6,288.2,85
2,450.6,3029
4,523,2030
6,1657,7635
2,421.6,4786
6,2059.9,6980
2,231.1,795
3,407.6,5375
2,5853.5,155524
4,1570,12515
5,344.5,412
3,231.7,557
4,1761,6758
5,4396,33322
2,673.7,5936
4,951.8,6162
4,2519.4,21339
6,1202.9,1968
2,168.7,193
5,421.3,1032
3,4073.7,66389
9,4621,17388
6,223,64
5,2945.9,16812
4,291.7,153
4,1702.9,22083
6,777.2,1769
3,1392.6,9996
4,952.8,5419
3,1669.9,15475
5,6081.7,53743
4,2597.6,25422
2,1099.8,8603
6,388.3,385
6,3251.2,19019
4,1987.8,18877
2,751.4,28438
5,1901,14032
7,285.4,192
5,839.2,1120
4,2420,19843
3,259.5,4434
3,462.3,1198
2,260.1,1590
2,1265.9,23817
4,935.2,8521
4,748.9,5179
5,256.7,78
6,1448.5,2997
2,579.9,3128
7,420.3,1176
5,533,203
6,1018,1787
5,1172.5,4053
3,477.1,4050
2,201.6,287
2,2116.2,42182
4,1496.6,8378
3,1948.1,13020
6,1323.5,3036
7,2153.4,8229
4,258.1,65
2,308.1,3061
5,637.7,1014
3,1581.2,23420
2,2463,40694
5,216.7,14
3,690.2,4825
4,3460.9,28418
2,2349.2,35698
6,1229.7,2083
2,1082,9640
4,622.6,3277
5,608.3,1316
2,1135.3,8866
3,1056.1,4955
6,884.6,1137
6,160.8,10
3,221.9,196
4,760.5,1424
5,3335.1,15540
7,7091.5,49377
3,2250.8,22484
4,1946.1,11288
5,2235.4,6526
5,571.4,7012
2,296.5,4960
4,3046.5,62620
3,3852.9,58309
3,554.7,4049
4,1590,8683
4,721.1,2539
5,722.2,2400
2,16158.4,738403
5,3089.7,18228
9,3088.9,6076
4,428,478
3,724.6,3415
7,339.7,58
2,243.5,897
5,439.9,102
3,274.2,199
8,2698.4,4318
2,4727.5,113530
5,454,146
4,820.2,3534
4,1080.7,2704
4,3485.2,41187
3,2538,19768
3,1909.8,25412
5,637.2,292
5,457.1,462
8,2161.1,9174
5,1232.6,2233
3,1487.8,26076
4,622.3,1701
2,271.5,2784
3,1431.1,13574
5,2120.4,21363
6,389.1,325
5,174.2,19
5,269.1,143
3,358.2,494
4,1079.5,2728
4,935,4084
5,810.1,1266
4,442.2,1915
4,1004.5,4185
4,640.7,4239
2,11410.8,939491
4,512.1,1685
2,948.2,7160
3,270.3,867
3,1915.9,17296
5,279.7,39
2,18171.3,1134902
2,1051,11535
2,10648.5,726227
3,1829.2,30405
4,884,2389
8,1888.3,3827
5,830.1,3865
3,819.6,9037
7,3163.5,11401
4,1608.4,4717
7,927.5,549
2,759.4,5397
6,1220.4,1052
6,3754.7,45006
3,3351.1,64161
4,793.9,1238
6,901.8,1945
3,1270.6,7560
7,3720.8,21799
6,177.7,2
4,1255,52468
3,649.4,4665
4,1104.9,6351
5,311.4,1244
6,774.3,1717
6,408.6,171
6,240.7,9
6,140.1,3
5,215.1,280
2,1657.8,25262
8,491.6,460
3,340.5,428
2,163.8,1508
5,139.2,21
4,762.2,3598
8,495.8,96
3,1048.1,13433
5,1912.8,10465
2,335,1211
6,199.6,29
7,524.5,1057
3,2617.6,30707
5,402.1,437
4,2085.5,14943
6,397.3,264
3,541.7,2118
6,793.4,929
5,166.4,66
2,12200.4,444559
5,1136.4,1965
3,926.6,6057
2,432.8,3010
6,343.2,64
2,124.6,63
3,376.2,287
6,831.1,2394
2,475.2,2887
7,502.2,213
2,2636.6,42757
4,346.5,678
4,2141.5,12224
5,617.7,687
5,449.3,587
4,301.3,479
4,391.1,1249
4,1925.7,8326
6,409.4,201
4,394.8,195
2,269.4,623
3,407.3,658
6,592.3,1425
3,307.9,734
6,1792,3650
4,431.4,613
3,566.3,1711
5,341.5,64
4,384.7,756
2,378.8,1522
5,2873,15209
4,728.1,1723
3,238.9,1279
5,5586.9,58620
3,183.5,72
5,210.5,67
2,194,827
4,164.7,61
5,374.2,132
8,739.9,1170
7,1487.9,3280
4,1304.6,3915
5,3136.8,21468
5,331.9,97
6,201.2,48
6,408.8,1070
5,210.2,66
3,196.6,85
4,1378.4,8013
9,282,11
6,180,3
3,4423.1,85690
3,1262.1,8831
14,384.1,47
5,172,116
5,1971.8,8855
5,221,494
5,1041.7,1845
2,137.2,75
4,6857,132421
4,9110.1,229683
3,194.4,598
2,1867.8,32004
5,212.8,245
7,140.9,22
3,616.2,1284
2,278.8,2108
5,320.9,140
2,636.7,6880
6,786.1,3360
3,741.3,2650
4,428,350
4,1273.8,3670
3,3620.2,53822
4,178.8,45
5,684.5,773
4,478.5,468
5,144.8,4
5,411.5,224
3,2153.8,25180
4,270.9,957
4,1068.3,5128
4,3378.5,44134
7,942.5,931
5,275.6,180
7,203.1,21
2,440.1,1700
7,505.6,281
2,12495.2,948569
11,1279.4,193
4,888.6,2117
4,334.1,546
4,2013.8,17545
6,610.3,666
5,3015.1,14524
6,1689.3,6318
4,685.2,1937
4,2535.1,23708
5,15216,401872
3,370.3,3535
7,1254.3,2401
2,13014.8,1102529
6,3313.1,16239
3,2173.9,27133
6,516.8,5504
2,3305.9,61480
2,197.1,439
4,293.8,179
2,284.4,2037
4,717.9,2397
3,339.7,2977
3,6165.5,103345
3,184.1,128
6,820,1159
9,771.9,1109
3,6302.8,67985
4,1211.5,2359
2,344.7,1981
5,740.3,1256
4,696,1096
5,2102.2,9202
5,4906.6,30795
7,353.7,469
13,472.3,102
5,187.7,113
2,605.1,3844
3,171.8,64
5,252.3,40
5,1491.8,7410
6,1219.4,2442
3,5689.6,164206
3,537.7,1073
3,197.3,234
3,4461.4,71644
4,701.6,2408
2,1459.9,17040
6,1486.9,2668
7,1302,5862
4,1783.9,10159
2,1104.9,8326
5,982.9,1683
4,263.5,47
7,699.1,269
5,1243.3,2108
2,224.9,915
4,3585.6,37033
3,631.1,2008
5,2961,15808
5,1761.1,12894
4,425.2,211
4,1550.1,4078
2,1643.8,54101
4,1412,3403
3,819.7,8116
5,1691.5,10832
2,523.4,3295
4,2830.6,17323
6,317.9,231
3,995.8,11848
4,579.1,800
4,1090.9,1864
3,4475.3,68935
6,519.4,1080
2,6063.8,159460
5,257.3,239
5,1472.6,4883
3,668,1783
4,3580.3,36373
3,336.9,533
3,1657.6,25766
3,185.2,93
2,237.2,670
4,314.5,597
4,547.3,2617
4,9320.2,344011
6,284,36
3,2401.9,21177
3,209.6,35
2,430,6789
4,347.2,722
5,5888.3,72476
7,1524.5,1921
2,1261.3,9504
4,2379.6,17033
4,252.4,144
3,749.2,7752
7,187.2,3
6,638.3,1873
3,356.3,1510
5,257.3,91
6,738.8,2985
2,720.5,13313
3,506,2291
3,303,1272
2,177.9,526
5,434,459
7,151.4,45
6,1056.6,634
6,924.6,683
3,286.8,596
3,246.2,1418
5,782.1,455
3,733.1,3400
6,192,16
3,327.4,1469
7,1038.1,530
4,714.4,466
4,256.6,157
4,243.3,105
6,306.3,62
4,553.9,2336
3,5122.4,114299
2,139.7,89
4,877.3,5199
3,200.4,115
8,321.4,72
3,4955.7,71921
6,377,1137
4,4228.1,50767
2,2427.4,80133
3,1648.3,7597
3,1411.3,12056
5,750.1,5206
6,1438.9,3891
3,3992.1,59641
6,408.3,388
2,2486.8,75796
4,326.6,742
6,574.5,462
7,859.9,736
7,2007.5,3732
2,12547.8,454423
7,184.9,8
5,246.9,1039
4,7600.3,207714
3,171.2,135
3,970,4810
3,398,1419
6,409.8,180
5,2174.5,12093
5,363.8,710
2,5563,113462
5,2006.6,8867
5,288.8,74
2,3498.2,72240
5,2398.1,11071
4,154.4,40
5,594.3,637
4,233,169
5,431.1,410
8,3909.6,20628
5,466.4,407
3,494,1539
5,591.6,248
5,813.1,2271
5,804,1286
3,688.2,4346
3,1435.9,10489
2,794.5,11533
4,902.5,3896
3,1955.6,21974
6,1016.6,886
3,138.6,20
4,2512.4,19882
3,1046.1,5098
5,2460.8,25987
2,1472,23912
9,467.8,24
4,2027,7701
2,367.5,2014
2,2653,48030
5,1883.9,8662
5,1932.5,6864
3,2561.4,27842
2,733.1,13878
3,4455.4,96181
5,590.2,1403
2,2418.8,53252
5,806,1292
4,244.2,598
5,1128.9,3100
6,410.4,735
3,436.4,1763
3,314.2,1150
5,182.8,22
4,381.8,3144
6,185.6,23
4,731.7,2485
5,11967.8,336476
4,1307.1,6501
4,209.4,131
7,950.8,183
2,266.5,2423
5,2732.1,17172
2,794,8272
2,966.4,14068
3,1551.2,19592
2,1900.4,52676
5,1473.7,7756
2,465.1,3075
3,1535.9,7320
4,1208.3,6811
5,1431.3,6998
6,271.8,493
4,935.3,23376
5,386.5,340
10,493,558
5,3958.8,25739
6,543.9,738
5,1239.2,4752
5,741.7,1412
6,1541.6,54
5,866.4,1615
4,1919.9,9797
4,231,400
6,2583.4,10830
5,260.7,153
5,364.4,1365
4,3620,31885
4,1681,15023
6,623.5,256
6,1292,2286
5,2690.4,13615
3,280.7,1578
3,911.1,4398
2,176.2,159
5,175.5,7
4,844.3,4548
6,1129.6,2952
5,1454.5,2849
4,2758.6,18691
6,1326.5,3347
6,3286.1,17434
6,579,402
3,295.9,1613
9,2698.5,3602
8,357.5,663
4,523.7,769
5,408.7,1492
4,812.4,2456
6,697,1012
5,504.3,2034
7,348.2,69
5,2246.2,23268
10,1031.7,452
5,2304.6,26097
3,209.9,55
5,246.8,430
3,3731,71034
5,1537.4,7237
3,4329,71547
4,1536.6,6718
3,227.7,236
5,584.6,1117
6,1777.7,6182
5,6600.1,61499
3,278.8,826
6,1245.6,2433
2,10490.4,348974
5,502.5,420
5,415.9,336
6,378.9,1349
8,224,30
3,736.9,3737
6,1497.2,3901
4,1181.9,4954
6,1544.4,4804
4,514.9,1370
5,1888.2,13912
4,5614.9,103300
4,866.4,1073
3,1298.8,6693
8,215.2,10
3,3491.5,71537
2,2650.7,56423
2,1214.6,21826
3,1887.8,18727
7,500.5,1124
5,3598.3,25938
3,3406.3,41126
4,262.8,224
2,1935.9,60988
5,1120.7,8627
2,3178.6,173598
8,402.6,235
5,488.9,508
5,1443.6,4435
6,260.2,259
4,225.8,352
3,2582.9,30518
4,2861.2,27822
3,1195.7,10388
6,465.2,614
3,1234.9,7234
5,765.8,1367
4,1668.5,33439
5,228,133
2,215.5,666
6,533.7,175
7,174.2,3
2,469,3308
3,836.9,5825
6,1063.4,2402
4,318.9,1073
4,1494.5,9624
2,594,4082
5,829.9,1302
6,327.7,47
4,1010,2977
5,5428.2,100413
6,400.7,264
4,1245.2,5564
4,758.7,1741
2,560.8,5779
5,249.9,72
6,3324.6,23069
6,2820.3,18148
3,1393.3,10071
2,12162.6,760987
4,360.7,600
6,1306,3991
5,668.7,1544
3,149.5,117
4,246.9,84
4,605,1282
4,451.4,3694
2,137.4,48
2,1153,15622
4,2299.3,15899
5,3674.6,27815
2,1040.8,27603
5,1188.2,4017
8,313.3,149
8,3594.4,9451
4,13467,595394
2,846.7,18654
3,1091.8,6446
4,629.5,1447
2,1301.9,35538
4,185.1,37
5,341.4,66
6,185.8,8
5,362.9,671
3,7256.1,129208
3,3061,39467
5,1048.7,2791
6,410.9,65
3,908.2,9512
3,3440,33076
3,4864.3,76288
4,1067.5,8174
4,1214.1,5882
5,569.4,560
3,378.6,1204
4,149.6,19
2,3072.2,83401
9,1840.2,4053
5,1461.4,4856
4,2869.9,18365
4,1340.6,3652
6,1938.9,11215
4,754.8,1107
2,1412,16905
6,1828.1,7049
4,210.8,59
4,550.6,1851
6,403.1,300
4,1081.5,2733
6,234.2,43
5,1199.7,5551
3,998.3,7741
5,1390.4,3768
6,378.2,197
5,270.5,123
4,1649.4,8995
2,409.1,5473
2,834.5,17814
2,563.7,7554
3,320.8,535
6,1712.6,7051
4,557.7,1037
7,2096.6,7474
4,581.8,2249
4,644.8,1853
5,5804.6,50615
2,489.7,3434
5,575.6,1349
8,677,518
4,3126.2,35249
6,2081.4,5051
5,495.6,551
4,397.6,1064
3,2951.9,116445
7,303.5,161
2,8062.8,437233
3,500.7,8564
4,3962,31308
3,764.6,4787
5,8257.6,116601
6,237.1,39
2,1659,36243
2,372.5,3517
4,946.1,4083
9,1287,1048
4,159,15
4,2401.4,15881
4,224.6,282
5,243.9,124
2,2946.3,48286
7,1258.5,2893
6,254.2,115
6,3420.8,16407
5,1619,6006
4,462.9,844
3,8878,422578
4,1565.7,6875
5,266.4,189
3,270.3,2859
4,263.3,162
5,347.7,503
5,2322.2,9912
5,1042,5046
2,398.9,8231
6,1095.4,1944
4,4825.2,67396
6,210.4,18
5,1795.6,11841
5,383,624
3,1372,9054
9,322.5,25
4,2393.8,29208
5,9760.3,365033
5,2830.9,23286
3,645.8,1565
2,279.7,1516
2,1024.8,16279
3,222.7,115
2,2785.4,62948
5,360.3,188
2,722.8,3807
6,2020.7,5723
8,482.2,230
7,180.8,2
6,255.2,7
5,424,241
3,677.7,2005
4,233.8,323
4,6295.3,99701
4,1228,4619
3,937.6,4254
5,2816.2,19788
2,385,4086
2,235.6,572
6,515.8,363
2,6381.1,185824
4,1088,4227
3,393.6,4957
3,287.5,700
6,147.8,15
4,2295.1,29139
6,1002,1921
7,1629.2,3327
4,502.4,1833
6,4707.4,32327
5,258.8,294
4,607.3,887
6,590.2,702
2,1224.1,22316
2,1298,17394
9,413.4,692
6,1756.2,4535
5,361.5,1055
4,241.4,327
7,245.7,29
2,6595.7,369819
5,286.3,712
6,1391.4,2644
3,193.4,83
7,2318.4,5366
5,509.7,355
3,276.4,83
5,1273.8,3751
4,4749.1,59837
4,337.5,716
5,346.4,883
9,377,206
8,1470,3749
6,2757.8,9695
3,1738.5,19777
3,2142.9,15334
4,411,605
7,1068.9,1302
5,1568.2,7524
7,517.2,186
4,6662.9,92840
4,6043.3,85274
5,381.9,1041
4,875.4,4067
5,12378.3,367932
3,584.2,5481
3,728,1480
6,1200.9,1846
3,1575.3,15355
4,5509.8,188612
2,344.2,4447
5,163.6,6
5,642,1527
9,513,79
6,933.4,1516
5,2021.5,5171
4,348.7,226
7,538,829
3,3815.7,169557
2,283.1,1517
7,388.6,277
6,560.3,428
3,287.7,161
5,2911.2,12716
5,1778.6,8781
3,707.5,1836
3,538.2,3413
2,199.6,545
3,690.1,1624
4,1258,10281
2,823.1,9231
4,5577.3,68182
6,352.6,372
3,396.5,1312
6,744.7,1597
4,155.1,27
3,2900.6,55421
4,2675.3,29261
5,2895.6,13886
2,166.4,100
3,355.8,535
4,2269,13579
4,1425.7,7058
5,167.7,74
5,278.9,46
3,562.1,1000
3,165.9,42
6,400,1568
4,1490.8,12942
4,2255.8,19381
6,409.9,92
4,1621.6,37429
6,327.1,68
4,705.3,2115
3,292.2,650
3,767.2,2680
3,546.6,2352
3,1085.1,7999
2,12390.9,371974
2,4920.8,126691
5,1828.2,7163
7,638.8,2403
6,1033,6213
6,558.1,898
5,251,66
2,2122.5,34972
9,272.3,23
3,214.4,119
7,1637.1,5786
2,413.7,1526
5,3017.3,20312
3,4441.1,105140
3,452.4,551
8,5512,20299
7,335.6,208
5,2556.7,9407
4,373.4,207
5,241.5,34
3,1273.1,14951
7,923.2,1450
7,404.1,13
4,15030.1,886534
4,2251.8,24295
3,567.5,1264
4,204,85
12,163.9,2
3,8405.4,156510
5,1178.4,4120
2,12915,657923
2,379.2,3307
2,1114.3,25351
5,399.2,135
6,911.9,727
6,233.7,59
4,406.1,1533
7,1184.9,688
5,4122,36039
6,260.3,75
2,827.1,10003
3,867.6,2442
4,359.5,585
6,1723.8,4749
5,144.6,10
3,4537.7,160621
4,2933.6,20066
5,1034.1,1443
3,2732.6,70406
4,1221.4,4039
2,3024.7,49557
6,1959.2,6146
5,301.8,52
6,1076.9,1208
4,1212,7299
6,1455.1,3443
7,299.5,21
5,6814.3,63864
5,588.2,436
9,1755.5,1094
3,308.7,581
4,306.5,315
2,231.5,344
2,2324.8,41924
3,1686.3,31107
5,961.2,1845
6,137.2,23
3,182.8,74
6,247.5,318
3,277.7,321
2,255.4,1345
2,2440.3,43147
5,600.8,430
6,2680,17236
3,529.9,1790
2,645.3,9345
9,160.3,16
4,565.5,933
2,562.3,2711
5,1418.4,6624
2,4330.3,177419
2,3082.7,61746
4,3311.5,110232
4,1937.9,11243
4,1969.3,14237
6,227.5,1
9,5082.2,18608
4,590.3,446
5,210,65
3,3079,39031
6,1930.5,6870
4,2931.2,102455
3,961.1,7523
4,1601.4,16747
5,1276.4,2943
4,2090.3,12438
2,247.6,707
5,1352.5,6674
4,222.2,209
5,177.9,1
2,447.6,4693
5,464.2,2017
4,1565.2,6712
2,1026.8,10353
2,13016.4,631590
4,591.6,1671
5,2199.6,9633
3,353.2,1230
4,763.3,3023
3,1809.2,16269
5,696.8,1535
2,2683.3,63329
6,343.8,90
5,372.4,632
2,10908,498798
5,2373.4,14633
5,288.4,100
2,1696.1,29658
3,647.6,1884
5,736.6,1281
6,1113.7,4215
5,995.4,3565
4,5048.6,54136
5,2454.7,14865
2,261.3,652
3,1385.7,7820
3,2413.8,24807
4,4279.7,46451
5,157.8,9
3,2335.7,30272
7,363.2,137
3,398.4,861
6,466.9,3006
5,552.9,900
3,211.6,127
5,308.9,234
4,4223.8,37852
4,1809.2,17446
4,17753.5,1026177
5,369.6,374
2,1314.9,16073
6,388.9,282
6,769.2,732
5,1519.9,4572
9,2065.6,4652
7,394.4,1085
5,3345.6,21871
3,1958.5,24673
6,2223.6,4355
4,703,3140
7,3544.9,11829
2,276.9,8796
5,1234.8,6215
4,262.4,235
4,717.6,1826
4,2879.4,29028
5,462,372
5,4123.4,40911
7,308.6,193
3,1800.4,12131
4,1306.3,8759
5,253.6,885
7,3443.2,21968
5,244.9,302
5,364.1,194
3,3470.8,42433
3,764.8,2526
2,9159.4,333723
5,295.5,609
2,272.1,847
6,437.5,210
3,1922.3,16748
4,2432.7,18371
7,407.3,627
3,199.9,197
2,226.7,490
6,2577.3,11422
5,2250.4,9748
2,985.1,9294
3,171,22
5,4811.2,35727
6,134.1,6
2,355.1,2669
2,2935.3,182030
3,309.4,286
10,2944,2764
5,237.3,429
5,1078.1,2993
3,1282.8,10029
5,1315.1,2741
2,1872.4,35803
4,668.7,3096
6,1878.4,5828
6,3471.1,33262
7,1078.8,6007
5,347.2,871
3,5716.9,145029
10,1729,1377
3,358.8,2248
6,436,139
3,674.7,2451
2,535.8,9464
8,1453.1,3755
4,446.1,740
5,401.3,613
6,484.8,270
4,1723.6,9536
6,2620.4,13186
5,2101.9,5303
3,3546.5,43888
7,337.8,681
4,3689.5,31230
6,444.9,59
5,224.9,18
2,139.9,81
3,532.7,5461
5,1359.4,7356
5,372.3,1404
2,1955.7,26340
2,2263.6,60485
3,9469.6,191811
5,3018,20692
6,223,11
5,345.3,1075
6,592,251
8,1032,611
3,255.3,1108
2,771.3,10719
3,3528.8,152611
5,668.1,3021
4,6351.4,78764
2,421.8,8228
6,438.9,930
4,1048.3,7649
5,4761,37374
2,585.6,11130
2,242.7,411
5,3549.7,37968
6,3750,14009
5,522.1,533
4,4759.8,66834
3,1030.6,6389
4,1621.9,7161
6,2009.3,6497
4,1169.9,2837
5,1467.2,4000
4,276.8,114
5,1420.6,5513
3,1453.8,28231
3,267.4,354
2,641.2,7690
6,1558.4,2759
6,166.3,92
5,235.3,52
2,6026.9,193883
4,19304.6,571895
5,231.5,122
2,2429.5,52292
4,275.2,141
6,377.1,499
7,2716.9,11118
4,1353.8,4816
3,1637.8,25307
5,1514.8,3579
2,333.9,4505
4,2135.5,16084
3,1908.3,22063
8,240.4,55
7,1038.5,2829
2,14144.1,1218987
5,1939.3,4878
5,1749,6899
5,722,1715
4,1745.3,10552
8,357.4,64
2,2378.2,50223
6,414,152
5,966.5,1481
2,12691.3,451060
8,2444.3,5769
4,314.5,628
4,1156.7,4888
4,246,511
3,418.5,662
2,230.3,701
7,1918,5581
5,581,439
5,2515.9,13591
3,286.6,1148
6,1108.1,1733
5,434.5,1425
3,1387,57526
5,1186.5,3679
3,1699.5,12152
2,2834,85627
4,3797.1,43449
5,436.7,799
3,341.1,3960
6,405.3,1204
6,238.3,52
6,1604.4,3780
6,287.6,72
4,824,2509
3,595.4,1466
4,3806.6,44260
2,2426.9,37108
2,721.8,11155
5,1365.6,3091
4,1680.1,7502
5,2751.8,19478
4,2084,11888
3,737.5,2955
5,936.2,2385
5,2095.7,4762
6,1383.7,2522
3,5507.4,146481
3,6060.3,98046
4,736.4,3467
2,1149.6,13907
7,6051.9,43045
3,1474.3,13612
3,3750.1,57098
2,2382.2,69167
4,265.7,314
3,2014.2,40810
4,1155.7,2501
5,2033.1,9046
6,614.2,831
4,375.9,859
2,2178.1,34034
3,1634.4,32058
3,454,3091
7,660.4,358
2,570.3,30008
3,1694.8,15104
6,338.6,118
4,1074.5,5930
6,846.9,750
7,378.1,71
4,986,2793
4,2285.5,20254
6,1213,3944
4,4141.8,63111
3,164.4,172
3,13538.5,739604
8,524,342
4,174.6,1644
5,628.1,805
5,1990.3,5921
5,337.3,2521
5,712.7,2222
3,347.9,3250
3,2335.9,21549
2,830.6,5772
4,2048.6,20280
3,919.3,5749
3,4571.3,64236
3,204,374
5,177.6,75
5,1081.5,9985
4,876.9,8682
9,879.4,575
6,1557.1,4758
4,302.4,238
6,4417.4,31028
4,1889.6,15920
5,520.7,933
2,715.3,14882
6,177.6,1
6,2556.7,14172
5,606.6,1097
5,478,787
5,828.7,2501
6,1491.7,2935
8,3165.6,7960
7,695.2,402
4,279.7,142
3,281.1,641
2,1602.8,31310
7,1205.6,1378
6,423.2,93
4,472.1,508
4,2448.3,37509
4,148.6,106
3,1831.6,14563
3,17953.5,724258
8,316.1,3
2,7010.1,176687
2,1233.7,16909
5,2722.4,24745
6,255,35
5,805.2,3444
3,672.1,2399
5,857.8,2009
6,1405.1,2202
4,428.5,464
6,2003.4,19662
2,5564.6,369864
5,2657.5,13908
5,850.5,2707
4,266.2,185
2,209,686
2,6333,265831
6,1087.4,1280
6,189.5,61
8,188.4,65
7,348.1,94
9,687.1,82
6,269.1,110
5,1799.1,13296
5,993.8,1889
5,238.5,10
3,2700.6,39500
2,963.6,36129
3,1347.9,13749
5,452.5,713
6,433.6,15
7,1192.6,2578
5,206.8,8
6,710.3,672
3,4108.4,155307
3,7441.9,331145
3,1500.9,17995
4,1946.1,8819
5,1224.2,3278
5,803.5,1039
4,1076.1,3959
3,3364,37894
6,178.7,31
4,313.8,402
6,1005,2941
2,1916.3,36218
4,1679.4,10278
2,1756.9,27457
3,173.1,35
5,310.1,92
6,321.9,132
3,566.7,1592
9,1819.7,2413
2,2096.9,76427
3,4937.2,82864
10,622,54
5,671.3,1801
9,157.3,3
3,8471.4,379848
6,360.5,280
5,1921.9,6241
4,2798,18298
6,6882.6,153913
3,1415.4,9303
5,3720.3,29075
2,1133.3,10465
5,497.7,2648
6,1199,1985
6,283.3,290
4,1446.6,6649
4,1430.4,6720
6,1164.5,2602
5,246.8,110
5,534.5,976
4,7037.6,94929
5,1173.3,5959
4,298.1,1618
3,2065.6,38196
2,1197.3,14071
5,285.4,228
3,613.3,1744
5,683.2,1693
4,2950.4,27100
4,1893.6,14117
4,542.4,770
4,6542.3,233147
4,2160.9,22357
5,1243,5000
2,268.2,896
8,207.7,142
5,148.5,94
6,519,207
5,143.6,23
2,879.7,15757
5,767.6,4267
5,462.5,570
5,7236.6,71863
4,424.9,868
6,238,21
3,339.7,1156
6,1162.6,1444
5,596.5,1178
4,314.3,669
2,218.7,633
4,1556.8,8683
5,919.3,6981
3,215.9,114
2,10354.6,697422
8,4006.6,16284
2,241.1,2877
5,178.6,138
6,1700,6092
2,7581.4,243882
6,721.1,1443
6,197.4,23
4,2395,13714
4,160.7,211
5,2515,13746
4,298.9,196
4,722.3,783
6,389.6,141
5,155.5,0
5,2178.9,12195
4,1489.2,6412
5,257.8,91
6,555.4,1048
2,10053.7,311542
6,563.7,374
4,185,148
4,1472.7,9590
5,275,86
4,298.2,422
3,239.5,308
6,184.3,5
4,11542.1,470677
4,6390.8,63075
4,620.5,3245
8,1043.2,1595
5,1861.8,11006
3,468.3,4432
3,269.8,361
2,3632.9,102733
5,188.8,3
3,1074.4,4256
6,2186.9,5814
6,405.7,636
6,1948.2,6100
5,312.2,55
2,11981.8,299795
2,1448.1,17518
5,2321.8,12142
6,2579.4,2711
2,3035.4,81764
8,276,19
4,1260,3287
8,725.1,1309
3,2003.9,19378
8,1128.6,1658
5,1121.5,2196
7,473.8,38
3,1564.6,12365
7,1017.6,549
7,254.6,80
4,1205.2,6183
5,629,913
6,2878.8,10547
8,497.1,403
2,630.8,3807
5,863,340
3,455.6,927
5,2081.5,7253
5,1064.1,1043
4,1022.1,3189
3,6671.4,339075
3,2193.4,13494
3,4404.5,2315
4,2138.8,87
6,3191.5,5711
2,2762.1,25649
4,231.4,42
6,201,49
5,1949.2,10112
6,2548.2,9627
3,150.1,17
7,661.4,344
6,416.3,274
3,245.3,548
5,255.7,79
7,663.6,295
6,1071.9,2486
5,3335,17496
3,207.2,79
4,12024.4,267207
3,355.3,1495
7,1968.4,8626
3,195.4,158
3,832.3,1679
3,447.5,941
4,562.4,878
5,372.2,83
5,5887.3,62126
4,191.3,35
3,1464.9,8216
4,1270.6,4704
5,4301.2,37601
3,955.6,2638
6,816.5,940
3,1800.1,18599
8,298.2,57
4,2002.2,10186
5,774.4,4874
5,776.5,1449
3,940.6,4250
4,1070.7,5477
6,254.2,80
3,2496.3,29534
3,482.4,605
7,431.7,942
4,1567,10984
6,571.2,47
4,1656.1,16654
8,3033.8,10817
3,392.1,902
3,294.1,368
4,2909.5,25531
4,1807.2,25801
5,1572.5,3998
2,9694.3,571653
7,273.6,866
6,610.6,571
3,8574,405284
2,1292.7,18462
5,248.2,105
4,1484.6,10059
3,394.9,559
4,653.4,1273
3,221,49
3,554.4,2445
2,1168.8,18350
7,2001,3305
4,4500.6,58203
3,9693.6,240275
3,1206.3,6256
6,1071.5,2921
6,296.1,68
5,12514.1,364324
2,621.7,9133
4,331.6,335
4,331.9,206
4,1037.6,8663
4,393.6,2484
5,2066.1,10136
6,1591.4,5748
6,764.4,3256
3,8787.2,164891
7,556.3,695
7,606.9,173
2,256.9,1886
7,1244.8,1667
3,481.8,2276
8,389.9,345
6,486.3,1031
3,255.2,540
5,828.1,1159
3,1924.2,30704
5,473.2,131
3,690.6,3265
5,1893.5,13557
2,17679.3,739745
6,1395.7,2810
5,4389.7,28139
8,631.1,342
6,1431,6474
6,755.7,725
5,1247.8,3550
7,1351.9,1687
4,4379.3,37902
3,796.3,2862
4,737.5,2016
2,777.3,9585
6,268.6,76
3,189.8,143
5,22460.2,903312
2,401.9,9216
4,349.9,67
4,15697.6,478756
4,1210.6,3336
3,1034.9,20986
5,1119.6,2467
4,264.2,118
3,9616.8,413103
2,515.8,2708
3,255.4,392
6,424.2,332
3,691.2,8194
2,336.2,4411
3,316.9,1396
6,3058.9,12489
4,204.9,134
3,597.9,3453
5,430.5,244
5,641.2,504
6,1095.4,8659
5,882.6,3058
9,736.4,217
4,635.6,3273
5,1166.8,2089
4,288,428
3,3510.4,46829
5,351.4,1273
4,8208.8,187798
5,1376.1,13390
3,480,1211
5,389.3,574
5,896.7,1372
5,582.8,893
6,1636.4,4576
2,1271.4,12697
2,4920.3,144492
5,512.3,501
4,195.1,38
5,2181.1,6368
3,758.2,2176
5,781.1,1863
4,255.7,757
2,1571.3,31387
4,1767.5,10535
3,318,521
6,402.6,83
7,1240.5,2633
3,17453.8,973610
5,14641.7,398225
3,6624.7,132631
4,2747.7,29285
3,1456.8,6958
5,1009.3,3110
4,705.8,1177
6,692.8,284
2,739.9,12106
3,200.9,235
5,313.4,78
3,1774,18456
6,289.2,185
6,4111.4,21693
3,769.5,5180
2,5272.4,210453
4,244.8,757
7,2786.6,11850
4,615.4,6543
4,1016.3,3849
7,456.7,34
5,247.3,54
5,2667.9,11698
6,1681.8,2393
5,8506.7,129997
5,2078.3,8915
5,1645.5,6320
7,648.2,1240
4,2629.7,19632
5,777.5,725
6,4081,26256
3,1517.3,13432
6,297.2,12
3,2374.8,27396
6,1680.9,5275
6,890.5,1216
2,5899.1,179939
4,1579.2,4121
4,314.2,90
6,756.5,476
8,435.3,39
4,2868.7,20390
3,2696.7,42264
7,970.8,983
3,5241.5,89642
4,188.9,62
3,393.7,1853
5,441.1,212
4,8854,164101
6,379.8,412
6,2213.1,5379
3,1563.2,10058
3,9881.6,211752
3,2253.6,18609
5,3203.8,26173
5,1932.8,10921
5,729.9,2242
3,265.2,163
6,1069.4,4033
3,2229.7,32775
7,403.8,638
3,412.2,263
3,221.5,323
4,387,320
2,894.7,7481
5,1616.8,5076
5,1288.5,8577
4,4040.6,34331
3,1888.4,14333
5,1521.9,8115
6,255.8,37
6,1471.5,3253
6,864.4,1526
2,117.9,47
3,2559.1,38739
6,2004.7,3263
5,2060.8,9185
5,3619.2,30604
3,3312.4,57367
6,1623.6,7635
4,5530.2,67521
2,215.5,826
5,4148.9,39130
6,443.4,273
2,11137.2,357711
2,1715.4,22915
3,1646.6,15656
7,644.7,608
2,1502.5,18240
4,625.7,1105
2,4447.6,81124
3,821.4,7848
3,138.1,141
3,187.4,137
7,237.7,34
7,255.3,38
3,2311.1,25067
3,170,68
6,2576.3,15484
6,1530.3,1506
3,1200.6,13539
3,361.9,1990
5,1175.8,3166
2,2849.7,51318
8,1528.9,3020
4,1748.6,13079
4,351.6,451
2,1104.4,20353
3,1554.7,10416
3,634.6,4045
8,1655.3,1904
5,313.8,994
6,344.9,167
3,401.8,1862
5,1382.6,10572
3,1366.2,26917
3,279.8,519
4,1238.9,4415
5,1128.3,1746
5,648.9,823
4,630.8,490
5,421.7,1608
4,670.4,434
6,1354.1,3747
11,2735.2,4045
3,1835.2,13124
3,480.6,4393
4,3731.9,29549
2,306.9,1494
5,1809.2,5433
6,298.8,223
4,5614.8,175625
4,823.2,4977
3,1686.1,11283
4,541.5,1993
3,652.2,2106
2,1965.7,80074
5,281.6,1021
4,1686.8,13748
5,874.3,2324
5,2053.5,9267
10,4359.6,9071
3,1542.5,21578
2,211.8,957
3,241.9,432
3,291.5,468
5,1052.6,4324
4,792.8,7566
4,466.3,528
6,382.1,5
4,485.1,1006
4,480.4,664
5,920.7,4730
4,4110.1,48460
2,622.1,4857
4,152.4,61
5,1928.3,7475
4,727.4,6575
5,1853.9,6836
2,151.6,55
3,1128.5,9650
9,951.8,1759
5,838.7,1806
4,222.2,92
6,1158.9,7731
2,1207.4,20742
6,2141.5,16469
3,933.8,4340
7,305.4,53
3,1023.4,7052
6,3517.3,21203
7,198.5,53
4,280.1,205
6,592.5,1315
5,179.5,21
5,613.3,924
4,631.2,1348
4,486.1,1490
11,1021.5,186
8,402.8,197
14,1584.3,706
7,1175.5,924
3,283.9,1374
3,316.2,162
3,360.4,681
8,583.5,177
7,167.2,0
4,606.5,511
3,443.6,1172
3,2851.1,55804
6,1695.5,4899
6,145.2,0
7,528.2,377
2,543.7,7899
3,22960.3,2018529
3,460.5,1592
8,2230.6,4664
7,273.7,73
5,8901.8,98910
3,1030.2,8107
5,210.6,256
6,444,163
4,1174.1,5609
5,908.5,1761
5,1119.2,2211
5,5300.6,63812
2,1241.7,9754
5,1046.5,6808
4,255.3,930
4,182.9,42
6,416.2,487
3,3337.8,44708
4,138,44
2,2511.6,71304
4,310.2,347
2,532.5,6604
3,1156.3,9293
4,917.7,7158
6,3596.3,20657
3,710.2,4992
4,1143.8,6144
5,1199.9,1948
3,335.6,1469
6,2094.6,6123
5,1722.9,8004
2,467.1,3709
14,1640.8,363
3,2198.3,19422
3,552.6,7197
6,332.3,533
3,1105.9,16907
5,1948.9,5361
3,3031.5,30375
2,409.3,3356
4,2188.3,28882
2,153.4,188
9,838.9,405
4,1515.3,12488
8,4770.8,20572
7,246.4,38
9,756.1,204
6,516.2,90
6,539.1,100
4,641.1,2620
3,150.2,102
5,1324,3202
4,362.1,400
4,189.3,75
6,2312.7,6736
4,1791.7,13516
2,245.6,1321
2,228.6,601
6,840.5,730
5,633.1,442
4,304.4,450
3,5090.3,106644
3,786,5959
4,165.8,28
2,3370.2,42318
2,2906,45774
3,6997.7,117887
3,4592.6,63136
2,699.2,5537
3,1387.8,13915
2,146,371
3,202.6,42
2,1029.8,9024
3,3353.8,40963
3,614.3,2195
2,1976.5,52271
3,1089.5,4549
2,185,126
2,1102.1,14104
2,784.5,5743
4,1089.1,3278
2,2311,29664
2,750.8,3437
3,15978.4,1064007
2,911.4,12271
2,324.5,1717
2,522.4,2923
2,633.1,3624
2,1021.2,7918
3,477.9,559
4,659.2,376
2,5172.1,112812
2,382.8,1654
2,5978.2,168888
2,1559.2,17448
2,925,15279
3,556,852
3,1341.2,10766
3,1778.6,15172
2,4042,70768
2,226,191
3,488.9,19735
2,170.3,106
2,360,1823
3,562.5,1396
3,1153.6,4264
2,1027.9,15172
3,330.4,740
3,1634.3,17393
2,230.4,178
2,2653.2,41744
4,207.4,79
3,657.8,1254
3,915.1,2713
2,1114.9,11656
3,1643.3,8733
3,448.1,1758
2,179.3,535
4,248.6,280
3,159.3,135
3,959.1,5810
2,5962.7,134580
4,3986.1,25468
2,259.3,241
2,1426.1,17622
2,354.5,5254
3,190.3,120
6,492.2,490
2,2463.3,47120
2,1051.4,11203
3,1244.7,10286
5,405,382
2,1926.5,27560
3,227.8,235
5,2602.6,11737
2,372.4,1030
3,2033.9,22156
3,241.9,283
2,269.2,1418
5,1395.6,1456
3,704.2,1413
3,3986.1,71389
2,202.2,896
3,322.7,827
2,497.7,2869
2,334.5,955
2,1038.8,9098
2,1351,15711
2,1503,16589
2,1574.9,24132
3,1340.4,5796
4,791.6,1805
2,223.5,1033
3,230.4,163
2,708.2,4627
2,819,5693
3,205,215
4,6731.8,98264
3,3124.7,59664
2,248.9,1130
2,355.4,1490
3,167.6,125
4,1367.3,5309
2,944.3,7018
2,314,1502
2,9183.2,215138
3,2611.3,25794
3,2133.4,20709
3,591.7,706
2,15122.4,639109
3,378.4,2054
2,434.2,16399
3,524.1,1008
3,660.7,1739
4,5503.9,82260
3,297.6,239
2,761.1,6259
2,296.9,1864
2,420.3,3445
3,4968.2,65712
2,280.9,773
2,2727.6,49291
3,2969.4,32125
3,184.2,125
3,7204.5,350492
3,1278,12032
3,304.3,160
2,309,2146
2,1186.9,14529
3,190.3,40
2,267.8,1361
3,1631.1,11718
4,715.9,3312
2,1410.8,13167
3,3667.1,44712
4,2055.7,19291
2,777.3,4844
3,6178.6,102583
2,336.7,1680
3,3046.1,46684
2,489.8,3294
2,1025.5,8350
2,435.5,1898
3,290.7,490
3,5066.2,89405
2,421.4,2685
2,3114.9,233222
4,488.6,3221
3,240.6,238
2,145.7,127
2,138.8,85
2,579.4,2814
2,1009.1,7228
3,12030.7,623564
3,2981.2,29178
4,217.7,33
2,1975.6,40589
2,153.8,228
2,9533.8,551690
3,156.2,162
2,626.3,14844
2,759.8,22170
2,723.7,7803
3,1365.3,14595
3,224,70
3,1423.9,4767
2,235.5,446
2,167.1,232
4,436.6,467
2,407.7,1809
3,3872.7,57079
2,190.4,360
2,1087.2,13118
3,990.5,3614
2,2872.6,41494
2,439.7,3643
3,289.1,213
4,652.8,1417
2,207.6,139
2,418.4,2236
3,578.3,1255
2,346.7,1930
3,519.2,1028
3,1049.4,15392
2,1341.3,24769
2,1721.2,27282
4,3170.1,24304
4,440.1,353
3,433.2,2830
2,377,1791
2,320.7,4359
2,366.7,2028
2,663.2,13674
3,664.5,9467
4,1606.7,13292
3,872.9,3879
3,3868.3,189727
3,2737.4,31880
3,925,3835
4,1100.3,2782
2,557,2287
2,900,6683
2,2199.5,35544
2,151.6,150
2,582.9,3612
2,231.8,1136
2,1679.7,27709
2,5719.8,181244
3,608.6,3606
2,491.3,2482
3,197.1,84
2,4357.5,75793
2,154.8,86
2,193.5,223
2,699.7,22834
4,405.5,1463
2,6316.7,146160
3,716.1,2358
2,151.7,90
2,8050.3,474193
2,136.6,31
2,1561.5,43929
3,834.7,1879
2,673,4942
2,172.6,368
4,4076.7,37246
2,658.8,4614
3,388.6,681
3,4274.1,64726
3,812.8,6804
4,516,781
5,771,1978
3,466,551
3,376,1140
3,9090.9,182120
2,482.8,2070
3,893.2,2851
4,656.3,2208
2,285.5,647
3,423.4,1317
4,254.3,55
2,1051.3,14571
3,7182.1,436998
2,208.6,337
2,1133.1,13188
2,537.6,4897
2,2358.5,39529
2,330.6,1053
2,685.9,3467
4,258.2,475
3,242.5,133
4,525.1,2555
3,293,1093
2,1231,18021
4,458.9,398
3,318.3,2420
2,279.3,785
3,320,561
3,437.3,1336
2,576.2,6720
3,1269.7,4867
2,183.8,209
2,379.3,2788
2,644.6,5381
4,189.6,19
3,396.1,362
2,1573.8,18355
3,151.8,159
2,139.5,25
3,1158.7,10225
2,440,8647
2,273.1,699
2,3980.4,80359
2,1780.4,27069
3,418.3,920
2,1282.6,18408
3,268.2,1021
2,1193.5,11757
3,482.5,435
2,3299.4,92219
2,318.3,529
2,220.1,234
3,3946.3,32995
2,864.2,24614
2,274.3,606
3,3420.6,36365
4,199.4,67
4,248.7,113
3,3232.3,46105
2,2629.4,59417
3,3080.1,37629
3,1327.8,11810
2,376.5,1679
5,3271.2,28046
3,1402.4,28157
3,1677,22718
3,1282.5,23609
2,199,1203
3,2213.9,32099
3,453.2,617
5,309.5,50
2,865.8,8412
2,394.7,2086
3,267.2,402
2,456.8,2059
3,146.3,61
2,568.7,3427
2,309.7,2869
3,208.9,268
3,2544,26195
3,162.2,42
3,872.7,6599
3,1199.5,42707
2,326.7,1285
2,1338.6,12889
3,2031.4,13341
4,530.5,6969
2,1595,42885
4,1007,6657
2,188.8,293
3,728,3557
4,853.3,15693
2,310.6,1173
4,664.7,1940
3,888.1,3172
2,668.4,2744
3,358.5,341
3,672,1492
3,2263.8,45618
2,272.6,1264
2,391.5,1001
4,171.4,18
4,444.5,1767
4,1471.7,5125
2,906.9,15733
3,15552.6,511337
4,254,103
3,691,2230
5,568.1,1874
3,292,548
3,1605.9,11567
3,271.6,107
4,209.4,29
2,234.4,1244
2,171.2,169
2,4890.2,124614
2,10899.9,750818
3,286.9,582
3,1028.7,5219
2,498.7,2975
3,504.9,626
2,506.7,4622
2,257.9,650
2,857.9,4913
3,2349.2,15951
2,216.4,1002
2,183.2,299
3,1372.4,7444
3,3829.2,47312
3,222.7,146
3,12548,646562
2,137.8,105
2,192.2,6130
2,214.3,415
2,352.9,3456
2,1056.2,10463
3,211.9,256
5,1051.6,5913
2,1728.5,19464
2,2069.1,36191
2,367.7,3062
2,1298.1,12783
3,622.7,1501
2,301.4,936
2,291.9,960
2,2485.4,50509
3,711.6,3007
4,608.3,2709
2,7791.5,221919
2,4375.1,85557
2,13528.1,552892
4,771.7,2486
6,205.2,56
2,962.3,23544
3,2879.9,28212
3,1444.2,16087
2,326.5,1272
3,5646.8,245468
3,279,355
3,240.8,324
2,832.9,5956
2,1090.4,9179
2,292.2,2505
3,1077.6,6025
3,871.3,5577
2,131.2,75
4,1259,9689
2,297.9,802
3,238,120
3,4405.4,67036
3,4757.2,211238
2,5981.4,199013
2,432.3,2390
3,225.2,128
3,296.8,124
2,1975.4,30814
2,410.2,4563
3,516.8,1261
3,248,3576
2,2182.8,34593
2,358.6,4808
2,1483.7,18096
3,589.4,2604
5,664,3163
2,220,303
3,769.6,5087
3,2299.5,33828
3,295.7,299
2,161.2,214
2,1425.8,21475
3,505.6,3225
2,811.6,6544
3,4786.1,57761
2,456.5,3677
3,593.1,3243
2,139.8,277
2,1207.4,15522
2,635.4,5730
2,188.1,442
3,508.1,400
2,954.3,7258
3,258.1,549
2,435.6,1682
2,497.1,1640
3,238.3,607
3,2565.5,114072
2,720.3,7093
2,322.4,798
3,1154.8,6959
2,214,743
3,509.7,3656
2,1909.6,21323
2,216,466
2,244.2,2817
3,780.4,3036
3,862.3,4227
2,6883.1,196656
3,194.7,464
2,1319.1,13012
4,1085.8,4594
3,360.5,1497
3,1243.5,9800
4,298.9,761
3,1308.5,6236
3,1036.1,6762
2,847.8,4331
2,14204.6,1125497
4,203.3,255
3,780.1,4139
2,529.4,7287
4,335.9,39
3,443.9,392
3,1357.9,3884
2,162.1,46
2,1008.1,11712
2,3495.9,61149
3,251.2,454
3,1390,12891
3,1223.2,16942
2,161.7,252
4,2590.3,19634
4,139,11
2,7206,168847
3,346.5,408
2,325.4,1582
2,271.8,726
3,411,990
2,468,5404
3,7250.1,134828
4,158.1,29
2,718.2,11640
3,2712.4,70526
4,761.2,2860
5,1031.9,2659
2,3080.5,66823
2,2132.7,39345
6,4191.6,25389
3,433,2223
3,323.5,1625
2,4339.3,107122
2,3249,50630
5,329,410
2,643.8,8701
2,287.3,1093
2,549.6,3091
2,2151.6,21774
2,908.1,42118
2,1364.9,25809
2,244.6,754
4,421.2,363
3,213.3,232
3,4543.6,248113
6,7077,61450
4,384.2,303
2,299.6,695
3,10591.6,298016
2,1731.3,28917
4,4252,43416
3,1406.5,12347
3,694.3,3763
4,173.3,110
3,1072,6758
2,160.2,69
3,2246.7,33822
3,5344.6,88475
3,286.8,1456
2,4792.1,93611
3,488.8,1760
4,1097.5,3754
2,5991.8,140250
4,800.1,2784
2,2569.2,56965
2,2187.5,33925
2,1911,33487
2,6333.3,169116
3,7101.5,147935
2,246.7,638
3,2335.4,22114
3,2383,55541
4,2170,10552
3,282.2,1434
3,2698,52310
3,220.1,102
3,1036.8,9912
5,426.2,499
2,3828.3,80793
3,478.3,976
2,327.6,1567
4,348.9,1709
4,816.6,3827
2,514.4,4258
2,169.8,849
3,308.8,1050
2,215.9,849
3,1743.7,11604
2,1125.6,12544
3,264.9,274
3,378.5,2644
2,748.6,8413
3,396.4,1233
3,538.9,1161
2,422.4,2270
3,593.6,2105
3,259.1,489
2,2591.9,53308
2,1316.8,12350
3,1781.2,15388
2,753.4,3905
3,256.5,917
3,713.6,3482
3,19074.3,1244480
2,177.4,484
3,254.7,2731
3,749.6,5074
3,5446.7,126511
3,717.4,3578
2,4078.4,163438
3,1796.2,34288
2,1354.9,12622
4,629.2,6226
3,2801.7,24163
3,491.8,2486
2,3101,75779
3,762.9,1621
2,1139.9,18283
3,2179.1,15338
2,224.6,437
3,224.9,135
2,3057.3,48726
3,1254.2,12263
2,279.7,1050
2,218.7,482
3,1009.8,4845
4,297,158
4,427.3,629
3,1589.8,12206
2,4466,95044
3,10981.9,262338
3,352.6,1016
2,359.2,1289
3,1286.2,7783
3,3929.5,38564
2,515.8,8255
2,1696.3,18659
3,441.1,4411
5,214.8,77
4,1599.9,31167
4,174,89
4,481.7,824
4,471.8,256
2,201.2,598
2,1218.2,9463
2,1585,20047
3,397.1,1128
5,298.9,142
4,435.4,594
2,652.9,2856
2,248.7,800
4,1489.2,6180
3,312.1,1308
5,1565.9,5201
3,494.1,1174
3,233.9,433
2,710.7,42641
2,362.1,2860
4,361.1,1308
2,421.6,2001
2,381,2169
3,531.3,1392
2,1116,10589
2,429,1950
2,480.1,4493
2,16854,913549
2,2428.6,39569
2,313.6,6554
4,596.7,1203
3,2060.6,29691
2,16639.4,1039566
2,407.8,20331
4,587.3,880
3,1023.5,5229
2,233.6,968
2,428.2,3583
4,236,88
2,223.2,733
2,371.5,1583
3,1226.5,9329
2,1161.8,10414
2,585.4,8479
2,464.1,3671
3,141.2,69
4,960.1,2456
3,6081.5,378593
3,1805.8,12090
3,1148.7,7375
3,330.5,293
3,482.6,691
2,1447.2,19652
3,236.7,644
4,272.3,380
3,191.3,159
3,5559.1,84485
3,651.4,1633
2,5289.5,112370
2,195.3,441
3,681.5,3798
2,3636.3,63868
2,681.7,31258
3,3280.5,61974
3,349.3,214
2,676,4562
4,1625.2,3660
2,1622.2,18068
3,6880.1,119932
2,1401.8,41321
3,1340.1,14350
2,379.5,2982
3,345.2,189
2,218.7,279
2,1018.1,9384
2,949,12744
2,1250.5,10295
2,827.4,13685
2,780.2,10687
2,167.5,92
4,575,610
2,346.8,1019
3,1108.6,9655
5,429.6,324
3,1504.3,8625
2,273.5,1232
2,768.7,10425
4,611.8,2143
2,403.1,2916
2,2635.2,51872
3,495,1716
3,16452.6,613507
2,910.8,7753
4,429.1,288
3,1493.4,10264
3,150.8,489
2,317,683
2,220.8,276
4,266.4,40
2,418,1804
2,572.2,2516
2,1864.3,25627
4,205.9,87
2,196,334
2,308.9,1337
3,982.1,4139
2,1183.6,15197
3,318.5,277
4,835.3,2345
3,747.4,5731
3,1873.4,16343
2,426.7,2327
3,657.5,2286
2,275.4,1123
2,262.7,488
3,6484,135189
3,2196,21252
3,5276.3,108467
2,571.8,5562
3,9942.7,424825
2,367.7,1465
2,1352.6,14753
4,1259.6,4448
2,574.9,3883
2,742.5,4139
3,407.4,2362
2,1869.1,46239
2,1569.6,28598
3,203,80
3,1149.2,8227
2,1283.7,24233
2,7890.5,505957
3,1821.3,19677
4,1873.2,6629
2,226.9,1218
2,189.2,538
4,368.9,818
4,5458.5,149454
2,390.5,2787
3,1035.4,17793
2,13317.8,953251
2,241.6,1123
2,879.8,5646
5,651.8,4079
3,594.6,3072
4,1123.4,4144
2,553.3,4697
4,1636.4,10892
2,309.6,723
2,1511.6,15885
3,2067.5,18133
2,7335.8,180748
3,1571.8,6628
3,225.8,315
2,769.8,4863
3,362,700
3,863.2,3109
2,4433,99758
3,3127,30206
2,723.4,9489
3,2012.1,14174
2,1259.2,17017
3,2139,22491
2,1679.7,20432
2,129.1,38
2,707.2,6838
2,802.8,9705
2,142.3,184
4,753.7,2515
4,770.8,2662
2,1256.4,18664
3,235,66
2,8676,596285
3,891.8,5335
2,261.3,323
4,942.4,2570
3,565.7,1486
2,193.1,656
2,5236.3,122914
2,1948.8,32007
3,329.5,318
5,1185.6,3968
2,361.9,2429
3,170,51
2,222.1,304
2,254.3,383
4,3676.1,37744
2,453.4,7249
3,331.3,1692
3,2638.5,20529
2,331,1204
2,262.7,786
4,309.6,1470
3,223.9,244
3,347.8,547
3,522.1,2697
2,5717.1,115968
2,732.4,10901
2,260.7,889
4,1053,7912
2,6688.2,403662
2,668.6,3573
3,2266.4,11141
4,2555.3,24326
2,186.9,250
4,1209.9,11849
3,2683.7,27208
2,627.2,6567
3,751.4,1933
3,1030,2935
3,320,1054
2,254.4,1216
2,208.3,451
3,1724.2,16631
2,242.2,552
2,455.2,10763
4,548.3,594
2,4773.1,139653
4,544.8,377
3,240.6,175
3,2837.6,24101
2,404.2,3851
5,498.4,886
2,312.6,1732
2,690.2,9826
3,1236.9,7805
2,217.7,376
2,1254.3,31486
2,19975,1018537
3,681.7,2685
2,464.2,1343
3,492,2197
3,323.4,244
2,2116.3,36082
2,4183.4,239086
2,358.7,3130
2,262.9,990
3,3892,48044
2,917.8,18210
3,1066,6500
3,5024.9,90924
2,185.4,285
2,162.3,161
2,2388.4,32318
3,1799.2,14796
3,1246.8,29162
3,4064.4,49221
3,259.9,129
4,387.7,172
2,705,4013
3,2819.2,26231
3,903.8,5024
2,1331.4,124522
3,640.9,1276
2,1962.9,23240
3,500.2,5752
3,164.8,44
4,428.5,1908
5,3175.6,30198
2,869,7801
2,238.8,256
4,462,627
2,211.5,1361
2,3023.4,88096
3,155.9,195
4,2255.7,16789
3,748,1883
3,1554.2,14839
4,183.7,17
2,1907.2,21586
2,2605.5,212864
2,240.7,1137
3,182.3,2
3,961.9,9965
2,461.2,7551
2,722.1,5029
3,817.2,2504
2,136.4,45
2,2588.1,44488
2,1065.4,17161
2,361.3,1936
3,191.7,12
3,2156.1,17850
3,817.7,1947
3,141.1,85
3,365.5,1188
2,434.3,10720
2,1077.8,10860
2,514.3,3092
2,131.1,87
6,979.7,463
3,170.7,235
2,266.9,1243
3,1675.1,10749
4,648.3,1081
2,1750.9,46401
3,416.9,272
2,1398.4,16508
2,316.7,2418
4,1693.2,10527
3,588.7,2173
3,1170.2,7447
4,618,2892
3,732.9,2904
2,3789.7,105737
3,801.2,3387
3,469.5,2082
2,6311.6,157097
2,1680.9,28092
2,1822.9,77229
2,2858.8,42255
2,2154.2,43480
3,241,132
3,1206.3,6348
4,1218.6,3673
2,1552.5,18093
3,601.9,993
3,1835.9,18107
4,179.7,26
3,1846.9,17934
2,1269.1,23076
3,5331.4,89819
2,361.8,1178
2,213.8,291
2,296,984
3,246.4,246
4,447.7,375
3,183.5,56
3,1419.7,7433
3,125.9,6
4,1720.4,7401
2,245.7,798
4,785.9,1513
3,186.4,28
2,1031.6,29533
3,2207.9,14969
3,204.9,128
5,1024.5,3397
3,501.7,1368
3,2312,14387
2,2175.4,44567
5,1416.2,3016
2,644.3,5302
2,4951.9,101322
3,1829,14790
3,2037.7,20738
2,1364.2,11238
4,471,1342
3,878.4,3293
3,396.2,657
2,1284.8,12394
3,637.6,1828
2,598.4,4189
2,9342.4,797081
3,3824.4,61885
3,4186.7,49901
5,1285.8,3088
3,253.2,156
3,262.4,319
2,314.6,630
2,429.1,1250
2,274.4,617
4,509.1,418
2,280,1388
2,299.1,1952
4,1567.3,8368
4,319.6,268
4,1958.4,20479
2,918.5,12193
2,5751.6,199460
2,341.3,2043
3,813.6,5221
2,2090.2,28373
3,179,52
3,7384.6,190818
3,860,4360
3,254.3,686
3,486.8,589
2,185.9,687
3,1129.8,3631
3,1027.5,6937
2,926.8,6328
2,8005.2,184483
4,534.2,795
2,234.8,1567
3,2348.5,20084
4,464.5,4608
2,129.6,36
2,695.6,2918
2,10041.1,665027
2,9176.9,370075
3,1822.2,12741
3,3368.9,35000
2,4240.1,218657
4,2957.2,24641
3,1444.4,38038
2,179.1,461
2,3382.9,72175
2,157.2,193
3,1461.6,12989
2,266.1,441
3,1029.3,5252
2,9482,260946
2,2631,62369
2,235.8,1445
2,19766,2722436
4,181.4,91
2,14145.8,565488
2,4367.4,93857
4,159.1,246
2,3327.1,120186
2,799.4,6867
3,1657.2,19163
4,2978.4,24405
3,524.7,881
3,397.6,948
2,292.5,766
2,645.9,5594
6,392,458
4,1710.2,7801
4,1408.1,10555
2,495.7,1611
3,385.6,2933
3,4397.9,49719
2,2654.3,41027
3,1255.1,8001
3,309.1,272
3,3883.5,67934
2,194.6,135
2,3565.2,59588
3,2475,22687
2,246.1,496
2,2042.1,31373
2,227.5,1424
3,300.2,363
2,4185.5,78886
2,1046.8,13547
2,1593.3,19677
2,8630,537876
4,906.5,3274
3,210.4,859
2,514.2,2744
4,4809.5,51893
2,7033.4,216324
2,1777.2,19127
3,535.3,884
5,378.7,840
3,759.4,2998
2,1833.1,29146
3,8942.6,164737
3,483.5,1873
2,609,2949
2,166.6,187
2,537.1,1524
3,470.8,2561
3,1156.7,8788
3,5837.9,80139
2,1082.4,7915
3,625.5,3913
2,587.8,7558
2,387.2,1928
3,2525.8,27750
2,993,16352
3,374.8,1048
2,662.5,3611
2,5437.7,139021
2,281,465
2,335.7,1596
3,3001.6,33733
2,645.2,3938
3,430.8,1133
3,399.5,4167
2,276.9,385
3,3722.2,48309
3,1320.6,9231
4,1403.2,17773
3,205.8,38
3,356.7,1844
3,441.4,1753
2,1749.4,16762
2,422,1772
3,612.6,7716
4,553.6,1729
2,907.9,11537
5,801.8,2452
3,2969,28422
2,517.5,4494
5,786.8,1324
2,1939.4,23016
5,894.4,1731
3,3681.8,39677
2,233.8,204
2,1301.1,11830
3,1022,5469
2,614.4,19787
3,423.5,8912
4,527.8,435
3,1819.4,12858
3,498.4,1456
2,2461.6,54549
2,181.7,228
2,231.2,793
3,3725,37262
4,1589.5,9207
2,302.4,1530
2,822.3,3708
3,342.4,5057
4,210,17
4,1276.5,7345
4,564.4,1990
3,509.4,1681
2,5851.8,163396
3,714.2,5085
4,664.2,2501
2,653.9,3379
2,208.2,189
2,1032.7,7459
2,511.4,2778
2,1739.6,18124
2,441.3,5901
3,324.1,349
3,1743.6,93756
2,647.5,5289
3,496.4,2067
4,653.5,3324
2,125.2,159
2,2445,63990
2,1657.9,24051
5,433,1431
2,168.2,62
3,394.8,907
2,163.3,4229
6,457.4,66
3,1448.4,10339
2,339.6,1603
2,575.1,5825
2,165.6,145
6,290.8,85
3,844.2,3609
3,2514.2,37463
3,1048,8639
3,210.8,376
2,768.6,5629
2,1342.8,20123
3,807.3,5171
4,254.9,209
4,2268.5,49070
4,11202.7,508043
2,5293,135277
3,294.8,564
2,338.2,1958
4,205.4,46
2,3005.2,176713
2,943.1,6427
3,353.8,356
2,1412,12808
4,2121.7,25221
4,2625.3,33130
3,230.5,129
2,371.3,983
4,637.5,3704
2,3150.3,148750
2,545.1,2730
3,1417.6,8678
4,2503.8,12896
3,1362.1,8834
2,265.2,253
2,319.8,4325
2,2193.4,124968
3,1082.1,6583
2,222,785
2,4714.1,148764
2,172.9,48
2,254.3,590
2,7906.8,552095
2,441.2,2050
2,192.4,738
2,274.1,2299
4,664.1,1212
2,844.2,32101
3,1284.4,11324
3,777.5,2387
3,1227.1,9683
2,594,11519
5,1007.6,2527
3,4081,53046
3,1450.8,7496
4,1914.9,65775
4,1233.2,5026
3,132.9,27
4,1012.4,3785
4,696.2,1847
4,948.1,4055
2,344.5,1876
2,8057.4,310834
3,274.8,167
2,541.8,4049
3,641.8,2984
2,259.3,1764
2,1479,20503
3,7365.9,135849
2,4486.5,96155
2,1628.6,32743
3,198.7,205
5,509.9,265
2,1408.6,15378
2,273.7,780
3,655.8,1940
2,142.8,218
2,1837.4,22157
4,13454.4,271247
4,3834.5,35306
2,267.4,3440
3,245.2,267
2,640.6,4475
2,8712.6,385580
2,514.8,2616
3,738.1,3811
2,946.8,10923
3,504.3,1444
3,1046.7,8462
3,288.8,196
3,167.8,47
2,621.5,4342
3,1936.8,12151
3,188,57
2,821.7,7146
3,379.3,353
2,1833.9,21388
3,1059.8,6232
3,6069.1,94012
3,183.7,28
2,545,3846
3,494.1,860
3,185.8,138
3,277.9,1116
2,211.6,537
4,298.4,1190
3,196.8,62
3,3043.5,35831
2,574.9,8502
3,1205.8,5288
3,1306.5,7326
3,2216.1,36672
3,181.2,258
2,288.7,806
3,947.1,21103
3,502.8,1351
4,2010.7,20021
3,1142.3,9956
2,1252.9,10893
3,388.5,1911
2,127.2,32
2,4761.2,119124
3,546.4,1693
3,1450.2,54397
2,1135.7,8748
2,304.3,655
2,9082.5,244848
4,12866.7,519061
4,8482.1,267978
3,1237.1,9213
2,1482.5,33095
4,341.7,868
3,139.7,5
2,378.7,3150
3,250.4,992
3,1288.3,12484
4,471.1,406
3,383.3,487
4,385.4,611
3,238.4,380
3,571,1504
2,857.2,6967
3,1068.2,4062
4,1352.2,4405
3,350.2,1952
2,326.1,1012
3,262.8,459
3,668.6,3312
5,219.1,143
2,174.9,255
4,392.8,341
3,1363.1,9135
4,3162.2,34906
2,997.5,29099
4,3054,44869
2,488.2,2740
3,649,3911
4,196.9,236
4,167.3,52
3,1695.9,18351
3,1171.2,8689
3,697.2,3508
2,406.2,3043
3,772.4,9865
3,1722.3,21324
3,374.6,1295
3,331.1,209
5,572.5,1152
2,321,812
3,168.7,264
2,206.3,1577
2,350.8,2995
4,794.8,2414
3,989,23269
2,315.8,1062
2,622.1,3514
2,407.1,2369
3,240.8,139
3,3253.8,41235
2,888.3,6604
3,200.6,112
4,231.8,443
2,313.3,839
3,766.6,4321
2,581.7,3403
3,264.2,120
3,234.5,894
3,347.5,368
2,538.1,3253
3,5491.7,76586
3,421.1,1595
3,245.4,129
2,9978.6,378864
2,1621.7,20526
2,276.8,1720
3,234.4,150
3,162.4,157
2,158.9,223
4,2354.2,11059
3,816.4,3608
2,545,5603
2,325.9,2935
2,396.4,1787
3,331.5,530
2,3831.6,71912
3,332.3,2802
2,301.3,713
2,747.8,4596
3,7500,119004
3,7057.6,146566
3,154.4,11
3,211.5,247
4,5597.7,55895
2,333.5,1394
2,1990.2,28496
3,490.4,531
3,1183.6,4634
2,785.5,9123
2,140.1,20
3,298.5,1841
2,19448.2,1374711
2,3544.8,60463
3,1334.8,13499
4,921,1983
3,314.6,2246
2,191.8,513
4,352.4,675
4,462.6,375
3,327.7,791
3,148.5,250
3,738.3,5064
3,3815.8,48346
4,316.7,178
3,623.6,3013
4,498.1,899
4,574.9,1013
2,8702,319305
2,142.1,51
3,899.6,7306
3,226.1,427
2,456.2,2320
3,2094.6,19168
2,639.1,5173
2,273.7,501
4,326.4,334
3,1110.4,6590
3,259.9,340
3,3251.5,40097
4,1870.1,5795
2,128.1,22
2,299.5,427
3,1972.1,31724
3,2421,22771
3,300.9,3073
2,1223.8,16512
2,202.8,2039
2,16486.3,1171064
3,521.6,1741
2,410.1,1258
3,569,1870
4,279.9,250
3,2366.8,17014
3,528.4,1654
3,319.6,464
4,1628.2,5737
2,700.8,2120
3,1690.7,17497
4,543.1,1230
4,466.5,1534
2,924.5,10641
2,1036.2,17257
2,194.6,681
3,1371.6,4807
3,1190.6,9640
2,1595.9,20760
4,727.3,938
3,1330.8,5770
5,7371.9,96452
2,387.8,9094
2,774,7165
4,5329.4,225617
3,322.8,1150
2,577.4,2575
2,197.8,500
2,654.4,4213
2,1368.1,13597
3,234.8,482
2,227.7,1375
3,7131.8,118076
2,226.8,466
2,730.5,9707
2,1040.2,15997
3,1064.5,5988
2,8412.4,276856
2,421.4,5516
3,1163.6,3913
3,168.7,101
2,900.2,5851
3,763.2,2211
2,428.6,2954
2,11055.3,555919
3,678.7,3199
4,3201.7,26115
3,210.6,93
3,6163.1,102007
3,150.2,16
2,484.8,2175
2,884.8,11340
2,1769.1,117307
2,1718.7,15444
3,1981.3,12392
2,381.6,1255
3,2337.1,20321
5,214.2,118
2,5145.9,127895
2,504.3,3344
2,176.4,169
3,168.1,30
3,394.4,1476
2,1185.8,10859
2,6488.5,141187
2,444.8,6792
4,388.5,518
3,527.9,1320
3,238.6,556
2,3819.2,76111
3,1277.5,20320
2,2033.3,34454
4,321.1,136
3,615,1110
2,1345.5,13036
2,339.9,769
3,1622.6,16330
3,607,4519
3,279.5,318
3,1592.5,8523
2,629,3634
3,274.3,1344
6,1071.6,1810
4,469.5,353
3,1517.5,12821
3,218.4,39
4,314.7,388
3,2973.6,40183
2,282.9,1087
4,1057.1,3552
2,334.1,1879
3,4207,64705
3,309.7,4520
4,603.6,1333
3,456.9,2080
3,1149.1,8189
2,1608.4,23064
2,545.3,2431
4,1806.2,10882
3,1861.8,24462
3,1171.3,9864
3,502.8,2114
2,2844.4,139927
2,1155.4,13522
3,1053.3,6452
3,212.7,131
3,214.2,214
2,153.9,38
4,1103.2,17834
4,1759.4,9612
3,1419.7,4965
4,1919.8,9530
3,1968.2,72272
3,129.2,5
2,210.1,440
2,6715.5,151848
3,556.8,5438
4,417.6,899
2,161.6,290
3,6055,106967
3,660.4,1012
4,2702,15492
4,414.9,507
3,1639.7,11749
3,536.1,2792
2,1044.3,17872
2,351.9,2354
2,593.7,6150
4,509,1004
3,407.2,1364
3,738.1,9153
3,151.6,21
2,278.5,2997
3,2342.9,20974
5,239,139
2,387.9,2674
2,2171.5,29537
3,1079.6,8315
3,363.5,609
3,526.3,4898
3,253,354
3,1186.4,5416
2,172.5,146
3,155.3,59
2,10698.7,373127
3,176.5,99
3,418.2,509
3,1525.8,7286
3,2706.6,48989
3,2750.4,22470
2,308,1196
7,850.6,2423
3,336.1,1791
2,1553.6,20296
4,2762.9,22790
2,274.3,937
2,678.7,10753
2,711.2,6130
2,4335,331826
5,4122.5,28118
4,3843.3,39444
4,919,950
3,2043.1,20746
3,1309.1,16132
3,562.4,2616
3,155.6,147
3,642.3,3848
3,600.4,1820
2,2115,30674
2,815.1,17027
2,383.8,1176
2,317.9,2103
3,1728,19209
2,239.4,1955
4,791.5,2261
2,451.1,1798
3,2379.9,98866
2,184.9,147
3,2778.2,37383
4,646.3,1035
3,2284.9,15964
2,2201.5,31042
2,666.8,6105
3,3807.5,144893
3,2723.3,36281
3,250.6,278
3,4112.3,78421
2,497.8,4949
3,265.8,406
3,464.6,904
2,2234.7,41470
3,344.2,1080
3,228.4,259
2,7172.4,393703
2,208.5,865
2,506.6,2697
2,143.6,173
4,1676.2,15575
4,4633.8,174671
2,597.4,4447
2,295.5,564
2,7951.2,254507
4,477.5,1690
2,321.2,1043
2,266.1,1059
3,512.4,858
2,174.5,213
2,1279.3,13105
5,1059.9,4146
2,285.9,1804
2,556.8,2120
3,410.6,2949
2,200.9,253
3,1847.3,16879
4,1683.7,7953
2,16691.3,951889
3,1371.1,12068
4,5134.5,51706
2,271.3,645
2,2136,49770
2,283.4,1021
2,538.3,4376
2,581,3813
2,944.9,10983
2,647.2,7164
3,243.9,330
2,185.5,175
4,3974.3,40921
3,194.1,43
3,1078.3,3847
2,932.5,11524
3,1466.1,8457
4,5314.6,59053
3,1150.2,7585
2,310.7,1724
2,493.9,3636
4,381.4,198
3,1610,13482
4,4375.4,40237
2,1364,27337
3,429.4,1469
4,549.3,1436
3,512.2,3544
2,717.3,17246
4,3753.6,60364
2,960.5,10779
2,257.8,857
3,599.9,1238
2,567.7,16315
2,192.3,115
2,222.1,452
3,2242.4,18331
3,3790.8,42896
3,245.7,115
2,203.2,449
3,508.2,1808
3,284.5,194
2,4298.8,259096
2,10573.1,722511
2,1005.5,6747
3,159.7,53
3,410.4,562
3,2132,38817
2,537.3,5684
2,667.3,23501
3,172.1,171
3,323.7,268
3,164.8,199
4,1551.8,6589
2,1005.9,8725
2,6511.5,216691
3,315.5,1172
4,4247.5,58262
3,3172.8,32726
4,263.7,92
2,356.4,1807
2,232.6,275
3,3864.7,59181
2,223.8,688
2,795.3,8671
2,2388.5,36308
3,3497.1,33777
2,758.1,7180
3,186.9,516
2,3406.6,131468
2,383.4,7721
3,2893.5,41257
2,6376.8,357855
2,4715.2,89623
2,7672.1,422182
3,316.6,436
2,2363.9,45638
2,346.7,3042
2,1195.2,12387
4,369,258
3,3717.2,51598
3,1163.9,5752
3,6499.6,107678
2,4158.7,113236
3,1521.3,10490
2,479.3,16541
2,136.5,104
4,266.7,263
3,517.5,1948
2,262.7,511
3,469.2,2264
2,1957.1,46591
2,1898.1,34775
2,142.6,41
2,256.3,1565
4,1348.5,5082
3,982.3,4915
6,1855.6,38569
3,1728.9,12748
2,359.2,1178
3,1036.7,2801
3,398.6,934
4,778.7,4708
3,273.3,1126
4,3007.5,21816
4,285.1,372
2,676,5272
3,2622.6,25138
2,144.6,43
3,3819.4,58143
2,369.8,2536
3,144,24
4,754.2,1706
2,1669.8,71453
2,551.6,4606
3,206.8,84
3,755.1,2862
3,204,81
3,2000.1,43788
2,230.5,369
2,861,5592
2,297.9,1018
2,633.1,3608
3,3342.1,63598
4,394.2,594
2,264.4,1137
4,308.9,104
3,671.2,2591
2,455.7,3595
3,4192.3,90325
2,278.1,1513
2,923.6,5307
2,1713.9,44478
2,809.3,9377
4,248.4,39
3,757.3,1356
3,189.2,99
4,247.8,74
2,395.3,1566
2,1411.8,16994
3,4948.2,232999
2,534,2870
3,706.3,4289
2,4240.2,79897
3,712.2,3308
3,710.4,3221
2,4031.8,73272
2,316.7,2807
2,1300.7,9692
3,8703,232581
4,6310,91902
3,1034,5456
4,899.9,9107
2,311.8,1176
3,4021.4,77104
2,655.6,2831
4,1959.1,17216
3,598.2,1343
2,2405.2,31784
2,816.6,10273
2,783.4,7457
4,804.4,2680
2,392.5,1177
4,544.8,770
2,279.5,1133
4,736.4,4272
2,498.4,16447
2,4133.3,78008
2,525.5,3916
4,872.1,2176
5,332.1,268
2,248.4,381
4,292.9,176
3,499.8,3766
2,792.9,5070
4,375.7,552
2,182.7,311
4,205.1,80
2,349.6,3327
2,6002.9,182926
3,479.8,1089
3,866.8,3716
2,240.3,575
3,7227.3,134575
2,2746,65882
3,1137.2,4481
3,1445.4,6919
3,865.3,8923
2,425.5,4496
2,208.8,406
4,2496.6,16483
2,139.3,161
4,2774.8,23693
2,570.8,4670
2,11203.7,493787
4,371.2,436
2,164.9,357
5,1076.5,1688
3,530.1,1461
2,134.1,111
2,228.5,658
2,936.4,5657
2,5233.8,114862
4,1083.7,2864
3,1614.4,9659
3,168.1,248
4,317.3,253
4,324.7,2248
3,682.5,2489
2,6775,152289
3,297.9,558
2,288.6,2901
2,2206,40810
2,2760.8,63967
2,430.8,1403
2,243.1,391
3,1541.1,20686
2,343.2,2120
3,252.7,1203
4,520.5,1501
3,2366.5,21006
2,310,3092
3,315.4,834
3,9661.5,347615
2,249.4,982
2,202.9,952
2,339,736
2,966.3,4939
2,20268.3,1004471
5,370.9,572
4,289.5,161
4,7447.3,96100
2,259.7,580
2,197.2,737
5,4404.2,43198
2,385.3,1774
3,5160.1,86918
3,376,311
3,318.6,391
2,406.7,3132
3,2134.8,24626
3,251.4,981
2,6058.5,142325
3,338.8,3899
3,502.3,3198
2,6827,203146
4,938.5,5478
4,318.6,1491
3,559.2,1548
5,267.9,30
3,1124.9,6762
2,291.3,765
3,2976.5,29190
2,216.6,372
3,289.9,1047
3,1367,5279
2,311.9,1029
3,420.6,566
3,370.6,2496
4,409.2,1262
3,3979.1,231591
3,6431.8,247153
3,438.6,823
2,358.4,1478
3,4618.8,57554
5,1369.4,3529
2,4045.2,99058
2,143.5,209
3,728.8,5689
2,615.6,18940
2,21285.7,1377887
5,435.3,1461
2,746.1,10895
3,2500.9,27621
2,238.5,1207
4,2485.4,17700
2,3499.1,268454
2,1271,18550
2,1525.1,15059
2,2155.5,49028
4,231.7,194
2,301.6,1089
2,1884.9,25450
2,1542.3,21928
3,1891,19540
3,501.4,1553
4,9653,367118
4,204.5,21
3,653.9,1653
2,507.7,6429
4,380,273
2,325.7,2999
3,1826.6,22433
2,203.4,258
4,779.8,4290
4,2279.4,8777
3,175.1,31
2,571.1,3586
2,244.3,467
3,542.7,1430
4,1174.7,5589
2,2111.4,102911
2,960.6,12766
4,2572.2,15023
3,339.5,570
3,6851.6,385736
2,259.8,1502
3,2629.9,21445
3,1084.8,3917
4,4119.3,36149
2,763.1,7369
2,750.2,4818
2,565.7,7548
5,785.2,3002
6,4161.2,22470
2,4567,112522
3,1456.9,9104
3,667.7,3141
3,1209.4,11047
2,11685.1,766260
3,3935.8,71821
4,954.6,7876
4,4712.2,47104
2,268.9,1974
2,397.7,1293
3,272.5,50
4,778.3,941
2,652.6,6940
2,213.8,458
4,319.5,92
4,2451.8,13263
3,1099.7,5235
3,2223.9,19994
3,264.9,350
2,6951.3,163912
3,8413.8,357309
2,1976.1,28178
2,454.7,4198
2,159.1,165
2,735.5,5144
2,329.8,1338
5,531.2,8823
3,2404.3,19210
2,1618.8,18505
2,497.9,1936
3,561,174
2,589.2,7572
2,342.8,4168
4,568.5,2128
2,350.6,1144
3,120.5,8
2,1130.8,11620
3,174.9,126
3,2923,32095
2,184.8,1016
3,419,1692
3,437.4,1763
2,1336,39379
2,3254,61594
5,1464.4,4878
2,1104.3,10283
2,299,751
3,531.9,1872
2,1925.2,22929
3,1122.7,8021
2,1678,19381
4,396.2,841
3,4142.7,79461
2,670.6,6400
3,163.4,193
3,7746.4,136390
2,276.7,2988
2,344.2,3484
3,705.4,2941
2,402.1,2331
2,472.7,6219
3,164.8,78
2,1076.7,13370
2,274.3,925
2,560.1,6715
3,24298.3,2566081
2,8562.8,388762
4,2686.6,48965
3,324.1,773
2,1212.3,19057
2,368.5,1003
2,12143.5,674032
2,1201.2,16788
2,3064.1,204731
2,222.4,387
3,433.2,875
4,4637.9,41565
3,170.1,10
2,1363.3,14374
2,3016.5,64060
4,548.8,3143
2,350,1314
2,913.6,7425
4,158,7
4,1159.2,33723
3,290.8,591
3,1169.2,5848
2,226.1,568
2,194.1,131
3,7089,120003
2,720.2,6268
3,286.8,376
2,2364.3,39670
2,3446.8,60608
2,2188.5,28211
3,156.7,13
3,198.4,40
4,343.4,1511
2,283.8,2236
3,518,1948
4,5508.1,81993
4,535.6,767
2,1335.5,38081
4,903.6,988
2,1070.4,18038
3,3976.6,62502
2,8598.1,225669
3,541.6,4003
2,1432.2,28987
3,413.9,657
2,405.5,1087
2,1695.5,29367
3,184.1,67
5,1947.7,8864
2,1307.9,16661
2,199.8,514
3,661.1,1892
3,1702.5,9981
3,3063,34724
3,739.2,4719
2,1789.8,26562
3,878,7604
3,516,1476
3,1158.6,7108
2,697.3,6656
3,621.2,1452
2,911.6,10090
2,597.8,2925
6,4240.3,28768
4,519.5,839
2,273.9,1617
3,386.4,939
4,249,252
3,248.5,402
3,353.3,311
4,1236.1,9717
3,328,11602
3,2427.7,22143
3,4288,58420
3,3872.9,59749
3,1259.9,5416
3,2507,26701
2,614.3,6501
2,285.2,751
4,270.1,321
2,1028.5,18619
2,452.3,1452
4,277.8,213
2,426.9,3243
3,876.9,3108
