elements_per_query,time execution,size_intersection
4,9247.9,122182
4,2592.1,5598
5,2838.4,8589
5,1843.2,4071
2,13316.5,633784
3,1149.1,10115
2,1195.1,8866
4,1122.3,3505
3,14163.1,354326
5,321.7,61
5,5600.2,67822
6,980.3,686
2,765.9,13094
2,2394.8,28457
4,6734.4,88411
3,552.4,1439
3,1951.8,9285
2,458.2,1369
3,2030.4,30261
4,1634,5614
5,3089.3,14955
4,1183,5116
2,282.7,1718
5,1025.5,1840
5,390.7,82
2,1406.4,20361
4,1408.3,5298
3,263.2,403
4,297.5,215
2,145.5,144
4,2293.1,11023
2,259.6,316
4,312.2,131
4,3435.8,39542
3,225.8,220
4,784.6,1781
5,791.7,1146
3,1416.1,6685
3,304.3,503
4,1243.3,2691
4,931.3,2176
2,334,1626
3,1421.4,6082
3,320.4,337
2,801.1,26622
4,1282.4,3663
4,278.1,85
3,620.9,1017
5,7307.2,75264
3,705.2,858
3,307.6,793
4,773,855
4,658.1,936
5,1228.8,8606
4,265,446
4,468.2,1055
4,3099.2,21169
5,481.4,418
5,202.3,35
4,657.8,2420
3,135.2,13
3,1180.4,6587
2,968.5,9346
5,1002.2,1478
4,437.7,865
3,11716.7,248618
4,402.9,1064
5,2001.1,7566
2,135.2,29
3,709.1,1735
4,1997.7,9160
3,754,1701
3,4233.1,46192
4,1152.3,6684
3,431,1668
5,1070.4,3856
3,299,123
6,212.7,21
6,802.6,2167
2,298.9,893
2,303.5,709
4,780.9,1180
3,456.3,491
3,139.9,51
3,242,316
3,1406.1,13144
4,865.4,2604
3,318.9,295
4,8294.1,119846
3,205.8,174
5,358.4,108
4,3635.8,55058
3,2579.1,16490
4,376,204
2,1614.1,26939
4,1670.8,4468
5,1351.7,1670
3,2518.3,25686
4,5699.7,57863
5,307.4,242
4,603.8,1843
6,280.2,369
3,2894.7,33287
5,563.9,492
6,3962.8,13848
3,184.6,58
4,145.5,19
3,233.8,334
3,162.9,106
3,1287.9,8759
4,1582.9,8721
4,330.7,51
4,2014.5,6290
3,2200.5,31819
6,485.3,391
2,255.3,304
8,246.8,40
2,173.1,329
5,131.1,15
5,3031,30737
5,885.3,2560
3,1141.1,4137
6,2033.1,5693
4,2959,268298
4,3442.4,26927
3,2667.7,36177
7,263,8
4,4102.1,47416
4,975.8,3302
7,851.2,739
4,882.1,5775
2,393.9,1732
5,238.6,94
2,2270.9,68385
3,1093.5,4884
2,1201.3,12300
4,155.5,17
3,6115.2,134424
2,2241.8,45304
3,424.2,2674
2,259.2,1506
4,808.5,8305
4,336.7,753
4,474.8,861
4,198.2,22
5,973.8,1997
6,1046.4,961
3,246,97
3,292.7,1954
4,299.5,352
3,450.8,2225
3,979.7,1982
3,452.3,1297
4,1471.1,7791
5,368,90
2,234.6,574
3,528.4,1555
4,3073.3,21022
3,313.8,354
4,590.9,1251
2,1825.2,27720
5,1682.8,18482
2,1733.8,31485
4,958,2325
5,800.2,863
4,1342.2,2764
3,2074,30027
4,2149.7,21676
2,412.1,1907
3,179.5,256
4,3388.6,23194
4,518.2,486
3,370.1,235
5,3499.8,14852
3,675.1,4344
3,233.6,633
4,242.4,90
3,432.9,3455
4,2044.4,10986
4,934.3,2382
4,1048.3,3406
3,2302.8,21736
4,211.2,216
3,513.3,1910
3,551.9,5461
4,1398.8,7789
3,282.2,857
6,407.6,76
4,6895.5,90485
3,1162.7,5913
4,767.2,781
3,471.6,1255
4,2488.6,24027
5,1172.2,1881
3,305.9,68
2,569.9,5579
3,489.9,1904
4,562.2,1200
3,230.1,123
4,513.5,776
2,292.8,979
4,430.1,200
3,3052.6,1378
2,6183.6,83222
4,698.8,665
5,2424.7,9161
4,2650.6,10088
4,489.7,449
3,242.9,84
5,242.3,113
3,244.1,209
4,545.7,150
3,3014.8,31262
2,451.7,2281
2,1799.3,33769
3,330.1,424
3,1552.9,11129
2,3495.4,210750
3,796.1,8549
4,200.5,83
4,815.2,3031
3,607.6,1917
4,957,3983
6,349,321
5,622.7,1417
2,1166.1,15617
3,224.5,172
5,4124.7,65405
3,1003.3,2696
2,743.5,6082
2,614.5,3571
3,800.9,4415
3,324.7,341
3,329.2,1950
2,1381.2,11905
3,3498,35467
4,785.7,4066
3,520.5,4315
3,479.1,821
3,4018.2,47755
2,927.9,9015
3,417.4,586
5,1184.4,1631
5,326.1,56
5,421.2,1396
3,170.5,366
5,1127,2394
3,3319,29170
5,359.5,16
3,545.3,2080
3,492.7,3688
4,2521.9,11084
3,604.2,2876
5,487.1,599
6,2468.4,5424
4,1365,4187
3,606.3,2264
2,842.9,7515
3,4261.5,242829
5,446.4,1238
3,521.3,909
3,361.4,441
4,415.9,639
4,289.4,554
5,3677.9,26614
4,480,1213
3,1031.7,10073
5,198.5,69
3,449.2,4029
3,1079.8,3757
3,330,539
5,516,386
5,287.9,174
2,1587.6,30251
3,1226.2,7968
3,223.6,364
3,1342.9,10601
5,2488.9,8294
5,403.3,304
2,214.4,1170
5,545.3,533
5,261.7,32
3,151,116
3,527.9,1791
5,192.8,6
5,199.1,4
4,3698,5332
5,1031.4,2858
3,193.3,18
3,14035.8,582266
2,348.9,3962
3,2275.8,45443
2,281.3,4899
5,1240.6,2236
2,677.1,2618
4,136,2
3,5881.5,115985
4,1609.2,5605
5,243.1,58
3,270,246
3,260.9,245
2,3368.1,88536
5,476.7,740
3,691.9,6939
3,535.5,2024
2,31093.4,3644511
3,528.3,1853
4,423.9,768
4,296.1,124
4,1421.6,7929
5,502.4,308
4,1268.6,3733
4,1449.4,4739
5,366.7,84
3,260.5,157
3,717.3,2434
6,775.1,462
3,5410.3,74184
2,10012,302800
5,306.4,310
4,236.8,222
2,4541.8,520347
4,1333.1,3780
2,2448.2,45600
4,536.9,1302
3,4217.7,67778
2,2981.9,104479
3,764.4,9753
3,975.5,4824
5,481.5,361
4,549.7,2567
6,665.9,328
2,223.7,1533
5,312.4,105
5,840.2,1381
2,471.3,5093
5,255.9,71
5,540.6,494
3,520.5,2226
3,839.3,5328
2,387,1599
3,231.5,513
3,532.4,7092
5,211.6,5
3,1846.9,24820
3,2222.7,14608
2,409.1,3330
3,629,2923
5,6500.7,48602
3,310.8,333
3,1940,12569
2,285.2,753
2,1105.1,9212
3,527.8,877
4,220.7,142
7,4355.4,12175
3,690.9,8127
3,339.9,1002
3,1535.5,12329
4,1304.2,4527
3,1867.7,9791
6,2423.6,4825
4,579.5,1853
2,192.6,139
4,1049.4,2885
4,2418.4,13487
3,2969.8,33854
4,264.9,168
5,888.9,1130
5,1376,3057
4,1932.4,19757
3,1383.7,12973
3,195,93
3,417.8,280
5,254.4,97
4,186.5,56
5,635.9,3272
3,1751.1,11963
3,262.8,467
3,201.6,104
4,832.4,1526
2,253.7,573
4,1003.3,2109
6,278,48
3,250.5,325
2,2683.8,27853
4,982.1,3036
4,173.6,8
3,2561.7,29845
3,2827.3,38354
2,862.1,6695
4,644.2,6139
4,1611.6,4149
4,2353.3,12021
4,789.2,1867
2,311.2,2903
4,551.1,1090
5,609.6,152
2,2867.8,33203
3,2353.8,13579
4,389,184
3,205.2,87
3,408,1206
5,447.1,195
5,330.3,74
2,1419.2,18924
2,312,1547
4,1097.6,1741
4,273.6,92
3,1516.2,11201
3,1448.3,12594
3,505.4,2851
3,368.7,281
4,687.3,974
3,2310.3,41090
3,649.6,2007
4,1121.8,1958
5,300,328
4,583.1,991
4,854.9,1306
2,522.3,3901
4,1604.2,9034
5,3916.3,29481
3,4939.2,82082
4,866.1,4396
3,680.6,1628
5,255.7,28
3,202.4,217
2,3112,98326
5,1294.6,1962
6,2134.3,8139
3,1621.9,11147
4,283.5,1724
3,227.6,1257
4,1009.2,1099
3,423.7,741
4,2452.3,13387
3,1084.6,11732
4,151.4,31
3,1960.8,12657
2,3995,505459
5,1892.8,5608
5,715.3,2214
3,234.1,830
3,782.8,1414
3,204.3,18
3,1729.5,8438
5,469.9,624
4,1660.3,6069
3,1169.1,5218
3,380.7,327
4,1037.3,1940
5,342.9,1031
2,607.6,3936
4,330.8,29
6,196,54
4,751.8,4887
2,8351.5,236055
3,327.5,386
4,228.5,153
4,507.4,408
5,1213,5041
5,2222.5,7167
5,384.5,199
3,359,471
5,148.3,6
3,2547.3,22141
3,640.8,2480
2,2025.2,24982
2,296.6,452
3,450.4,1208
3,411.5,1232
4,469.3,1501
4,2778,23344
7,1915.1,3842
3,3853,36519
4,625.1,1233
3,799.6,3523
5,382.8,272
4,267.5,73
3,281,564
2,1629,48630
3,678,8729
3,3819.1,44739
5,9520.2,100860
3,259,404
4,1148.6,6139
5,2333.2,10102
2,236.6,1637
2,1446.5,18639
3,301,439
3,1127.1,6233
2,431.6,5992
3,3832,158698
3,217,695
2,617.4,11614
3,2299,40493
3,1022.2,5197
5,339.4,187
4,205.2,237
4,200.7,41
4,1305.4,4312
3,246.3,128
6,1037.8,2618
3,1626.8,34668
4,169.8,9
2,183.3,5255
3,654,3774
3,329.4,646
2,559.3,2122
5,178.8,2
5,884.8,2011
3,1188,4523
2,3635.3,90411
3,268.8,366
2,1579.4,29686
6,259.3,20
2,1108.1,10654
2,285.8,3041
5,735.1,626
7,690.3,680
3,1576.7,26921
3,285.7,247
3,348.4,716
2,5895.4,406298
3,358,743
4,3223.9,20191
3,888.4,5175
5,3035.9,18952
4,712.7,2832
3,2002.1,109902
5,7470.1,94954
3,1970.9,17362
4,3896.3,24918
4,6491.8,82269
3,282.4,261
6,426.5,42
3,268.1,829
2,381.2,2097
5,390.5,386
4,223.7,204
8,436.2,183
5,1693.3,4203
4,901.1,2906
4,2406.7,20650
3,1165,4917
2,275.1,1152
3,4476.5,60039
6,277.5,239
4,583.4,2775
4,272.5,47
4,3547.5,39998
4,696.2,1764
2,5998.9,309558
3,5054.9,74090
4,188,213
2,266.5,2516
3,3889.5,38119
2,416.9,3689
4,1573.2,7576
3,774.2,3827
3,341.7,724
4,1647.9,7082
3,2066.5,19941
3,394.8,732
2,448.1,2641
3,2008.9,15247
4,329.4,459
3,199.2,108
4,3324.6,32180
4,437.2,529
4,3245.8,19078
3,1674.2,16636
2,352.3,4701
4,1310.2,5577
6,304.7,5
6,948,1723
2,251.3,813
2,1822.3,22294
5,179.7,16
5,213.8,19
3,2868.8,33695
4,223.3,83
3,611.2,1747
4,870,3689
5,967.7,3528
3,2878.9,43765
3,963.4,12977
3,742.4,9503
4,1169.6,8926
2,5370.6,127836
5,372.7,171
4,258.5,58
3,3677.1,33722
3,206.9,273
5,225.3,30
4,237.5,17
3,2223,14595
4,8500.8,137561
2,202.1,184
5,946.5,1946
2,160.5,185
3,360.6,480
5,657.8,1281
3,654.2,1083
5,634.1,224
2,265.6,1723
2,1078.1,18286
5,1323.9,4003
3,1690.9,19921
3,2574.5,22224
3,5080.1,91153
3,140,42
3,860.5,2969
5,778.6,1192
3,3223.7,39657
2,226,394
9,1230.3,304
5,1550.8,1955
4,875,4638
2,291.2,861
4,474.1,1526
3,258.9,200
3,3346.6,47471
3,3967.2,58072
4,786.4,1284
4,2310.1,23544
3,411.5,1262
3,271,113
4,136.6,1
4,1893.9,10663
2,370.5,1202
4,2904.9,19306
2,199.9,254
2,392.9,4022
2,226.3,996
2,282,946
2,829.2,6126
6,851.3,1865
2,994.2,8743
3,3001.3,50864
4,3441.1,85465
3,283.2,1671
4,1534.9,13593
2,977.4,7592
6,461.1,264
4,1549.5,4741
3,975.8,7188
3,1803.6,17449
3,500.1,2158
2,673.8,3354
4,2536.4,17819
4,725.3,1542
5,330.5,284
4,1924.6,16869
5,2106.5,9723
4,1701.9,4152
5,381.8,61
3,336.8,763
3,506.9,858
3,8611.2,363126
3,305.6,305
2,693.1,8642
3,150.1,2
5,223.2,2
5,1061.1,2927
3,2814.1,22111
2,7267,150870
3,10631.7,234659
5,198.4,7
2,204.9,666
2,980,13948
4,437.5,218
3,961.2,9496
5,3037.1,18069
3,802.5,1974
2,2252.5,24938
2,141,61
3,466.8,1952
3,326.6,301
4,292.2,121
3,442.1,3747
3,1080.8,8436
4,1478.9,7511
3,244.8,121
2,342.7,1621
3,628.5,5589
2,751.2,12469
3,577.4,4345
2,324,2119
4,795.5,5572
2,206.9,170
6,480.7,327
4,468.2,569
4,601.3,788
3,3568.4,34253
5,267.4,48
4,911.8,1235
4,234.5,888
5,1152.5,2256
3,349.9,1921
5,1189.3,2508
3,4207,61564
2,1314.4,32202
4,1864.5,15154
2,1427.6,20349
5,864.1,1034
2,375.2,2925
5,429.6,49
6,864.5,993
2,2398.1,49415
2,735.8,12106
5,364.3,530
3,3468.5,119193
6,1071.8,1613
4,410.4,90
5,846.4,561
2,228.8,463
2,1017.2,8285
4,2742.2,24000
4,478.8,920
4,378,308
2,2045.7,27955
3,360.7,22720
6,225.2,53
3,306.3,961
2,354,1701
3,2505.7,21629
4,2054.7,10142
5,1353.6,4137
2,3438.1,625261
5,291.4,145
4,1264.2,22501
3,379.3,23047
5,547.7,1375
3,868.2,2377
5,915.3,1008
4,330.7,1101
3,576.8,2368
5,1571.7,6190
3,424,2137
5,992,1701
4,7352.3,96775
4,608.1,1230
7,3406.5,12621
4,2713.3,21257
4,464.4,910
4,1838.6,7690
3,6322.6,450387
3,256.1,1068
4,263,290
3,534.4,960
5,1211.3,5787
3,913.2,2615
3,220.9,368
12,1862.3,1528
3,3401.9,45422
4,2025.3,9761
4,3127.6,21415
4,1288.2,6927
4,411.5,350
5,8188.9,103226
2,262.8,904
3,6301.1,100542
2,177.7,124
3,2050.7,15615
5,1485.2,4639
3,2571.4,26066
2,151.6,252
4,1154.6,4150
2,544.7,3930
6,2662.4,5490
3,577.8,838
2,2343.3,27377
2,668,3509
5,720.1,432
3,280.2,2250
4,356.9,249
4,3117.9,27543
2,863.5,11218
3,501.3,3102
3,450.4,1408
2,2394.6,482562
2,1025,7775
5,164.4,27
6,2005.3,9885
3,802.1,3740
2,143.5,73
6,2412,8858
9,1282.4,1669
2,285.3,2839
2,172.2,263
2,2160.8,37247
3,592.7,10673
3,203.5,394
5,203.5,7
3,234.4,846
3,1267,4368
2,209,172
3,4973.7,143025
5,741.8,2386
3,677.3,1172
4,935.2,4048
7,532.2,809
3,992.9,5114
3,661.7,5075
3,2578.1,26908
5,916.3,845
5,345.6,65
4,1149,3006
4,222,288
4,1183.5,5000
3,518.8,1033
2,493.2,3058
7,883.9,1096
3,338.7,1578
5,195.6,12
3,1799.6,9827
5,344,551
3,191,164
4,197.4,21
4,219,57
5,1451.2,3286
4,367.9,173
4,5640.7,62952
4,542.7,812
3,304.2,854
3,3370.8,51934
5,307.5,8
4,348.4,246
5,2440.9,7347
2,231.4,1297
2,13063.5,440676
3,911.4,4391
4,452.9,966
5,180.7,7
4,433.6,371
5,4775.1,125951
3,230.7,381
5,1055,3565
3,191.3,38
3,188.9,246
3,592,1610
4,447.9,287
4,267,57
4,717,2877
5,3290.1,25516
4,134.1,42
4,2117.9,8212
3,229.7,598
2,249.7,514
4,1035.6,2394
2,1070.4,17158
4,1092.3,4947
4,266.1,122
4,288.2,868
5,382.8,838
5,3408.5,25700
4,664.6,1717
2,456.1,2868
3,1019.6,11376
3,912.9,5628
3,142.6,24
4,4053.8,34709
4,2034.8,21773
4,188,21
3,292.7,623
6,914.6,2466
9,1529.1,2044
3,3595.3,36726
3,10235.3,294086
6,476.4,171
3,2523.6,16873
6,694.8,706
3,1109.7,7101
2,2156.9,23451
3,3013.8,594383
6,1100.3,2098
3,1120.7,7962
5,450.9,597
3,309.6,198
3,5651.3,117432
5,411.9,1672
4,520.4,281
2,237.5,753
3,503.9,3197
2,489,2545
3,676.1,5590
4,260.3,484
4,374.2,1182
6,3577,13147
3,232.9,707
4,1369.3,11423
2,458.4,18625
4,145.8,4
4,844.3,2327
6,1287.5,3011
3,1048.7,6080
3,808.4,5712
3,12890.5,300930
5,3444.4,21902
2,232,1256
2,9480.7,388838
2,6665,168528
3,1939,17191
4,340.6,558
4,831.1,1661
4,859.6,2192
2,2316.1,29028
4,1168.1,2810
3,271.4,341
4,562,1386
2,194.2,797
4,207.9,102
3,1615.7,8818
2,169.1,410
2,534.2,2727
4,289.5,450
2,4546.1,100165
4,746,2667
3,375.5,1458
3,2224,23265
3,229.9,449
5,292.3,578
8,2595.2,5806
4,210.1,314
4,2428.4,12688
3,1414.3,11463
4,383.4,526
5,4425.2,30625
3,459.4,3228
4,484,589
4,1210.9,6799
4,542.4,1449
3,454.1,1424
3,155.3,739
4,2716.4,19831
3,10085.5,691444
4,550.2,2573
4,1352.2,7413
8,772.6,612
3,799.1,1798
4,1039.2,2540
6,506.3,77
4,877.4,1629
5,1956.7,13188
2,15854.9,1054459
5,381.3,507
3,1663.9,20561
4,871.8,1224
4,1266.9,5714
4,6241.7,117772
3,2444.6,24223
2,582.2,4243
3,414,479
3,901.4,2179
4,2735.2,15385
3,228.4,229
6,2041.9,3969
4,437,306
3,2547,256583
2,307,2715
6,2868.6,11236
2,412.4,2382
6,170.8,0
3,983.6,8231
2,1525.8,16208
3,2422.2,24473
5,194.4,81
4,3944.6,82607
5,285.5,67
5,304.4,254
4,803,2050
6,194,17
5,1821.9,6188
3,1430.1,6349
2,2617.7,48943
2,421,8805
3,569.5,875
5,1340.4,2837
2,536.9,24598
5,2330.2,9693
4,497.2,1111
3,1615.5,8460
10,2787.1,4593
4,392,1015
2,830,5794
4,226.7,78
2,472.4,4771
4,836.3,1910
2,307.8,1599
3,294.3,104
2,219.5,940
2,479.2,4937
2,206.3,1572
6,142.1,1
2,255.6,1070
2,4279.4,513413
2,242.1,1292
4,555.5,1398
3,460.2,1019
4,348.8,182
4,839.5,2682
4,3503.1,31023
2,1082,29184
2,14891.8,592433
4,235.2,12
7,636.3,1267
3,216.3,90
2,649.3,4455
6,1503.6,2053
3,439.6,5051
6,348.1,225
4,659,479
4,669,462
2,297.7,954
2,368.7,1821
3,2782.3,29146
4,1070.1,5362
4,11743.2,312284
2,274.9,948
4,732.1,1017
4,1818.7,6577
4,340.3,160
2,127.5,59
5,419.5,484
4,1783.7,9952
4,3244.9,16752
7,247.5,48
3,326,493
3,387.9,534
3,177.9,160
3,2524.3,37794
4,1704.6,5227
4,866.5,3449
4,912.1,2433
6,705.3,474
5,713.7,848
5,1231.1,3423
5,315.3,45
4,6829,431499
5,497.4,969
3,4708.9,1025381
4,476.2,547
4,1351.5,4942
5,671.4,859
3,299.7,592
3,199.3,33
4,229.8,26
4,3037.9,62499
4,2001.8,16677
5,715.9,2089
3,975.4,2299
2,7141.3,187426
5,1133,1362
2,549.8,3633
3,4199.9,53444
4,901.8,1442
2,650.4,4878
4,208.3,88
3,729.8,22874
3,209.6,142
4,1440.5,4844
2,539.7,2950
4,539.8,976
3,684.2,2499
4,222.1,420
5,475.4,234
3,6252.1,110559
3,817.8,4481
3,269.5,229
2,199.6,1515
4,564.6,1103
3,2723.5,22691
4,226.2,88
3,5379.1,83976
2,530.7,3624
4,2692.6,25122
6,435.2,277
8,283.1,1113
2,836.1,52251
4,6456.6,142264
3,764.6,5761
4,605.4,1382
3,311.2,738
3,4227.9,69601
3,655.1,895
4,460.2,859
3,367.8,614
5,565.2,233
3,362.3,522
4,1781.1,8651
4,2298.4,16334
4,1067.9,3124
5,734,1066
4,165.9,4
4,303.2,258
2,885.5,56987
5,231.1,35
3,235.3,318
2,715.7,4256
3,420.5,536
4,198,63
2,3915.5,82457
4,983.9,2997
2,199.2,192
5,497.8,446
5,906.4,1614
5,290.9,69
3,226.4,152
5,592.9,404
4,1809.8,14251
3,227.2,257
3,2424.7,20185
2,3722.7,79784
3,504.1,1502
4,769.1,2479
3,2229.4,34434
3,2186.5,25561
3,198.6,83
4,319.9,685
2,219.6,680
4,1320.5,3757
2,3788.5,61415
4,10793.5,198941
4,1978,11182
3,595.6,1523
5,6580.9,47709
6,1599.7,5667
6,246.4,14
2,2789.1,146244
2,6025,130532
5,2819.2,27800
2,158.1,91
4,1858.6,7206
3,240.5,1752
7,488.6,317
3,6738.9,115372
4,1153.3,4327
3,1725.3,12068
2,282.4,685
3,4514.7,57336
3,1572.7,6141
4,1456.1,6935
3,302,824
2,216.5,791
2,2520.4,39598
5,1595.3,4379
4,425.6,1086
5,451.9,1232
3,286,88
3,11717.6,255123
4,1791.5,11684
3,197,157
4,355.6,313
3,1055.6,3425
6,560.6,743
5,273.1,464
5,939,928
3,1032.8,4984
2,263.2,968
2,1329.4,41526
8,615.6,532
3,299.4,1535
3,221.4,212
3,1269.2,11904
4,469,5189
4,4364.5,44386
5,1465.5,2923
5,344.2,106
5,425.5,299
3,1332.7,12427
3,762,3274
4,12320.1,468492
3,400.4,1268
5,2191.1,9671
3,1844.1,15604
4,491.5,1153
4,447.7,277
5,305.8,340
4,931.9,4091
5,2665.4,11562
4,2537.1,30346
2,22794.6,2452383
3,1432.5,13693
4,884.8,4366
4,429.8,218
10,485.3,84
2,536.4,2715
5,319.3,15
5,700.5,892
4,225.6,255
5,197.3,3
4,399.5,373
3,363.9,2551
2,1096.5,7949
5,330.7,178
3,5091.5,61444
2,832.2,7997
3,4418.1,70640
3,694.5,2520
3,248.9,351
4,808.4,5937
2,447.1,1086
8,3394.5,5250
2,177.4,99
3,419,2000
3,125.3,0
5,172.8,3
3,264.5,728
5,222.9,105
3,7732.6,113191
3,911.2,8929
4,1973.2,8841
5,1014.1,2517
4,1975.2,13189
8,1198.2,491
8,1397,2369
3,729.8,7959
5,1048.4,1887
3,357.2,654
4,750.2,2682
3,3217.8,31144
3,222.1,465
3,1754.2,26337
4,1410,9090
3,2337,22128
3,899.3,5070
4,194.8,156
5,252.2,816
3,1949.3,19009
4,308.8,60
5,2635.9,7072
3,143.1,49
3,628.5,5848
6,1768.8,3526
3,509.8,2552
4,676.8,1542
5,473.7,523
6,6294.6,56514
4,222.6,585
3,449.7,617
5,1380.2,2823
2,153.9,4456
3,178.6,762
3,460.6,2632
4,685.7,1281
4,211.9,122
3,346.2,2413
4,1012,2526
4,372.2,1180
4,599.9,587
3,2279.9,14570
5,379.3,180
3,564.4,3893
4,1115.1,11679
3,1737.7,21485
6,1488.9,2460
7,1754.5,2242
3,523.1,1098
3,2151.2,50562
6,501.8,173
4,1136.8,3794
2,282.8,1698
5,239.4,12
4,918.3,2693
3,173,182
6,354.8,351
4,376.2,418
3,507.3,1093
4,356.5,1020
6,310.2,443
5,369.8,1573
4,3177.5,25610
6,1118.6,1362
4,373,694
3,617.6,1252
4,1602.1,5802
4,2246.8,9618
4,220.5,170
2,278.8,1113
3,2103.5,18451
5,4256.7,28396
5,887.7,3258
3,479.8,2949
7,265.4,16
4,9618.9,137938
2,1850.6,162859
5,4018.8,45383
5,356.2,279
4,506.2,364
3,1561.6,6140
4,2825,16092
5,1663.1,6228
2,490.3,6990
3,675.3,1216
3,7392.4,112600
4,5319.2,76869
3,1164.1,10215
3,3482.2,44886
5,5935.4,54380
4,1184.7,5319
4,5786.4,201617
6,7134.7,46343
4,1939,7067
3,932.4,6264
4,3135.4,23475
6,2177.2,3980
6,331,279
2,10771,373468
6,1709.9,3119
3,10178.7,301359
2,540,3828
4,454.1,730
4,538,1118
2,436.6,1902
5,2690.2,15337
4,205.3,112
4,611.6,1260
4,276.7,299
2,894.5,8919
4,272.4,76
5,868.8,1018
5,326.9,144
4,317.2,1122
4,2099.2,14486
3,483.7,1872
4,349.1,721
2,948.3,12985
3,2648.9,30217
3,205.8,548
4,446.3,731
4,1335.5,7391
3,572.8,828
8,1728.3,2667
5,1006.5,1220
6,534.6,408
3,293.2,642
3,2532.1,23698
4,411.5,538
5,408.5,162
5,1316.4,2500
3,276.9,964
4,1152.5,10172
4,1805.3,6948
3,445.9,548
6,517.3,1693
3,618.7,1708
2,2210.5,22258
4,611.4,1051
3,245.6,704
3,908.3,4129
5,139,4
5,934.3,6502
4,2113.8,13293
3,387.8,1273
6,309.4,116
6,170.1,4
3,570.3,10722
4,166.9,21
4,5917.2,69026
6,1082.1,1777
3,422.6,926
4,1650.5,3007
4,573.1,2746
3,2454.5,37226
4,144.5,16
3,1002,5774
5,2284.4,6766
4,406.9,931
5,820,611
4,271.3,1297
3,378.9,398
4,892.6,986
7,427.9,146
5,654.4,1072
4,246.8,126
5,289.4,132
4,403.5,900
3,511.9,2040
2,476.1,5181
4,377.6,882
4,2022.6,8967
5,498.3,1974
8,6521.3,39460
5,394,588
5,2227.7,12078
4,2068.2,14865
4,554.8,1300
6,247.4,32
3,211.7,308
3,1460.8,21158
2,204.8,890
3,850.9,5285
5,1945.4,6618
5,5943.7,59920
11,3542.3,2727
3,180,28
3,1036.9,8865
6,757.4,586
4,1341.5,3084
4,3169.3,23606
4,302.5,226
3,962,6235
4,141.9,7
4,981.3,2278
4,5563.1,67800
2,3394.3,700818
4,2430.6,13534
3,1599,8687
2,3255.8,101661
3,237,51
6,3561.8,14033
3,482.5,365
5,963.6,1208
3,5057.4,73570
5,473,506
4,1344.3,7055
4,4492.8,39336
2,1232.4,11702
2,974.3,9340
4,248.3,242
4,229.2,15
5,262.7,57
3,309.4,1618
4,298.7,833
4,602.2,1278
2,3109.5,101326
3,224.1,245
4,663.9,2159
3,3098.7,40664
5,438.5,451
5,641.5,451
6,6182.6,37951
4,497.1,1557
3,1475.5,12244
2,618,7548
3,1952.9,14595
4,192.8,172
4,935.7,14687
2,3915,80656
5,674,938
5,424.2,145
3,599.7,1396
3,693.8,1628
4,237.9,188
2,1847.7,16848
6,179.7,5
3,5220.7,51467
3,214,232
3,1505.7,12715
3,427.6,1830
3,2095.8,18215
3,202.3,126
5,314.7,60
3,354.6,572
2,327.5,1270
3,322.9,814
2,17480.8,725781
3,981.3,7865
3,5234.2,133505
3,787.5,2013
3,2606.8,18669
6,693.5,252
5,417.5,211
4,1204.5,7266
5,2154.4,9014
3,206.1,913
2,347.6,3221
3,347.3,1104
6,965.9,1972
2,903.3,6807
3,2423.1,33548
3,384.7,554
6,621.3,364
2,168.6,97
3,594.6,6251
4,9042.8,191475
6,1693,2825
4,991.3,6777
2,1978.4,27656
2,240.2,1037
4,998,8322
3,289.4,719
2,2137.3,28275
5,442.5,53
5,731,910
2,4039.3,73065
4,2481.5,36137
4,1935.8,12664
3,4706,67769
3,2533.9,34945
4,511.1,1273
3,1685.8,13217
7,3674.7,18807
2,271.9,2975
2,196.3,266
4,1691.9,5788
2,991.3,7160
4,137.2,1
2,1502.6,26815
7,6296.4,45895
7,810,245
5,138,1
5,886.7,686
5,475.2,641
5,587.3,917
3,2254.4,34577
4,779.4,2639
2,233.4,1116
4,781.5,8097
3,5641,103027
3,134.5,61
4,3908.1,27070
3,688.5,5384
4,264.2,363
3,2787.9,37549
4,137.1,60
3,1381.5,12032
4,872.2,2405
5,3854,25536
4,313,71
3,251.3,357
2,195.2,863
3,7672,411802
4,544.6,664
5,6591.3,46502
2,486.7,5500
4,373.5,335
6,272.6,126
3,2093.5,23343
3,1896.5,17534
2,809.7,5763
3,662.1,2150
5,200.5,159
4,1911.3,6697
4,749.4,1766
4,1512.3,5386
3,792.5,2093
4,805.5,2613
3,260.8,13857
5,1874.1,7470
4,1530.8,5888
4,930.6,1073
2,530.8,3032
2,319.6,3048
3,471.9,5343
4,142.9,20
8,3317.6,7253
4,1860.7,6959
4,2002,10110
2,1241.4,20192
4,364.5,2884
4,870.8,763
2,356.1,1107
6,1636.4,3061
3,486,3527
4,513.8,917
5,339.4,555
4,378.4,814
5,693.9,827
3,549.3,524
3,311,104
3,1389.8,11926
3,803.9,2771
5,422.3,735
4,1121,61759
7,1000.3,621
4,1545.3,12965
6,694.3,1270
2,920.1,11518
3,993.6,2305
4,819.4,7023
5,1883.6,7648
3,1664.1,13305
4,532.6,802
6,3382.1,12341
5,988.9,5397
4,1415.4,7067
2,296.9,894
3,154.6,29
7,826.8,1025
4,3366.2,22771
5,190.7,36
3,2949.6,29282
7,2117.5,3104
3,499.9,1589
4,600.5,1269
3,3390.4,35312
4,294,81
3,1663.3,12124
4,717.6,1184
4,1237.5,2282
4,602.2,2926
4,864,1741
2,510.6,1224
3,414.6,1226
4,381.2,722
3,1013.5,4461
2,709.3,4024
3,1552.8,16307
3,1016.7,8374
3,665.9,5619
2,324.6,2043
4,755.8,3320
4,283.7,729
4,188.6,96
2,188.7,532
2,176,125
4,3016.4,17002
4,369.2,454
3,597.2,3919
3,244.2,252
5,647.2,706
3,674,1477
3,805.6,6084
6,264.9,38
4,306.2,445
3,288.6,10346
6,2416.2,9473
3,307.6,736
3,331.6,598
3,249,325
5,253.6,33
5,182.5,68
4,854.2,1501
4,6382.6,618684
3,330,567
3,590.8,764
4,2607.9,18993
2,2939,50283
3,183,114
4,2470.2,21134
3,6417,99643
3,2902.1,30855
2,2508.7,60805
9,3005.8,3134
4,3103.8,30112
5,393.1,388
6,1224.2,2344
3,1241.4,5406
2,567.2,2466
3,299.2,328
3,2418.1,16399
7,782.4,264
4,447.2,1871
3,1663.1,7534
4,1626.4,7113
4,887.7,1838
4,1128,4294
4,5037.7,59260
5,4565.4,28848
3,282,476
3,720.3,1597
7,2274.1,7351
2,2862.1,44109
4,204.1,36
4,4118.5,65082
3,523,951
3,2009.3,65093
3,233.7,851
8,1066.6,1533
4,4698.3,70054
5,1906.7,6495
4,1506,5155
3,1957.9,316269
2,216.3,2111
2,4495.7,100554
2,1171.6,93351
2,237.9,2144
5,2407,13150
4,1633.6,12779
6,728.9,329
5,975.3,1083
3,6051.6,98348
5,3633.7,106070
2,388.9,2074
3,1189.2,5865
4,5056.5,61739
3,2753.1,21715
3,183,42
4,140.7,50
2,1975.9,63006
3,1433,5720
2,4650.6,960998
4,2021.6,24225
4,4442,36068
3,1658.8,14031
4,3055.3,17454
5,474.3,164
6,149.1,17
2,757,2719
5,320.9,64
3,352.7,327
4,551.9,1333
3,626.7,3794
2,532.7,5037
3,1469.8,24833
3,205.1,107
5,785.3,432
5,169.5,18
4,1950.5,7933
2,895.2,17687
3,660.7,954
4,1010,2118
4,443.6,264
4,1039,3318
4,5925.1,73290
3,3182,46451
3,190.2,293
3,315.5,981
4,159.8,9
3,2353.5,16138
4,1256.7,3206
4,352.3,1678
5,265.5,301
5,633.2,763
6,305.3,461
3,827.6,7024
3,1047.8,11632
3,175.6,230
4,1091.2,3335
3,1126.1,8084
4,595.5,1439
4,1442.3,5916
3,414.2,502
4,1203.4,3226
5,3287.3,14990
4,4595.5,46550
5,446.7,160
3,3961.9,262036
3,230.6,368
4,3007.9,21111
3,312,795
2,166.9,95
2,637.5,4373
4,242.4,156
4,2350.6,11232
6,1530.5,2369
4,266.4,97
4,5191.1,54047
3,323.4,1971
5,396.7,66
3,3515.7,172100
3,527,709
4,196.7,42
3,1046.9,3869
2,8811.6,225544
5,2629.5,7847
3,1477.7,4840
4,301.1,52
3,1389.2,26795
8,2937.7,8736
2,322.4,1281
3,483.5,1411
3,7152.1,288909
2,605.3,8111
6,642.3,134
5,4043.7,65405
4,914.3,2181
3,1679.7,10204
5,609.7,1749
4,3297.1,45391
3,1548.2,8776
5,1568.3,1917
4,557.7,3570
5,188.7,2
3,196.4,472
4,4925.7,49728
4,1187.5,6483
4,327.1,101
5,1658,4016
5,523,997
4,1799.9,16095
2,843.9,8362
4,6094,70822
11,2603.1,1353
4,568.9,690
5,436.6,1717
4,10323.9,193851
2,529.9,16510
8,422.9,309
2,1155.9,11915
4,185.4,18
3,570.1,878
5,1835.9,9417
2,378.5,2319
2,427.7,1957
3,617.1,9910
5,1709.8,6904
4,3466.3,29298
5,2104.7,8625
6,385.3,6
3,189.3,146
4,6270.8,86999
2,274.4,671
2,308.2,1449
2,239.3,757
4,347.8,654
4,1561.2,6193
3,592.2,2141
4,231.7,18
3,9056.8,525835
2,418.9,1969
3,241.7,727
3,245.1,33
2,1575,164596
6,204.8,2
6,5930.7,34182
5,183,58
2,280,1325
5,4322.4,60448
2,1644.3,23521
4,716.9,4428
3,2986.8,29559
3,169.1,122
3,377.2,669
4,825.5,2818
3,1256.4,13794
3,529.9,798
4,920.4,9604
2,2190.6,36971
3,425.8,690
6,289.7,24
4,499.5,829
4,1873.7,6891
6,205.4,5
2,3397.8,66927
4,1221.8,2906
6,773.5,934
4,350.2,401
3,1691.4,11718
3,830.1,5873
6,2044.3,4477
4,942.9,2356
4,1250.1,3047
4,5315,406889
3,2694.3,21835
3,3030.4,41707
2,1087.6,18536
5,1105.8,4151
4,1194,3770
3,2030.5,83780
2,549.6,2869
3,311.5,573
2,3522.3,61711
4,622.7,278
4,763.4,2632
4,168.1,64
8,437.3,53
4,216.2,30
3,552,1542
4,5769.1,65516
3,3046,22237
4,457.2,4730
6,1485,4423
5,2158.2,14172
5,3903.9,20722
3,420.3,662
3,253.3,211
2,507.1,2146
3,181.4,128
5,497.9,641
2,343.8,2574
5,1324.6,1296
7,3518.1,12423
7,376.8,355
3,149,12
4,1226.5,4460
3,744.2,10436
6,2041.3,4690
3,1100.3,4093
11,884.3,542
3,288.1,308
4,1985.7,9417
4,837.3,3536
4,536.9,1115
4,2322.1,15959
4,376.9,372
5,395.6,291
4,1725.9,11098
6,830.7,733
2,551,4508
6,462.3,79
3,812.9,6553
4,569.5,623
4,275.5,313
3,4669.8,55323
4,673.4,2279
3,288.7,502
4,2081.3,9482
4,1365.3,5392
3,1523.4,4527
3,2707.2,39458
2,817,8150
6,771.9,2876
4,373.2,932
5,2446.7,11827
4,1136.5,2933
3,16047.9,1281479
4,148.7,22
3,715.5,2161
2,546,8496
3,5937.1,75414
3,422.2,664
3,1640.7,5668
4,231.2,182
3,346.3,3396
3,979,5728
5,128.4,25
5,425.9,173
5,2135.5,11196
4,357.3,1669
6,927.1,355
5,327.5,426
4,490.2,1969
2,421.8,2129
2,1292.2,11186
3,421.2,904
2,466,3967
5,264.8,302
5,189.6,43
2,920.9,8867
2,171.1,157
3,2649.4,48180
4,317.7,187
4,2023.2,7137
2,3369.4,89846
4,508.7,508
4,628.5,2058
4,711.9,2927
3,241.7,1597
3,2585.4,21986
4,545.3,1763
2,3794.6,60326
2,7285.2,606987
2,1368.4,27991
4,2207.2,13416
2,2542.4,63262
2,284.9,2388
2,316,1796
3,4509.6,52138
5,602.8,607
2,1429.9,20945
2,317.6,10115
3,287,430
5,286.9,56
3,2243.8,15605
4,286.3,214
4,900,10801
2,1589.8,22121
3,232.1,353
4,687.5,3861
3,450.2,696
7,336.9,5
5,492.5,1137
3,2280.4,18052
4,5735,76225
3,1182.2,5435
3,1047.1,6831
4,1614.8,6839
2,1094.4,14237
3,199.9,257
4,1153.6,4345
2,751.3,14064
3,364.2,1084
3,286.7,2112
4,2175.7,10413
3,234.7,1750
5,8859.3,159603
3,641.5,4258
4,952.9,6669
4,1895.1,10753
3,671.3,2851
3,482.8,2214
6,1081.9,2358
3,202.4,26
3,2638.9,30688
5,2557.1,24278
2,322.6,894
3,541.3,1076
5,1880.9,4759
4,121,1
2,941.5,4268
5,351.3,65
4,368.5,658
2,321.2,4135
4,7702.7,98380
3,543,1285
4,1232.2,3525
4,340.7,383
5,5630.4,45786
4,1883.5,4176
3,209.6,301
3,2237.2,32848
4,2915.7,22051
3,868.3,7124
8,3317,8095
6,166.1,67
3,150.4,29
7,363.9,59
2,277.6,802
3,1086.1,5494
4,644.9,1790
2,364.3,4214
5,334.2,382
3,923.7,1815
7,559.5,497
2,310.3,1923
3,1835.4,14461
4,300.5,86
5,801,1234
4,1942.9,10897
2,5031.3,95756
3,4063.2,50321
4,366.6,808
2,1034,13024
3,209.3,270
2,802,13652
4,525.7,1213
5,3269,24997
5,382.9,435
5,2466.9,6886
5,3372.5,20422
4,620.9,1247
5,3909.2,17399
5,6773.1,53311
4,1866.4,11065
3,193,58
4,1013.4,3407
5,388.3,156
5,364.2,734
5,1705.1,3120
3,882.1,2978
3,617.5,1497
5,2754.3,16315
2,533.1,9823
3,266,166
3,314,518
3,1275.4,6636
3,1475.8,159264
4,327,4192
2,293.5,1722
5,1044.7,2197
2,243.3,780
4,1690,42841
2,1619.8,23628
2,249,819
3,243.7,1021
2,206.9,819
3,832.5,2568
3,5773.8,83525
5,291.8,86
5,8094.4,82110
4,801.2,1512
4,273.7,374
3,1320.7,13491
7,1648.8,1894
5,320.8,106
7,364.1,148
6,2094,4220
4,871.2,1435
2,1396.6,11096
2,1318.7,11949
3,774.7,3004
4,9752.8,167542
4,3002.9,24820
4,2579.5,17789
4,699.5,5206
4,429.3,820
5,191.5,137
5,2173.2,5783
3,751.7,1859
4,169.7,57
2,519,8513
2,242.5,1468
3,4988.9,300599
3,5803.7,73354
5,283.1,75
2,186.2,322
3,2150.5,30188
2,3087.8,53987
3,1251.5,6508
2,590.3,238383
4,208.6,63
5,1123.8,4272
3,665.2,2496
5,855.1,891
3,4310.2,47366
4,1170.3,1903
5,292.1,88
3,1762.3,12263
3,256.8,331
4,218,50
3,200.8,43
4,1114,1346
4,1021.1,3852
4,593.2,795
6,825.6,1185
4,2443.5,18169
3,606,2922
2,7296.9,243919
3,4007.8,78434
4,1434,3009
4,550.8,1030
4,364.5,201
3,1632.6,23449
4,1334.4,5614
4,523,538
3,271,536
3,615.7,3838
4,7316.8,36455
4,2529.9,25949
3,421.7,537
3,213.9,53
2,207.9,206
2,190,1128
3,307.5,665
4,374.4,264
5,1492.1,2203
3,124.8,8
3,1573.8,8237
5,289.6,499
3,3357.7,28684
4,209.9,30
3,1754.6,12852
3,2966.7,37691
2,1126.7,16212
2,530.9,2003
2,381,2095
5,1257.7,2258
5,179.7,1
4,643.1,2466
2,312.4,3443
3,210,160
3,98.5,0
2,671.3,5128
2,949.2,8307
4,600.7,1018
4,408.6,1643
6,665.5,2060
4,196.8,224
4,403.8,89
4,272.5,391
2,602.1,4597
4,1043.7,1266
12,164.8,3
3,1216.5,5798
3,310.4,635
6,1765.8,4354
2,1206.1,11068
3,214.6,102
6,229.7,10
3,158.6,15
2,459.2,1384
3,1013.6,4340
7,638.6,293
2,2794.9,41177
5,1142.5,6378
4,271.6,135
4,3997.7,59293
4,1142.6,5583
4,309.4,948
2,4512.3,81988
3,2339.1,21625
3,274.3,847
3,685.1,7230
3,1061.7,6751
2,4286,86041
4,346.4,157
6,263.2,204
3,2710.1,36755
5,552.5,1407
3,272,238
4,233.3,207
4,306.8,76
3,2447,16441
4,353.4,205
5,352.1,89
3,513.2,1774
2,218.4,1164
4,2173.6,10020
2,359.3,4517
3,2208.5,23466
2,1049.2,7865
9,811.2,53
2,445.9,2407
5,189.5,26
5,1298.1,2719
2,12344.9,1654388
5,4775.3,138462
6,2591.4,8392
5,1129,4811
2,20073,1305347
7,2633.8,3491
2,7882.4,198848
5,1399.3,3965
6,2495,6782
3,3068.6,33331
2,2221.8,43562
3,765.7,1309
3,618.7,1369
3,3070.4,32011
9,564.5,135
3,420.9,19735
5,3385.6,20774
3,361.1,1052
2,1717.4,16065
4,2443.9,12339
4,1004.5,3540
4,408.9,1144
4,156.7,25
2,158.1,158
5,511.1,145
2,142.8,111
4,1409,4026
4,919.8,4107
4,370.9,298
3,850,6637
2,303.2,623
4,148.7,7
4,237.7,178
7,1507.9,1831
4,2942.9,20890
7,947.7,497
5,163.8,18
4,601.6,594
4,229.5,84
5,1755.8,4358
3,220.2,643
3,1336.5,8515
2,363.8,1382
4,1658.6,6491
3,3431.2,52711
6,1112.4,602
5,396.5,417
2,2549.1,45386
2,4442.3,106167
3,372.7,648
4,734.8,1242
7,2339.3,4272
3,591.6,3096
4,630.5,6571
2,1759,217303
3,7988.5,667826
3,376.9,890
4,231.2,31
2,640.7,5676
4,904.5,1376
2,1654.9,14704
4,369.9,207
4,294.1,189
5,386.6,603
3,5499.8,114392
3,2903.2,30976
9,317.9,52
3,302.8,1839
3,1290.5,17139
6,384.8,806
3,330,217
5,173.7,12
2,842.2,16755
4,1690.3,8091
6,161.2,10
2,476.2,3963
4,1255.3,3442
3,226.7,687
3,309.9,24715
5,317.1,206
2,1818.6,18600
3,3969.8,36044
4,300.5,102
2,182.7,136
3,245.7,917
5,359.6,253
3,1899.2,18369
5,5969.2,396539
2,1039.7,16660
4,2248.8,17129
4,1730,5287
4,375.3,223
5,691.7,634
6,605.1,2355
2,560.2,7117
2,2044.1,115872
3,266.7,682
3,817.7,2899
4,751.1,1560
3,182.8,46
3,4614.4,59208
3,175.9,619
3,176.3,24
6,2596.8,7821
2,233.6,652
4,682.4,3188
4,632.9,457
3,745,1452
5,708.7,732
5,139.7,0
2,209.4,205
3,554.9,752
4,6862.3,88419
2,3254.9,55758
5,761.2,5930
2,1390.8,24180
2,2219.7,33196
3,2984.4,29923
7,2040.7,4516
4,1421.3,7473
2,353.7,2487
4,2792,17984
3,1534.2,13065
2,2137,40565
2,166.9,1508
5,1244.8,1154
2,319.3,2104
8,484.5,145
3,10997,1115353
7,5231.1,27082
3,174.1,39
3,517.3,1143
4,3837.5,41568
3,177.7,23
3,197,123
4,3054.7,30195
6,1107.8,984
5,408.6,420
4,941.4,4673
3,296.9,301
4,2938.4,15343
3,280.8,763
3,176.8,25
2,3035.4,55185
4,421,786
4,1871.1,25801
5,464.1,107
3,1734.8,30548
2,168,117
2,1858.2,567341
3,2837.1,46140
5,344.5,972
3,153.1,303
4,1703.5,12663
9,988.5,410
6,1737.9,3582
2,788.6,6408
4,443,496
5,285.3,20
3,2025.4,16971
4,1069.5,2072
3,354.7,752
8,364.4,79
3,3862.4,56716
2,149.2,494
2,5294.5,117229
4,1545.3,10183
3,2547.4,144612
3,394.1,305
5,595.3,422
6,1190.5,2306
4,772.8,1833
5,3346.4,38003
3,359,3298
3,150.1,69
5,1038.3,1416
2,332.6,1250
3,184.5,21
3,4219.5,102993
3,3608.5,44371
8,8700.7,37948
2,534.8,2438
4,341.9,641
3,1587.9,6215
4,220.8,132
4,385.3,437
7,1442.8,2615
6,965.7,897
5,1219.4,2519
4,3548.5,33122
3,447.7,2664
3,1001,4162
4,727.6,215
3,675.4,2039
4,260.9,1422
4,180,9
4,1467.5,9473
3,502.6,1799
5,569,591
4,212.1,55
2,3269.3,73810
3,452.3,3251
7,876.4,885
4,576,284
6,356.6,13
7,352.1,82
4,360.1,623
6,245.7,9
3,335.7,377
3,868.8,3645
5,527.8,836
4,1851.7,8699
6,282.7,72
4,2806.8,22969
5,230.2,41
3,168.9,167
4,801.7,6032
4,240.9,936
2,550.5,10512
4,585.9,2319
4,214.6,389
4,196.5,188
2,727.3,7901
4,225.4,265
2,3154.7,41970
3,1112.8,8372
5,2467,12426
2,1201,9757
4,1113.1,4380
7,727.7,542
4,1555.9,15270
4,9715.2,207325
6,716.9,507
3,224,589
2,356,853
2,297.5,252
4,2882.6,27113
3,540.2,1189
4,490.6,695
3,573.5,761
2,2056.5,17133
4,297.8,578
4,502.8,432
2,934.1,13618
2,202.2,743
2,451.4,2713
3,5963.8,91104
5,210.1,48
4,1012,1931
14,5424.6,3809
2,196.6,438
5,2591.6,10033
5,2691,31271
3,1118.7,5233
5,423.1,433
2,1679.5,173598
2,278.4,735
4,313.9,540
2,546.9,5193
4,303.5,456
4,958.3,4142
4,269.8,229
4,3576.7,21642
3,2727.6,22147
3,616.5,1927
5,515.8,256
5,2449.1,7651
2,392.4,1011
3,435.4,1332
2,663.4,13471
3,1236.9,3992
5,444.3,575
3,2175,37596
4,436.1,256
4,1174.9,2461
4,3770.4,33858
4,464.8,575
2,2009.9,26823
5,1133,2298
3,1097.1,13162
5,1730.7,5929
5,206.7,3
4,663,3167
2,503.2,5703
6,195.2,22
3,706.5,2735
3,836.6,3513
4,931.9,2234
3,439.8,329
3,924.6,2967
4,1166.6,2567
2,23432.3,1898636
6,1698.8,3515
2,1243.9,17147
3,527.1,1579
4,318.8,223
3,1866.2,12419
4,3476.1,31313
3,309.2,1478
3,170.4,68
3,197.7,18
4,436.1,283
3,582,1703
5,1423.4,2572
2,138.3,270
2,1059.2,17739
3,6343.6,96140
5,1496.6,4894
5,2343.8,10376
2,237.8,380
2,1039.3,10686
2,1215.1,16158
3,137.6,23
8,1277.9,1211
3,130.6,36
3,328.4,966
5,1238.1,2243
4,569.7,2176
2,264.7,1170
2,504.3,4343
2,268.5,747
5,231.2,17
4,2014.1,10971
4,689.2,2398
3,500.7,1340
6,188.5,15
3,492.7,943
4,567.9,2481
7,5386,25003
3,492.7,1769
2,3128.5,612900
4,2586.5,17533
3,1127.9,4879
3,1888,15735
2,6385.4,526642
4,313.6,969
6,630.8,409
2,538.4,2687
3,1704.7,9938
5,2647.8,19514
4,2545.7,22479
4,598.1,597
5,203.7,10
3,2045.8,18651
4,870.4,4308
2,452.4,3646
4,149.1,16
3,1355.1,5599
4,199.7,42
3,942.3,7024
3,276.2,675
4,763.1,4686
2,575.3,3000
7,413.8,168
3,426.3,1278
3,713,2907
3,474,928
5,472.6,687
4,638,1486
3,1164.3,66802
3,223.2,88
2,1252.4,9999
2,316.5,1625
7,448.2,459
6,285.6,156
3,17667.8,1758524
5,2763.7,14317
2,481.7,2270
3,1846.1,12991
2,450.7,2550
2,149.4,90
4,256.9,47
6,2300.1,8084
3,767.2,3626
2,320.9,1319
3,1512.1,7141
2,1185.7,21512
2,576.5,3739
4,2483.9,16314
6,772.4,1012
2,4524.1,79943
4,2180.2,6262
5,434.3,60
2,165.2,382
3,161,29
2,2755,83896
2,807.1,7247
5,774.1,701
3,293.5,550
4,6033,66440
3,166.6,107
8,306.5,23
5,1415.1,4955
3,2408,18617
4,183,57
4,661.6,2099
2,354.8,739
2,963.4,11325
2,599.5,7015
6,447.3,165
8,7387.9,30175
4,1009.2,3636
5,221,33
4,439.1,1075
3,355.5,3179
3,7404.8,265686
2,301.1,2736
4,2104.1,10546
4,276.6,443
3,963.8,2817
2,698.8,3482
5,506.3,2424
3,833.1,5133
5,257.6,84
11,312.6,15
3,1912.9,11340
3,1701.8,7363
8,378.2,40
4,1883.7,14308
2,2324,51852
4,3208.4,20286
3,264.6,676
4,1184.3,3237
3,800.8,11212
3,1801.7,9446
4,165.2,104
4,134.1,160
3,3315.2,40955
2,547.3,2921
2,707.7,4892
3,160.4,78
4,1685.3,8455
3,742.2,5273
2,6581.3,272882
3,364.9,305
2,320.1,3485
3,5114.5,90209
7,1965.7,5774
3,3431.3,34725
4,2327.2,26410
2,2551.4,298091
3,465.5,882
3,334,899
3,1930.4,16985
2,6181.4,124829
3,365.2,2393
6,261.6,66
4,1815.1,9486
3,741.4,2065
3,289,1574
3,2672,77393
3,351.4,3563
3,499.2,2026
2,676.7,9005
3,421.3,1705
4,325.5,180
2,487.9,7041
6,266.9,46
6,565,892
4,605.1,1269
6,477.3,415
2,388.4,1233
4,818.6,6330
4,2369,11447
4,2902.2,32040
3,376.2,1944
4,3495.6,30569
3,312.3,759
3,201.2,139
2,726.7,4731
3,281,536
3,400.1,1006
3,880.4,3542
4,309.8,1475
3,212,186
3,568.5,1537
3,995.5,4060
4,2301.4,17308
3,738.4,5711
6,311,158
4,963.2,2778
6,295,278
4,208.8,35
2,579.4,4730
2,1212.2,19195
3,156.2,154
3,1977.3,16315
3,319.3,2193
5,301.6,237
3,634.8,8773
5,410.6,219
3,121.5,30
5,3143.3,16140
6,923.2,911
7,177.2,4
5,500,1191
3,422.1,2284
3,192.4,25
3,1066.1,3922
3,863,1246
5,2581.8,21383
5,1403.8,5406
4,2002.6,11222
5,151.5,0
6,354.1,23
2,564.1,2383
3,282.4,1162
3,286.5,485
7,1002.3,851
4,5068.2,52927
7,152.4,0
3,1558.8,17689
4,2179.7,10635
4,602.6,1636
3,381.7,205
2,197.2,573
4,341.9,442
4,264.5,484
6,2632.4,11549
4,1533.4,11948
4,2320.9,20693
3,919.9,2688
4,1840.3,7089
3,3887.1,50019
4,3490.4,43986
3,2625.5,20496
4,6345.9,70395
4,840.4,1748
3,1239,5380
3,618.1,6906
3,8478.9,164772
2,219.5,289
3,179.5,43
3,1968.8,17459
3,1616.5,13702
7,148,20
2,216.4,803
4,470.4,493
5,9927.1,153139
2,1030.5,15599
6,1443.4,7804
4,2295.2,12603
4,1662.3,12494
6,403.3,222
2,1520.5,19023
4,509.6,845
3,9955.6,1034428
4,3708.1,35909
2,3717.7,159534
5,5755.8,44983
5,3563.1,11337
3,8485.6,543700
3,1154.8,9709
8,6116.6,18031
2,288.9,997
2,479.1,6913
4,881.5,13017
3,485.3,324
4,709.9,978
6,333.4,181
5,244.8,336
2,2047.8,23082
5,268.3,546
3,897.9,4978
3,297.4,790
2,1624.2,17938
5,4398.6,30211
2,277.2,905
5,1737,2779
2,280.8,1988
4,419,1088
5,2417.4,20206
5,203.5,79
2,4485.9,82723
3,207.2,126
5,297.5,255
2,1545.8,28012
3,1429.4,3911
2,216.5,413
4,2290.4,12959
5,770.5,4879
5,1087.5,3538
5,1533.3,2830
4,1506.7,9545
4,1375.2,2332
4,146.3,41
6,596.4,161
4,710.2,1216
7,1405.9,1231
3,761.4,6105
4,667.1,1274
3,693.8,1565
4,671.2,1536
3,677.9,1450
3,400,643
3,380.4,117
6,751.5,376
4,3446.6,22856
3,196.9,184
3,2355.2,19051
5,242.7,98
3,386.4,2277
5,362.3,471
3,213.1,76
3,749.1,4992
8,5367.4,21737
4,2055.7,17959
4,316.2,416
4,132.9,10
2,862.9,59550
5,792.9,594
2,706.5,3264
6,196.9,56
5,289.1,65
6,676.3,622
5,975,5364
3,347,570
9,242.5,1
3,2352.2,63618
2,133.3,2
7,729.4,274
4,272.6,74
4,2180.3,12708
3,158,267
4,2198.7,22036
3,230.6,106
3,1941.1,11284
5,928.6,2384
4,1731.6,6235
2,1569.2,41818
3,1476.8,109152
3,195,94
4,1303,7554
3,709.8,3324
3,336,931
6,836.6,384
3,259.3,148
3,5961.7,93922
4,187.1,67
4,358.8,161
4,650.1,629
3,1350.5,7545
4,5977.1,54734
4,568.4,530
3,7028.1,134794
3,667.3,1682
7,1145,3941
3,1719.8,9996
3,246.9,45
5,495.9,1454
3,4054.7,81631
3,244.2,612
2,214.9,1099
3,251.4,230
3,671.8,1605
5,492,178
3,2139.7,22699
7,681.1,346
3,312.3,594
6,168.8,2
5,317.6,527
4,323.3,164
4,256,216
4,2131.8,17545
3,1514.5,7383
3,8727.2,154281
5,774.6,1750
2,829.6,6268
5,554,716
5,235.4,3
4,566.7,718
10,198.6,1
3,1071,4312
7,719.4,577
3,336.2,769
4,889.8,7788
2,2300.2,36640
6,2785.9,6080
2,431,2047
5,1063.6,3645
6,1652.1,2230
3,5775.3,88648
3,253.5,234
5,334.3,350
3,4748,84270
3,4097.2,79069
6,1438.8,6397
3,2087,14239
2,182.7,118
3,402.9,1283
3,181.1,91
3,939.7,5061
4,295.8,318
6,182.5,3
2,138.5,111
3,4500.2,53867
3,215.2,243
5,360.3,5261
5,727,1569
5,2827.3,11694
3,261.1,57
5,419.5,1335
4,304.6,352
2,1531.9,29006
3,153.7,154
2,224.6,972
2,1803.4,28155
2,1515.1,19083
3,170.7,214
3,504,1012
3,136.6,141
5,4002,37517
4,2002.5,13863
3,546.1,20672
5,945.9,2498
3,593.1,4363
3,182.8,77
3,489.1,1015
3,219.4,329
3,357.9,658
8,4228.5,12514
4,683.3,2917
2,338.1,2644
7,1143.3,673
2,524.8,11286
6,1158.4,2801
3,1390,6806
3,1126.6,3523
5,1462.4,3187
3,2027.7,15838
4,673.7,1588
3,4024.3,268493
7,1874.2,3002
4,301.8,368
3,562,2626
5,1074.5,4403
5,756.5,2107
3,704.9,2483
3,402.6,1504
4,2610.9,14904
4,1986.2,9738
5,637.5,816
4,1318.7,9325
3,1112.4,4116
2,510.4,2323
7,308.5,267
5,747.3,1086
2,2420,39814
3,1022,331
2,5631.9,118435
3,1282.1,5636
2,304.4,816
6,3279.2,10158
3,304.8,933
4,244.4,209
4,385.5,557
4,3925,33865
5,369,382
5,411.2,404
4,184.5,212
3,759.5,4346
7,3475.2,14652
2,594.7,4207
2,182.4,440
2,447.9,1703
2,10608,1264548
5,156.9,37
5,282.1,235
3,4112.1,67654
3,5892.7,97605
5,849.5,1695
3,534.3,575
4,969.7,3041
5,1315.3,5237
7,3958,15486
5,187.4,2
6,372.2,1858
5,580.4,1105
3,1603.6,11698
3,3193.1,45480
3,647.2,1242
2,788.1,5480
3,708.8,1624
3,1380.1,7560
4,272.5,327
4,495.3,666
3,430.7,590
4,3375.1,34264
4,426.3,461
3,1247.9,11947
3,247.1,1277
5,914.5,2138
5,131.3,2
6,256.1,8
3,154.7,331
6,185.2,0
3,731,1285
3,1804.6,17036
5,457.3,144
3,1290.2,9969
4,3016.7,19990
4,700.6,1369
3,1016.1,6066
4,2560.6,12269
5,1552.7,10732
3,238.9,1126
3,1657.3,7470
5,1017.1,1932
4,178,5
3,223.6,350
3,347.4,1633
5,6149.7,56961
4,285.5,667
5,2069.8,9831
3,2173.6,13806
4,7511,428921
5,1157.9,5621
4,363.7,1049
2,406.5,2694
5,297.2,98
3,848.4,4367
4,444.6,569
5,284.7,37
4,1780.5,7038
2,987.8,106293
3,270.4,173
2,350.4,3549
6,313.3,53
4,280.5,456
3,282.1,624
3,1395.7,9804
4,3409.4,34833
3,1873.8,196856
3,447.1,2410
4,1192.2,2713
2,314.5,1710
4,3320,25229
4,1139.3,2579
3,535.6,1016
3,339.6,502
3,554.4,5000
2,468.6,2710
3,460.5,1240
3,1122.6,7423
4,340.3,357
3,1088.8,5787
5,4085.7,31617
2,716.1,2819
4,703.1,1592
4,3860.8,31407
3,1091.5,11111
5,355.9,35
3,844.4,3102
7,1967.1,2733
2,284.2,1578
3,3718.1,64223
3,207.7,254
2,795,4070
3,2790.8,27773
7,195.2,10
3,701.3,1661
4,566.3,1554
5,186.2,11
4,697.9,1832
2,307.8,4596
4,2272.1,22948
5,1289.7,6058
7,389.2,86
2,281.4,1126
3,208.3,140
3,629.3,3301
3,4453.1,49346
3,2405.2,26275
5,3222.1,17870
3,4118.3,72326
3,456.4,727
2,257.1,3403
3,304,393
4,157.5,7
2,1782.2,23994
3,537.6,1706
4,1238.9,4140
4,2852.9,17490
6,585.7,723
3,522.6,7193
3,544.5,1123
5,1134.2,4673
9,3646.8,8333
2,253.3,949
2,3154.9,43752
3,1635.6,12875
3,1698.9,10693
3,308.3,822
3,181.2,84
4,223.9,420
3,280.7,796
3,1038.6,9405
2,519.4,3777
4,259.1,586
3,2212.1,26274
4,557.1,897
3,3189.4,83819
4,270.4,95
3,614.3,2222
2,258.5,283
4,1998.6,7238
5,313.4,626
4,661.9,1521
4,1644.7,7397
4,238.7,29
3,557,2697
4,515.9,456
3,2418.4,11048
3,698.4,3087
4,242.9,73
4,2337.3,12736
4,1253.3,5518
4,5245.7,48152
2,5964.2,600762
3,1285.8,16960
5,333.4,1244
2,179.4,442
4,294.8,296
3,585.8,4178
3,1702.5,9605
5,5300.4,48363
2,460.4,1359
3,302.5,1884
5,160.5,15
4,773.9,3103
3,510.1,1013
6,5311.7,35115
5,422.4,86
3,769.8,5365
4,192,17
4,1767.5,8393
2,12412,405529
3,1646.1,11863
4,2043.7,4732
2,240,484
3,569.5,5579
4,2114.6,21136
4,2533.4,14870
4,367.7,1142
3,323.1,389
4,860.8,4603
3,570.3,1086
3,687.1,5485
4,1829.9,14925
3,212.3,78
3,933.9,5042
5,875.7,775
5,850,1888
4,269.4,69
4,2267.7,21074
4,379.3,294
3,728.1,2709
5,868,550
5,177.9,22
2,607.7,3156
4,2565.4,12357
2,2010.5,23988
3,2660.8,33432
3,1057.3,4756
3,3167.6,30999
2,215.1,1531
3,568.7,2031
3,4767.8,71819
3,504.6,1605
3,254.9,100
4,1165.9,3933
4,1826.8,7025
2,2770.4,78667
4,1218,6410
3,216,128
3,1831.2,8913
3,220.8,1219
2,300.1,961
3,1276.1,10962
3,3476.9,333190
4,1554.2,6867
3,3201.8,24311
3,2527.5,28518
2,183.6,414
4,807.3,978
4,640.6,1605
3,1092.1,5435
4,3563,23189
5,986.5,2072
5,566.9,739
3,474.4,6046
6,460.3,529
4,539.5,537
5,206,75
4,1259,3218
3,173.2,70
2,322.1,6507
5,5424.9,51353
3,278.1,917
3,660.4,1353
3,221.2,522
5,2215.8,6518
3,3908,50220
4,270.4,113
3,783.3,4092
4,1254.3,2314
5,1058.6,1282
2,308.7,1027
3,707.5,1938
4,7255.1,95858
4,434.3,650
4,522.9,1004
2,2901,47535
4,166.3,0
3,1196.5,4985
4,2282.2,8033
2,206,376
3,206.2,77
4,578.6,664
4,3200.3,25979
5,1165.5,2604
2,2358.9,46734
4,1563.3,15032
2,356,748
7,1769.4,1448
3,2127.8,10401
8,303.3,129
5,1091.8,1864
3,276.9,1065
4,254.9,417
2,250.7,1274
4,182.3,16
2,303.5,829
3,968.4,2736
5,907.5,987
3,1105.8,12191
3,396.1,1018
3,346.1,1732
2,2117.7,42095
4,1382.4,6432
2,354.3,1028
2,10452.5,904103
4,640.8,2071
3,8253.4,180229
5,1745.5,7099
4,3496.7,21964
4,658,1078
4,879.3,2553
3,1639,25614
4,372.9,1037
2,304.6,3359
4,4616.9,47343
3,787.3,2955
3,730.1,3072
4,1786.5,8671
2,1442.7,37094
6,152,34
3,3292.1,27441
3,6215.3,92620
3,186.6,126
5,249.5,34
3,2193.7,26619
2,257.2,1268
2,1660.9,39028
5,796.4,1525
5,634.4,1031
2,256.4,524
5,549.2,204
4,493.9,221
3,397.5,666
2,333.4,1154
4,423.2,641
3,410,1135
3,274,627
7,914.3,498
3,4760.9,58916
6,878.5,324
6,1110.9,940
2,575.8,3463
11,243.1,73
3,316.4,449
4,594.3,38912
3,808.7,6336
2,1086.4,123324
3,165.1,22
4,1094.9,3716
2,205.5,893
2,1231.6,11145
3,2989.1,175715
4,303.3,320
2,162.3,443
4,614,1557
5,420.2,260
3,2899.9,36600
2,302.9,1046
2,1591.7,45454
3,557.4,10251
4,549,1152
5,153,3
2,541.4,56651
3,294.6,212
5,2878.8,14462
13,319.9,5
4,180.2,224
2,1142.8,28386
3,412.9,5424
3,708.4,4090
4,573.3,3604
2,4821.1,559157
4,724.3,1465
3,847.3,7791
4,249.8,303
2,404.8,1318
7,1544,5891
3,1120.1,7188
4,172.5,9
2,980.8,8899
6,601.7,861
5,2038.3,4548
3,312.6,717
4,880.3,1355
6,2926.8,8475
3,1451.3,4211
4,1118.5,5554
6,1025.8,921
4,271.3,480
3,1083.8,13012
2,237,509
3,388.2,502
3,227.9,575
4,609.8,5328
2,1239.1,9272
3,181,55
4,1009.4,2199
3,623.4,1290
4,4685,50078
4,2171.1,12608
7,300.2,882
4,845,792
4,1254.1,4707
3,2606.9,37355
4,417,1115
3,1943.3,26688
4,337.6,803
4,364.1,483
3,257,414
3,4228.4,588405
3,186.9,155
4,152.9,93
4,4062.5,35225
5,694.3,542
4,672.8,6357
3,349.1,786
4,326.5,485
3,1886.5,10137
2,366.1,2951
3,528.4,1207
2,218.6,997
4,2593.1,23475
4,1262.1,5355
3,268.8,1822
2,5249.1,177449
5,11839.4,161402
4,1383.3,3700
6,1601.5,11673
2,338.5,2025
3,388.7,1341
3,199,32
2,367.6,1324
3,300.8,1333
4,1230.3,5586
6,2856.7,14205
4,448.6,979
4,1862,7779
5,624.1,568
3,481.3,641
4,1123.1,4042
5,337.4,82
3,7731.4,131106
4,435.8,716
2,247.2,305
6,324.6,156
4,381.7,648
3,4082.3,42245
3,816.9,3453
4,332.6,472
6,1576.6,5228
4,817.9,9745
11,3491.6,2897
3,307.6,206
4,1237.8,6077
5,546.1,512
4,4681.1,46560
3,923.9,3670
3,325.3,1282
5,3103.8,23614
4,1748.1,6882
4,491,370
4,669.4,3336
4,431.7,512
3,671,1822
4,3533,28886
3,248.6,255
4,2274.9,17394
2,389.9,4657
3,179,249
5,1213,1985
4,711.7,2168
4,1911.9,17438
5,736.7,3154
2,470.8,2662
3,831.9,1699
8,1269.2,2002
4,987.7,4719
3,355.5,1407
6,5802.6,38137
3,385,785
3,1192.4,3763
2,1326.2,8822
6,262,33
3,304.4,648
3,185.8,116
3,440.8,2693
6,2141.6,4006
3,5838.3,85420
2,259.2,1172
8,834.4,447
4,995.1,5706
3,272.6,334
5,451.2,69
3,263,257
3,990,6163
4,684.7,2011
5,895.9,2998
2,576.1,9192
3,246.2,109
3,812.1,2999
5,1244.4,2520
9,972.6,925
2,9088,271930
2,2196.5,311713
4,405.6,37
3,8462.4,697927
3,11951.7,289164
3,411.9,722
3,2257.2,26677
3,2125,27179
4,419,192
8,5384.1,29914
4,290.3,217
5,740,6727
4,728.4,3357
3,604,1719
4,654,970
4,889.8,1801
3,530.4,1767
3,587.1,1967
3,937.4,9379
3,518.9,2298
3,529,1809
4,574.6,598
4,896,186
4,355.6,299
3,976.7,10216
8,1241.6,474
3,1107.7,4571
5,1272.6,3308
3,1920.5,8925
2,444.9,22049
5,186.4,167
2,800,9075
4,478,808
5,1173.4,4333
2,318.8,1286
6,498,749
4,432.3,1053
3,507.9,857
2,7122,637471
5,611.9,1114
3,363.1,1203
3,2135,27719
2,401,2040
5,136.4,24
4,1635.8,4499
3,2435.9,19366
2,216.4,2993
3,577.8,1102
3,342.5,1214
4,2174.1,23939
4,869.9,2623
4,2935.2,17894
3,3525.8,37755
6,1651.7,3596
3,209.1,237
4,2154.3,12951
5,435.9,771
3,2352.7,22382
5,341.5,1035
2,564.7,4179
4,2372.2,20513
4,667.9,1386
3,1849.7,12443
4,239.4,85
3,292.8,165
2,615.2,3882
3,1017,13272
4,953.5,3042
6,255.2,54
4,317.6,690
5,2152.6,16171
4,577.2,1200
2,982.7,6156
5,509.1,355
10,336.4,43
3,451.5,871
4,1477,6089
3,898.1,20596
2,3513.9,59311
3,1589.4,10252
4,703.6,1797
2,1606.2,22177
4,677.6,877
4,7064.5,97269
3,237.5,319
4,1166.9,5634
6,757.4,1266
2,301.6,971
3,2160.4,580526
6,603.6,1383
3,834.8,2340
3,723.8,3265
6,563.6,279
5,364.2,456
4,680.3,1272
2,160.3,516
4,1167.1,7849
3,587.4,6149
2,279.9,2716
2,662.7,5303
4,227.5,113
3,237.3,764
2,12585.9,1665786
3,806.5,3106
2,433.3,5623
3,704.3,2294
3,907.3,17069
3,1142.7,2955
4,305.9,930
5,231.7,105
9,2386.9,2637
4,238.9,195
3,1269.2,5292
4,2305.9,14649
9,462.5,86
5,606.5,2064
2,375.5,859
4,242.9,105
2,252.8,813
4,411.7,1334
3,194.6,169
2,2470.8,56423
2,2227,30260
2,1077.4,13853
2,471.8,2323
5,179.1,128
4,3396.7,41948
6,1411.5,2816
3,965.9,10349
4,749.8,1364
4,330.3,724
4,384.5,777
4,400.8,713
5,495.7,414
2,847.1,10460
2,472.9,2491
4,1025.3,2875
3,872.9,2547
2,451.1,1852
3,446.2,607
5,860.2,2022
2,441.4,4498
6,512.7,420
3,3273.2,58942
2,508.3,3468
2,641.1,12230
2,387.8,3193
3,749.7,2990
3,431.3,5207
4,914.3,6055
2,22453,3028779
4,5863,64507
3,1330.9,6208
2,10998.6,553695
4,1217.5,3692
3,500.8,1981
8,312,70
3,854.4,5045
3,782,3299
5,517.7,206
5,812.2,1920
4,697.3,673
2,648.2,4105
3,3915.5,29830
3,413.6,508
4,242.2,549
3,172.3,17
3,331.2,1096
3,3560.7,53705
2,256.8,665
2,321.6,3521
3,3170.7,33558
5,1751.5,10556
5,2343.3,13047
4,4522.7,46399
3,5088.4,68331
5,5127.7,52474
3,333.8,2031
3,1356.6,6049
4,4473.2,42007
7,2247.3,3903
3,2469.9,19556
3,1761.6,37332
4,412,542
4,5589,84664
7,432.7,425
5,1645,2785
3,869.2,11159
4,671.1,2530
4,6178.6,70001
5,3524.7,20619
2,351.9,1168
5,4333.2,92844
2,465.6,8623
5,662.2,1410
5,272.8,347
3,3505,38870
3,889.8,7418
2,924.9,8262
2,526,6067
4,2105.8,15135
5,804.6,1313
4,8242.3,102744
4,615.1,547
4,250.9,183
4,190.8,13
4,413.1,293
4,10104.7,167230
2,214.2,751
4,395.1,1072
6,442.7,245
2,239,6942
4,1743,6915
4,1045.3,2815
4,2023.4,13437
4,3136.8,29885
3,501.3,1164
3,218.5,243
5,362.1,284
2,2614.6,45798
3,944.6,3354
2,1423,13965
3,7584.3,199977
4,986.7,5563
4,1935,6863
2,457.7,8228
6,474.4,213
6,299.4,203
3,1581.5,8228
5,354.5,334
3,4912.7,91321
4,305.8,225
5,267,34
4,280.1,297
4,759.1,1909
4,1004,1743
5,1709.7,4150
3,1089.2,3817
7,1012.8,792
3,387.5,997
5,1956.5,4324
2,12224.3,348831
3,659.3,1190
4,284.6,421
5,955,7453
3,2909.3,25776
3,304.9,147
3,305.7,834
5,1044.1,3209
3,2541.2,40198
6,343.3,481
3,936.6,4606
4,830.2,2873
3,176.5,819
4,444.6,2969
4,464.9,939
5,2435.2,10535
2,2243.9,30565
2,684,5693
3,726.5,2569
5,3402.7,20705
4,1791.4,13027
7,296.5,91
4,428.9,312
4,331.9,230
4,368.4,252
5,541.6,1188
2,1717.7,12659
4,4371.8,38401
5,296.1,645
7,4330.9,18776
3,149.9,37
5,1677.7,4598
4,1504.7,10244
5,427,240
3,692.9,1749
2,135.6,103
2,733.7,7906
3,443.6,5214
3,1817.8,15245
4,200.7,75
6,1125.1,864
5,258.7,91
5,120.3,10
3,162,183
4,204,15
4,450.7,878
2,169.7,106
6,2123.6,7802
2,8814.5,229168
3,300.7,473
2,529.4,2636
3,478.1,2138
4,241.4,245
3,3006.8,26595
2,7734.9,246886
2,200.4,668
4,367.5,538
3,1252,12982
2,201.3,537
3,438.2,879
5,2053.2,8043
2,4892.8,129091
3,2234.7,25422
4,1475.9,10403
4,264.2,244
3,592.6,3326
6,298.7,232
3,250.6,576
5,1076,1801
3,188.6,147
3,227,156
2,1141.8,9228
2,1436.5,21338
2,217.5,854
2,1926.1,58008
2,270.3,6864
6,329.9,72
7,379.2,96
3,286.1,1420
6,282.2,138
4,2363.2,14765
4,870.5,1988
5,349.1,750
4,313.4,318
4,2162.3,12556
3,414.6,2765
3,2792.6,30242
4,766.8,7264
5,252.3,142
6,349.4,123
4,182.8,100
2,802.3,6095
8,3842.9,10755
5,1134.9,3595
4,886.7,3050
2,381.3,898
4,199.1,143
4,273.7,364
3,618.3,1313
4,2109.9,258274
4,1223,7394
5,1182.2,1943
4,2050.3,10451
3,1378.6,16725
2,8214.2,200121
4,283.3,326
3,4130.4,51464
5,376.6,728
2,187.9,220
3,1144.7,7012
3,7568.9,127059
6,918.8,1010
3,516.5,1382
4,886,1695
4,693.1,2494
5,922.1,876
3,548.4,1257
2,323.3,1400
2,391,1915
3,1041.9,3109
3,226.8,408
3,262.6,83
3,1649.9,24873
4,381.3,140
3,1316.8,7105
2,292.8,1480
3,420.8,280
6,305.9,15
4,2501.2,20586
3,2569.8,23962
2,382.6,2371
4,2260.7,13351
2,432.6,1500
5,1116.5,3578
4,573.7,3232
4,163.5,12
3,824.4,3839
7,17176.3,496167
3,7210.4,696985
5,232.3,42
5,1361.4,2529
4,232,147
6,191.3,31
3,1123.4,6586
5,1853.6,4198
5,2442.7,7832
2,1973.1,22874
3,304.7,543
4,4759.9,51606
4,1229.4,13400
5,1341.5,5615
3,1089.4,6231
3,830.8,3255
5,389.1,73
4,1076.2,7734
2,450.5,1356
4,441.3,338
3,842.1,3035
6,288.3,112
5,1779.7,4615
3,7390.8,119931
3,309.7,552
3,233.5,370
3,309,804
3,201.2,248
4,10117.7,298870
4,1124,1756
2,814.1,8469
3,383.5,1279
2,201.5,725
4,568.7,2558
4,4127.8,31858
4,3332.8,22681
6,2040.9,6060
2,215,1270
5,703.7,1155
2,211,568
2,733.7,6108
3,756,8964
3,696.2,2948
7,1496.7,2717
12,475.7,299
4,1596.5,4340
3,1299.6,9502
3,486.4,1325
3,2165.6,28127
4,4641.6,45970
4,5338,55800
4,323.4,148
3,333.9,961
3,276.7,236
3,379,1383
3,347.2,1019
5,431.1,99
3,2024.8,13614
2,320.8,1462
6,498.6,289
3,660.7,6964
4,392.2,208
2,343.7,2394
2,1923.9,20582
3,1296.8,11362
2,312.7,871
3,388.9,1098
5,10559.7,121196
4,316.7,101
3,1553.4,11809
2,753.4,6149
4,4966.5,65496
3,807.4,4902
3,706.6,1518
2,2167,47490
3,1816.3,32607
2,1062.5,9070
4,736.9,501
4,203.7,18
2,877.9,8370
4,731.2,711
2,4458.2,70784
5,465.7,334
3,679.5,1586
3,332.4,2888
3,1022.5,5727
3,1575.3,13605
5,770.9,404
5,2620.7,10118
2,642.1,2931
3,519.5,3915
5,2026.6,7094
4,1774.4,5435
6,382.8,373
4,370.7,937
3,183.9,113
4,180.4,93
5,273.3,83
3,195.8,185
5,2429.5,9118
4,1133.9,2804
3,2113.8,13460
3,509.3,2822
4,237.2,16
3,1680.2,19362
5,1559.5,5698
3,825.5,3545
4,1019,1887
3,176.2,81
4,258.5,1476
4,600.9,2682
3,1661.4,15538
4,2297.4,19657
4,1430.7,5514
8,656,175
2,140,101
3,418.5,521
4,414.6,863
3,277,434
4,890.9,1802
3,267.8,326
3,1194,4313
5,813.6,1775
3,1093,4444
2,549.6,6419
2,131.8,87
4,886,1451
6,1260.7,1234
2,7668.5,194255
5,325.3,84
4,1235.8,4599
4,2503.2,12946
3,1083.8,6747
3,253.8,90
3,649.3,4095
4,1788.6,9453
3,1529.4,13704
3,582.3,4336
4,467.7,315
3,1163.2,7999
3,2657.6,52755
4,2770.8,20850
5,6737.5,80864
3,2124,16342
3,298.2,1534
3,379.5,1336
3,159.1,54
6,1258.5,1727
4,285,548
3,602.6,3693
3,726.9,42570
5,194.2,1
4,1988.8,11697
2,1360.9,11427
4,812.6,2114
5,1980.5,7782
3,2816.3,35951
5,488.6,136
4,1290.2,3444
3,3014.6,37925
5,1965.6,10262
3,161.4,51
2,6265.6,138931
5,156.9,3
4,281.2,53
3,700.7,2918
3,310.9,163
4,3558.2,23215
4,169.7,13
3,1220.5,8138
4,1467.5,6027
5,909.7,2286
8,234.9,0
6,370.5,13
2,269.9,2925
6,137.2,1
3,2534.4,30100
4,5308.5,45157
3,610.1,911
2,295.4,1677
2,526.8,3373
4,1677.9,6773
2,2560.9,86701
3,1411,12189
5,1477.3,3418
4,666.7,2948
4,471.6,1227
3,409,223
4,626.8,393
3,947.8,13362
4,1074.1,8821
5,1557.8,5982
4,1628.4,8298
4,1694.9,8759
6,160.7,30
2,457.9,4684
3,965.9,3601
2,449.1,2263
3,1269.8,10578
4,259.4,67
3,2424.4,23282
3,191.5,327
4,528.1,867
3,341,374
3,1936.3,9299
3,3695.5,42712
3,4094.3,46862
3,725.9,2435
3,2116.6,15655
4,193.5,98
5,306.5,82
3,315.2,497
2,138.8,21
6,799.7,324
5,2405.1,7302
3,1489.3,9529
4,1527.3,5724
4,524.4,771
4,1613,5832
3,1222.1,13463
2,1696,35628
4,1510.8,7565
4,179.7,39
6,1728.3,7918
7,896.2,825
3,229.5,295
2,171.6,433
4,2998.5,33505
5,2218.5,8084
6,1459.5,1711
4,5376.9,92508
3,572.7,3795
4,347.4,253
4,625.3,1313
5,299.5,334
3,1625.5,11332
2,403.4,4404
2,889.3,12153
4,423.8,865
3,2472.9,25158
4,273.4,517
3,346.6,2222
4,1436.5,12335
2,178.5,218
5,1112.1,6178
3,3301.5,47172
5,193.8,61
3,1051.5,12878
6,522.9,164
2,8398.4,205793
4,677.6,2217
4,2273.9,8428
5,788.1,1226
5,2635,14540
4,237.7,109
5,190.1,40
4,748,4184
4,171.7,27
2,4310.4,93647
4,4738.3,62894
2,3481.6,88729
3,5219.2,72107
6,1385.5,3932
6,1187,1492
2,639.1,6667
5,630.7,1505
3,361.3,311
4,674.7,960
3,887.3,3740
3,1799.4,31424
3,1554.5,20917
3,288.3,201
6,226.5,201
5,624.8,658
5,479.6,300
4,959.9,4503
3,279.4,658
5,980.3,2696
3,4341.9,62380
3,769.1,2437
6,411.7,185
2,1203.8,11253
3,1347.2,16012
8,332.6,90
3,398.5,389
6,400.6,100
5,1405.8,4196
2,139.7,489
3,2078.7,13201
2,237.8,142
3,200.1,686
4,259.5,84
4,1895,11474
2,12104.5,376694
2,7766.1,175776
5,629.2,709
5,192.1,18
3,1913.8,9268
3,3337.9,35908
2,221.8,1190
2,9227.9,367314
2,360.2,1951
3,2081.9,26743
5,4186.3,27639
6,967.8,777
11,1547.2,891
5,2863.4,19886
3,941.3,9404
3,1030.3,3774
5,662.2,2064
6,162.8,2
4,407.4,1157
3,728.6,2839
3,318.5,673
7,1044.8,486
4,237.1,19
2,1906.1,60054
6,2445.6,6127
4,2302.4,28972
2,1777.5,27781
4,517.6,566
2,868.4,5563
2,359.8,2744
6,302,26
7,1953.9,1910
9,4478.4,11039
2,201.7,437
3,5752.6,109837
4,452.2,2671
6,1531.4,3628
5,556.4,516
2,399,2000
4,271.9,52
3,688.3,3273
4,4554.6,53768
4,618.6,5099
3,10845.7,234677
3,2366,31956
4,1357.9,4326
5,1175.6,6535
5,256,55
4,4610.9,46354
3,536.7,1137
6,1587,3944
2,196,373
5,233.5,89
4,680.5,1659
5,3600.1,30148
3,331.4,622
4,455.1,117
3,366,1256
4,1891.7,12131
3,8663,143977
4,278.4,165
5,789.4,1299
2,1219.2,23390
2,1140,16456
3,2440.3,29803
3,164.1,153
3,652.9,4142
3,455.3,2834
3,1099.8,6446
6,392.8,147
4,981.5,1949
3,1844.1,15847
3,201.8,214
4,2061.3,14277
4,1025,2468
3,605.4,3628
3,1907.5,12849
4,1826.8,6794
3,813.6,3663
3,2389.2,27857
3,504.3,2290
3,257.6,801
2,1580.9,51514
4,1726.4,8683
4,2229.6,14852
4,823.6,1512
5,718.9,567
6,747.7,527
8,794.6,1109
4,444.2,615
4,479.6,130
4,432.5,1085
4,3507.5,63321
2,469.9,1045
4,671.3,1054
2,198.5,557
2,308.3,990
4,382,358
3,467.4,570
3,779.3,1607
4,2260.2,16319
4,2993.1,208512
3,174.2,197
3,320.3,166
7,1230.3,1624
2,158.8,1300
4,710.6,1328
2,1776,23188
2,592.7,3843
4,374.3,652
3,473.8,7693
3,325.7,180
2,216.6,913
7,515.2,84
2,647.9,4905
3,2250.7,20044
2,1774.2,24039
4,745.9,1886
2,626.9,3419
6,358.1,53
7,586.9,339
4,3829.5,28146
6,1111.6,3037
3,188.1,73
3,1966.5,8930
2,5562.3,153074
5,698.3,841
5,343.7,542
2,2486.3,34216
7,1682.1,4600
4,359.6,528
2,549.5,2826
3,2702.6,293012
3,1545.9,20487
10,1051.7,409
4,326.3,236
5,427.1,133
2,1798.5,199061
3,3713.3,53348
3,170.2,87
4,420.9,660
3,242.8,284
4,4192.2,133487
3,292.4,1082
2,379.6,1353
2,193.5,188
3,623.1,6859
4,761.3,986
2,226.8,661
3,2523.8,19324
2,436,1128
4,533.4,731
3,2079.2,11328
4,541.5,2553
3,2343.1,20297
6,269.3,110
4,959.2,2837
6,2065.9,5617
5,1090.4,2040
3,322.3,852
3,2237,20693
7,2170.6,5581
4,290.4,385
4,1357,6312
3,844.1,3235
4,687.3,1645
4,751.9,2295
3,928.3,16756
3,750.6,2329
6,471.2,174
3,2285.4,21048
3,352.6,1588
4,788.7,2277
2,1625.8,17882
2,890.7,9404
6,430,52
3,4366.1,210912
4,4496.2,42887
4,2161,15543
4,1572.6,6458
5,2278.8,11040
5,3417.8,29209
3,459.1,3400
5,4462.5,253690
4,199.7,169
9,2271.8,3076
5,1094.1,3912
4,382.7,285
3,854.8,13270
6,772.2,1434
4,247.8,363
4,8608.2,128296
5,8096.9,98081
4,260.4,49
4,961,3968
5,4450.7,30387
8,1189.1,802
3,1018.1,7547
5,2348.2,13008
2,491.4,5261
4,151.7,1428
4,415.9,238
4,790,1523
4,2266.7,11537
3,3803.5,37278
3,359.8,346
3,1307.2,13292
3,2088.1,46530
2,216.2,2016
4,154,133
3,271.2,1096
4,1835.1,7195
4,298.6,567
3,10007.4,192123
4,6310.4,71318
4,2072.9,7465
4,1683.1,6933
5,285.6,242
4,1497.8,5400
2,696.5,7429
2,392.4,4104
4,1894.4,8367
2,292.6,2697
3,178.2,457
5,275.7,69
2,775.2,6904
3,4081.8,55124
2,840.7,5861
3,552.4,2869
3,3927.1,54130
2,143.6,69
3,183.5,235
6,547.3,762
2,3546.9,72344
4,405.2,382
4,2038.8,18268
3,2039.6,18302
2,746.4,4627
3,257.9,1458
4,382,271
5,577,378
4,1048.7,4392
4,1246.7,5221
3,339.6,356
6,342.2,631
5,290.7,33
4,1095.4,6566
3,260,4642
9,1045.2,360
3,767,5575
2,380.2,5450
5,145,0
3,854.5,4107
3,457.9,3850
8,983.7,1255
2,832.2,5441
4,3440.6,25877
3,416.7,644
3,259.9,1051
3,260.8,805
4,240.6,531
3,978.8,4907
4,459.3,560
3,2277.9,35575
3,146.8,3
6,1510.3,5249
2,233,320
2,725.2,6080
4,259.3,45
6,534.2,186
5,1110.9,2886
3,2920,22880
2,5207.3,138547
5,4313.5,21369
3,3925.9,38212
3,320.9,1004
2,415.2,2328
3,2154.8,15101
5,483.8,1603
5,459.5,1482
5,3344.6,9731
4,559,700
2,4351.1,103327
4,251.2,442
6,891.9,604
6,713.1,243
4,690.4,1046
4,707.2,2006
3,226.5,377
4,2660.1,12757
4,205.8,294
3,162.2,403
2,185.5,591
5,944.9,1472
2,481,1927
5,612.3,685
8,1638.7,1930
3,2463.6,40706
5,9654.4,141410
4,259.4,757
3,4683.2,70968
5,1210.9,1666
5,570.8,4124
5,342.2,176
8,304.4,380
4,236.4,44
3,1953.8,20432
6,526.2,1266
6,625.1,675
2,613.9,5188
4,243.9,141
5,1219.9,4321
3,558,790
3,5463.1,97458
4,348.2,2539
2,889.7,7093
2,295,1504
3,889.2,3057
2,126.7,7
4,2409.5,17385
2,875,19414
4,418.4,294
7,3020.9,9467
2,482.9,2307
3,758.7,8257
4,193.4,208
2,305.4,4547
3,248.2,693
4,167,63
2,125.3,340
4,23277.8,1583682
2,26267,1889081
3,1190.9,5778
3,345.5,4520
3,3796.4,498060
2,342.3,936
3,1252.1,22338
5,776.5,461
3,349.5,2846
2,627.2,3360
6,674.2,626
4,221.2,97
3,372.5,1080
4,2696.8,20312
3,406.4,514
2,302.6,825
4,495.8,913
2,416.2,7398
5,3641,23620
4,1235.1,3430
3,2464.8,14661
2,530.2,4001
2,4305.1,97784
3,502.9,1992
6,1547.6,3366
3,388.8,2525
8,1419.9,1640
3,1928.8,8755
2,372.2,864
4,689.2,408
4,254,30
3,7257.6,514741
5,2117.6,8388
4,189.9,339
3,876.6,2498
4,1239,3176
5,275.2,423
2,176.7,613
2,371.2,820
4,549.5,1249
6,2328.9,7704
5,2268.6,18068
5,161.6,47
5,558.8,2110
2,379.1,2662
3,3375,32794
5,236.7,36
5,299.2,33
5,5784.4,41207
5,9697,111828
4,1018.1,1841
6,1682.7,4575
2,1739,23612
2,503.1,2517
2,295.8,1916
4,326.9,479
5,1095.9,4708
2,1674.5,17686
3,2730.3,29884
2,821.8,3559
4,2370.6,14004
6,2098.8,4764
3,154.8,54
3,398.1,1978
6,659.4,137
5,1471.3,5529
4,9476.2,135301
4,1716.5,5605
3,605.3,1403
6,445.2,27
3,621.2,2376
2,811,17062
7,729.3,564
3,6921.8,673899
3,793,5955
4,2516.4,18883
3,256.6,426
3,852,6450
6,518.1,188
2,470.3,4502
3,2201.1,320918
5,359.2,1430
4,3621.4,22346
4,451.2,659
2,9615.7,863547
2,1682.2,31272
3,193.9,22
4,197.3,54
5,1096.1,1153
3,827.2,1647
4,1494.4,8970
4,2607.5,20851
5,360.1,686
2,195.6,722
3,6023.7,87761
4,463.6,831
2,2554.4,59795
3,220.2,198
4,763.1,1296
5,2318.7,6896
3,815.4,2996
5,1027.6,5284
3,918,2505
5,2710.2,19637
2,5962.6,121340
3,1890.1,11179
5,1602,5308
3,3893.6,38693
6,1225.9,4702
4,2158.4,16866
5,398.2,405
6,881.1,703
2,847.7,138055
4,247.9,290
5,2498.8,8642
3,2104.9,13547
3,2122.5,15049
5,1989.6,12849
4,441.4,185
4,2661.9,16843
5,568,1159
3,228.7,203
3,345.8,503
5,476.1,1147
8,3661.3,8570
4,728,6510
4,2895.4,20614
3,297.2,1374
4,249.2,141
5,1237.9,9284
5,1020.9,4555
3,2872,128507
5,526.4,579
6,200.6,42
3,130.5,276
3,2498.4,24696
3,6476.3,201865
3,526.3,2041
2,205.5,474
3,817.7,7752
5,1386.8,96235
4,814.7,976
4,141,61
3,1676.6,17039
2,161.9,190
3,472.7,3300
6,304.3,170
4,525,1120
5,128.2,12
3,648.3,4260
4,686.8,1521
4,343,183
5,819.7,653
5,7525,58384
7,500,444
3,339.7,420
3,470.7,1514
3,2403.1,25824
2,23137.9,2452383
4,262.4,68
4,1085.7,6337
3,304.4,106
5,1169.6,1821
5,908.3,1202
3,2515.7,16229
2,529.3,3272
2,207,818
3,131.9,30
2,723.8,12853
3,552,9928
7,346.8,32
3,1238.2,4030
4,619.3,1047
3,971.4,5387
5,669.6,2603
3,378,1607
3,698.9,3527
3,353.8,599
3,614.4,3894
11,1116.5,1245
2,1099.9,9079
4,481.1,781
4,1306.1,5287
4,288.9,178
3,6100.1,88754
3,319.9,644
4,607,508
2,669.3,3231
3,193.5,379
5,597.5,2650
4,5109,72533
5,332.9,148
3,479,1461
5,386.3,182
2,223.5,1153
4,1016.8,2662
3,2580.1,25121
4,476.8,1094
4,161.7,127
6,1074.8,952
3,1804.4,360332
8,210.4,1
3,2054.2,15994
2,490.3,5325
4,402.1,553
4,2352.1,16181
4,1908.1,14031
4,730.9,1170
4,232.1,200
4,236.7,79
2,344.5,4830
2,1056.1,5686
4,477.9,1565
3,7286.5,111150
5,793,2610
4,842.5,2133
4,619.9,944
4,182.1,66
4,2414.1,161154
5,485.7,204
3,325.3,352
4,2588.8,20866
5,564.6,134
5,359.3,401
5,2233.7,10853
6,241.6,52
2,853,13927
4,2478.9,13896
3,400.1,1385
2,522.6,2329
6,2554.2,5809
3,415.5,1194
2,1577.1,50121
3,266.9,667
8,1799.4,1879
7,1434.3,2273
3,372.5,1645
2,194.2,475
5,9373.7,446254
6,241.5,4
3,937.1,3700
2,2474.4,45422
4,811.9,23376
2,7225.9,187512
4,2095.4,24332
3,1064.8,9342
4,222.9,191
3,478.1,4102
4,5653.7,58712
2,615.7,5188
2,679.8,4092
4,23055,1583682
2,494.8,4709
3,854,4612
4,3727.1,111426
2,1276.8,15830
2,1244.1,21449
3,336.3,290
5,1605.7,3847
2,232.2,775
5,4500.2,54301
6,1857.7,10252
3,540.5,3543
4,2822.7,17208
3,426.8,16065
7,858,92
3,488.2,4530
3,1577.5,21977
4,2253.8,11584
4,546.8,1750
3,2163.7,23768
3,477.6,460
2,158.9,74
4,1774,9024
3,521.1,1566
3,7189,129249
3,185.1,478
3,485.7,2342
3,257.2,198
3,729.1,1941
3,1429.8,11432
5,2179.9,10346
3,1081.6,4598
3,2030.6,30031
3,204.3,189
3,5317.9,65690
3,267,237
6,662.5,569
3,10613.5,233712
4,841.8,1978
2,651.3,6595
8,219.5,4
3,8056,368176
2,6238.9,144564
3,216.6,797
2,422.1,3442
3,270.3,735
3,7451.3,149854
2,165.2,92
3,4623.7,54936
3,1273,7801
8,1061.3,271
3,381,611
3,651.6,4249
4,250.1,50
4,298.4,406
5,1211.4,4082
4,5376.9,56908
5,328,293
3,182.5,53
3,1674.5,9976
3,4326,43842
3,846.5,3898
4,1421.5,7793
5,3264.1,22437
6,1237.7,1520
4,883,670
4,1305.6,3033
3,1415.1,5272
4,353.1,440
4,218.4,20
8,425.9,197
3,127.7,102
3,336.7,288
3,277.8,956
6,668.8,313
4,135.8,7
6,1097.4,713
3,5605.7,81378
3,258.6,2841
2,1096.7,7603
3,1331.6,6616
4,292.6,60
3,1014.2,5437
3,12122.9,1242253
3,1005.9,4657
3,270.6,397
7,590.3,1918
2,581.3,3727
5,473.5,485
5,1159.8,2298
6,230.9,92
4,170.5,4
4,3583.8,27924
4,2318.8,13701
3,230.1,933
2,1631.7,28388
4,4141.5,34509
3,170.4,50
3,237.6,69
4,1864.1,7978
4,1970.2,6858
5,285,307
4,3524.5,27547
3,2068,20079
4,176.8,8
3,246.7,213
4,1291.8,2580
6,763.9,1273
5,369.5,373
2,2296,31832
2,287.9,5740
3,205.6,1368
3,1879.4,8659
3,655.8,5654
4,2503,18590
4,2120.9,5602
3,359,3559
4,484.6,366
4,1013.7,2790
3,2139.9,25976
4,650.4,1131
4,2998.3,23449
4,650.7,655
3,1270.1,95442
3,213.7,478
3,763.9,2706
3,660.4,1975
4,868.2,1905
3,1899.5,10899
6,642.3,442
4,402.4,591
11,1012.2,1353
6,636.7,813
3,321.1,1236
3,255.2,7417
5,2092.5,15542
4,890.7,1600
3,2618.7,28078
3,949.7,10040
7,2364.3,4099
4,980.9,2540
4,704.6,2895
2,313.5,544
2,167.2,263
2,189.5,947
3,2240.3,33609
3,4090,61198
3,629.5,2078
5,3629,357265
5,978.9,1864
5,1629.7,8111
2,389.4,5370
3,787.6,2955
3,4824.2,64962
6,265.8,340
3,595.9,1758
3,4243.1,49954
3,1183.5,33920
5,4387.9,31049
3,1764.3,51130
3,4827.5,70886
3,307,715
4,532.9,397
2,1476.9,26574
4,376.4,387
2,394.8,4646
4,222,485
3,1611.6,19715
4,495.9,2589
4,446.9,705
3,743.9,12211
5,247.3,79
3,468.8,982
5,1365.8,3164
6,532.7,412
3,847.7,5655
3,640.1,1221
3,611,4736
2,1594,20446
4,206.9,196
3,8644.8,324394
4,2932.4,14700
10,757.9,489
4,736.8,469
5,2676.8,11488
4,868,3103
3,2100,33395
6,1020.3,702
4,1029,4963
5,935.5,848
4,433.2,825
9,4008.2,7390
3,178.3,132
3,813.8,8329
4,833.5,1531
4,427.5,584
5,1234,1916
6,2205.1,6536
8,546.2,170
2,471.9,3798
2,1100.2,8841
4,4260.6,37061
5,273.1,254
5,757.1,696
6,674,387
4,1636,19436
3,666.4,6808
3,488.7,1903
5,259.5,125
3,179.8,21
3,3058.2,33377
5,654.6,9559
6,524.3,1077
4,3126,14008
3,251.2,538
5,912.7,1198
3,1760.6,14322
5,241.3,20
2,2540.2,42801
5,5857.5,48747
4,3382.6,14316
2,228.2,516
5,644.5,1418
2,613.6,5790
3,5791.6,76232
2,4575.2,145698
3,226.3,294
6,4160.8,24111
4,4832.1,157767
4,283,1054
5,4243.1,31720
7,139.7,1
3,448.9,2053
2,493.7,5128
4,178.3,5
3,2051.2,14899
3,1173.9,9116
6,3217.8,19195
2,3190.5,51744
3,346.7,272
4,740.7,1029
4,277.1,495
2,2201.2,30858
3,184.1,97
3,7574.4,479635
4,473.2,592
4,1698.2,12810
3,452.2,1489
3,1149.3,10423
5,176.8,16
3,536.8,480
5,975.6,2929
3,452,5431
3,519.5,2474
3,163.9,7
3,708.8,4494
3,1504.7,6657
4,1334.5,3897
4,248.5,388
3,1149.5,12076
7,388.8,56
2,1073.9,9931
8,248.2,0
4,263.2,36
4,153.3,12
3,197.5,163
5,1241.1,2751
4,2929.3,34991
7,319.9,127
4,2914.4,21185
3,1440.8,19601
3,259.5,917
4,308.5,430
2,3676.8,62817
2,1931.7,48073
3,1176.5,5405
3,292.2,928
3,400.6,543
4,233,345
3,587.3,5564
5,492.2,816
5,450.8,1119
3,1021.6,6108
7,2444.6,6183
2,450.9,2091
7,213.1,5
4,587.2,1101
4,1674.9,8436
4,818.9,5385
4,275.9,1695
3,1612.3,8960
4,248.2,87
4,280.3,600
4,2428,251631
3,4513.7,71737
6,193.1,5
2,16993.1,1003633
2,1592.8,22351
3,371.1,672
5,1885.6,6363
5,819.4,1280
5,269.9,179
4,5203.4,54088
5,1336.1,2995
4,5002.9,57230
5,5670.4,40676
5,957.6,5534
4,1741.9,26820
3,871.4,4250
4,1672.1,8234
3,428.2,3104
2,387.2,2485
2,747,7066
2,234.2,662
2,416,1728
2,7604.6,181972
7,195.2,14
4,2193.6,7446
4,239.4,274
2,977,11470
4,222.5,90
6,857.9,593
2,485.6,4163
4,200.2,36
2,192.8,387
4,2406.5,13287
3,1593.8,10174
4,982.7,5894
5,577.2,661
4,1423.7,3333
3,424.3,639
7,506.9,553
2,686.4,3420
5,2508.3,12697
5,444.9,164
2,145.4,166
4,391,194
5,764.4,697
2,820.3,4717
3,673.1,2089
5,254.7,83
3,1897,15382
5,1194.9,1811
4,154.2,3
3,4808.4,48617
2,201,725
3,1955.4,12065
4,1066.3,5108
2,274.7,1475
4,372.8,15206
3,1593.4,13807
3,253.1,2841
5,890,1041
4,455.5,1451
3,599,1014
3,1938.2,17835
3,287.1,211
4,464.4,799
4,492.2,783
4,135.2,8
3,256.6,212
4,529,1713
2,2481.9,54294
2,1309.5,13619
4,525.7,193
4,973.5,2087
7,169.3,1
4,4083.5,50274
3,614.8,1923
2,423.7,849
3,857.9,8849
5,867.9,6181
3,886.5,1598
7,546.6,38
2,297.3,1028
5,681.7,966
3,247.2,2469
4,450.3,606
4,1114.3,4843
5,227.7,16
5,1285.2,2317
3,2475.6,27987
2,1013.3,8130
3,3716.6,71488
3,2817.1,42240
2,237.5,1321
2,660.4,5678
6,398,456
3,236.3,177
2,1112.9,9581
2,512.7,3644
3,1587.1,7403
3,124.2,7
2,244.8,821
3,7262.7,149318
3,1476.7,11706
3,5590.3,76451
4,1689.3,7143
3,1752.4,13096
4,1460.5,3707
3,271.5,232
3,1249.1,4809
3,3860,374239
4,2583.8,16847
2,2258.6,86649
3,208,58
2,3459.1,76346
3,2056.3,17674
6,188,42
4,1003.7,1896
8,294.4,3
2,896.2,10983
3,622.9,545
3,3498.1,32331
7,4195.5,19117
4,812.4,2903
3,339,387
2,304.7,1572
3,1383.5,7374
4,3047,31980
7,343.7,225
2,383.4,906
2,471.8,5933
3,336.4,255
2,591.6,4007
3,329.9,1954
5,3339.3,19359
2,5687.2,382000
3,139.7,38
3,10149.8,211617
3,5225.3,252630
7,1663.8,1926
3,274,1045
3,276.6,869
3,606.8,3734
5,2612.5,8799
4,730,2620
4,1701.7,9680
4,378.9,238
3,635.6,8009
5,246.9,68
3,303.8,346
4,267.6,192
4,352,311
5,1303.6,4274
3,387.2,3375
4,418.1,2260
3,3257,37112
4,2664,12511
4,196.4,17
7,665.9,554
2,1384.2,16073
3,832.5,2233
6,1406.6,1474
5,255.1,34
3,1047,6887
3,1525.9,6449
3,263.1,2404
3,285.1,897
7,2475.2,4092
4,3527.8,31148
3,248.7,174
5,238.9,135
3,1033.4,4571
3,376.4,844
2,837.7,5989
5,959.8,2704
3,161.2,60
6,789.2,1029
2,422.7,4091
2,1911,30622
6,167.9,3
5,300.9,224
3,693.8,2099
2,794.5,9671
2,584.4,4728
3,6439.5,94316
7,372.2,1240
3,3054.8,36132
5,2491.6,12768
2,178.3,196
3,218.8,87
3,2434.6,17284
6,361.6,210
4,705.9,5382
6,711.1,877
2,1865.9,30698
3,6915.5,106660
3,252.1,115
3,447.6,1398
5,592.8,368
4,176.5,53
2,538.2,4311
3,3227.3,33258
4,173.1,120
7,703.7,118
3,387.9,2477
3,504.2,1337
3,1483.4,9262
3,700.5,2421
4,323,317
3,373.5,1442
2,1352.2,18915
5,450.5,140
4,528.5,781
3,483.7,3203
3,270.9,1010
4,3178.6,28837
3,212.8,1563
2,353.1,6018
4,1067.8,3198
3,348.8,749
5,877.3,5787
3,305.6,1148
5,1436.3,7686
2,559.6,2466
5,567.1,434
4,759.8,5880
2,623.7,7577
3,573.3,2034
3,409.7,2147
2,300.7,2156
3,653.1,2715
3,2831.6,37126
4,1691.5,7655
3,368.3,763
4,358,142
7,966.9,1967
3,242.7,139
3,183.4,40
5,376.9,54
3,2749.8,37584
3,546.6,2714
3,320.2,1084
4,2782.5,17487
3,1179,4955
3,620.6,3149
3,293.1,329
3,225.2,328
7,343.5,384
7,2719.7,5125
4,2612.9,25153
10,2734.9,3495
8,288.1,130
5,2168.5,7752
3,2408.8,20640
7,228.2,4
4,138.1,1
3,533.8,2291
3,1025.2,7974
3,158.7,55
3,1059.6,9072
3,4616.4,47834
6,265.6,8
6,4702,20493
3,1697.1,12983
3,2562.1,18808
3,220.4,1080
3,3365.1,223433
3,5789.2,76334
3,575.4,1800
2,181.5,590
5,2587.2,9929
4,187.3,45
5,602.2,1314
3,379.2,393
3,1769.2,14707
5,367.9,200
3,12007.8,705964
2,357.5,7766
2,131.3,2
4,297.6,142
5,1873.3,9748
3,275.6,329
3,373.8,2627
2,301.7,829
3,2306.4,34548
3,499.2,1349
5,3908.4,20668
3,1952.8,11949
4,760.5,1129
3,473.8,879
2,1534.3,15838
4,198.2,100
3,490.7,795
3,943.4,4456
4,276.5,79
2,796.3,6284
4,204.4,50
3,2682.4,31229
3,11695.2,443488
3,2370.3,22330
4,3099.7,38508
2,1126.8,10989
2,1286.8,28376
3,1761.1,7855
4,263.2,286
6,2392.3,2571
5,563.3,109
3,1323.2,8135
4,602.8,1727
3,6890.1,99100
4,1547.3,5283
2,211.6,129
6,1493.5,2003
3,594.8,1388
3,225.5,160
3,643.1,2828
3,234.1,176
3,565.9,3372
4,244.6,755
6,134.7,0
3,2004.5,20315
2,349.3,986
4,999.5,2013
2,849,6391
3,934.3,2263
3,350.4,359
3,5323.4,80608
9,3220,7629
8,2868.7,7228
3,243.2,555
3,2653.1,31573
5,3221.2,16721
6,970.6,733
7,2739.9,5445
7,486.2,340
3,282.7,399
3,260.3,189
2,786.6,7402
2,211.2,440
3,290,785
3,217.5,137
3,3876,36417
4,5194.8,49971
4,546.9,361
4,1170.3,5456
3,1742.3,15678
4,740.1,2630
4,1881.1,14155
2,3681.2,111007
4,303.4,228
6,2040.2,6120
6,2190.5,4853
3,1127.6,7119
4,1770.1,7624
2,12318.9,586487
5,784.4,1187
2,342.7,3398
4,392.3,297
4,370.8,1029
5,522.1,668
4,854.6,13410
4,306.7,150
6,976.6,1373
4,1522.4,8295
2,975.3,9017
3,1801.9,13510
3,2876,24766
6,241.8,59
13,1156.6,309
7,2027.6,5481
3,560.3,1140
5,612.7,1292
3,715.5,5671
2,269.8,1043
3,912,5475
5,1084.7,2097
5,2078.2,14281
4,988.5,10406
4,3446.2,24778
4,752.4,1664
4,578.9,1079
4,240.5,193
2,213,268
3,285.5,277
5,208.1,21
5,366.7,488
4,648.4,896
3,1713.5,11303
6,1040.3,1121
4,441.7,672
4,4469.7,57971
2,2739.1,40683
4,393.5,1456
4,548.3,596
4,1283,5063
2,196.3,343
3,1546,14849
4,3513.7,35001
5,1758.2,5292
3,235.2,549
2,1105.1,14468
6,926.7,1144
5,336.1,80
3,1300.3,8312
2,311.9,1294
3,10238.9,213387
4,254.4,524
5,160.3,16
3,1313.6,7389
3,276.3,232
3,562.3,1109
4,169,38
4,367.9,2182
4,1858.9,13748
4,2351.8,95764
3,261.6,136
4,593.2,847
2,653.7,5208
4,224.9,233
6,5600.8,29711
7,368.6,155
4,288.2,563
2,795,38937
5,235.8,51
5,819.4,1026
2,1936,33444
3,257.6,634
2,530.9,6529
5,1302.9,4053
7,943.3,1539
4,498,1564
4,2460.5,11944
7,943,1020
4,2096.7,23183
4,2867.4,39087
2,353.9,599
4,2418.7,13962
4,403.9,347
3,211.8,717
2,180.2,198
4,916.4,3091
2,339.5,646
2,916.6,10107
5,3122,18253
3,2577.8,53618
4,495.1,770
2,709.7,3748
2,145.5,62
4,1321.8,8984
5,323.1,272
5,326,2400
5,2587.6,11132
3,563.6,1452
2,283.2,1123
3,257.9,69
4,1587.1,9084
4,499.8,609
4,3811.5,24170
3,4720.5,70061
2,1621.4,24388
3,1774.5,9734
3,1668.3,28440
7,246.4,24
2,260.6,1167
4,2530.6,15431
3,203,160
4,1260.4,4712
4,421.2,1264
4,207.2,126
2,1635.6,16946
3,1354,5966
3,4842.7,55778
3,253.6,2750
3,508.1,2265
3,248.1,126
6,771.6,772
5,3622.4,28441
2,203,357
4,620.1,1824
5,2683.7,8996
3,589.5,876
7,3333.9,6781
4,1088.9,3273
4,1409.6,9524
2,589.2,97849
2,461.5,7980
3,656.3,2724
4,1848.5,6913
3,321.1,487
3,345.6,603
3,1174.7,8327
3,4461.3,56902
3,860.2,2872
2,207.7,925
2,573.5,2203
2,394.9,2379
3,184.3,27
4,1872.5,5494
4,206.2,343
3,2405.5,28246
4,412.8,105
5,1173.1,3474
3,616.9,2661
7,319.5,17
2,156.3,55
3,161,92
3,828.4,14612
3,1208.5,7201
2,409.5,1297
3,155.5,59
3,299.4,335
6,2347.6,14713
3,1416.3,10150
4,180.8,25
4,4545.3,278280
4,158.7,4
10,833.2,396
3,219.9,244
4,456.6,805
3,486.6,1100
2,183.7,343
4,379.8,298
6,2635.5,12431
3,542.6,1885
6,2255.9,5807
4,382.7,478
3,514.7,1334
5,965.7,1609
2,447.6,1619
6,531.8,406
2,1540,21869
2,450.2,1247
5,3173,34370
4,2473.7,11045
4,814.5,1616
2,177.8,150
5,802.5,912
4,1597.9,4244
6,735.8,239
4,749.9,1759
5,1126.4,2591
5,122.3,0
6,1475.3,3991
3,186.6,161
2,745.7,15312
4,261.6,481
3,669.9,3382
3,9604.2,193726
3,2470.4,22556
4,874.4,3431
4,2152.2,15724
6,1690.3,2703
2,455.9,2735
5,664.2,418
4,447.9,3157
2,249.8,1184
5,3269.5,16284
4,440.6,654
5,134.2,44
4,629.2,1588
3,551.9,2339
3,2755.3,43578
6,925.1,564
4,1490.9,6473
3,583.9,1919
5,6154.6,50216
2,1545.5,28287
4,462,4514
3,455.2,2274
5,435.3,336
2,2091,56577
3,595,1727
4,143.1,10
3,326.3,1598
2,220.4,610
4,544.4,1425
4,922.8,1548
5,2160.1,6264
4,3447.2,21839
3,1226.4,5395
4,2686.7,18371
6,787.7,951
6,510.1,235
2,168.5,183
5,2339.9,8548
3,348.4,1419
4,295.7,665
4,183.5,16
5,540.1,807
3,954.2,5350
3,4318.5,53124
2,1211.2,12153
5,416,192
3,256.9,774
3,735.8,1742
5,2122.4,30151
5,254.7,81
3,401.4,1027
3,1412.8,8682
3,238.7,1027
3,851.7,96258
4,1316.6,3187
4,323.7,403
4,1816.8,7071
4,866.6,1512
3,565.9,5325
3,252.4,1238
2,2602.1,575667
4,161.8,119
5,1982.9,17238
5,445.8,456
4,687.8,2777
4,851,1040
2,333.9,4282
2,1222,16089
5,1220.6,3581
4,692.8,1903
2,1184.2,18383
6,1424.6,4468
4,1332.4,3103
4,2482.9,17514
6,958.7,1059
3,3627.4,215492
2,209.5,182
5,1908.8,5400
3,295.4,1416
4,1086.2,2039
4,223.6,73
5,2862,12311
2,379.6,1324
2,558,7492
2,1272.4,11195
4,473.8,1332
4,1472.7,5054
3,170.5,27
3,3234.4,41352
5,311,238
4,1155.4,14038
6,666.2,2215
2,497.4,3492
2,346.6,3783
6,417.7,45
3,355.7,2280
3,690.6,2496
4,1668.2,10547
2,502.1,3983
3,1945.9,11604
5,953.4,2303
3,244.7,285
4,3364.2,16980
3,313.7,3533
7,180.5,70
3,153,10
8,260.9,1
6,200.7,56
4,1429.5,5641
3,4397.6,62774
6,856.5,1115
4,722.9,2609
5,1111.8,1703
3,1643.8,15135
3,471.6,1428
2,246.9,310
4,512.4,495
4,1104.7,10190
5,254.1,580
3,503.6,801
4,262.6,113
3,507.3,2698
2,305.2,1305
4,1481.5,8383
2,1404.3,19776
3,1021.3,5052
2,602.9,2459
6,315.7,453
3,2666,27953
6,2342.8,159286
3,658.1,727
4,655.7,853
3,681.2,2631
3,166.8,172
4,1609.3,13367
2,12648.4,1068916
4,326.4,2165
2,176.3,417
3,369.2,548
3,512.4,530
4,3883.1,43363
3,162.5,5
4,3573.8,25509
5,478.8,664
2,1288.1,13066
2,5463.7,457925
4,692.4,1770
3,333.1,1036
5,759,428
6,459.3,181
3,801.3,2028
2,243.1,851
3,14898.1,758489
4,349.8,334
3,249.9,173
4,660.9,885
5,1910,7122
5,274.4,172
4,1200.7,6392
3,1091.2,9268
4,4497,51641
6,675.8,284
4,477.4,722
2,968.5,7926
4,541.3,964
6,1898.5,5341
5,702.8,277
3,359.6,413
3,699.6,1519
5,1149.3,879
5,404,143
5,2892.9,12119
2,194.8,430
2,1652.1,22365
6,361.3,73
2,3788.7,119388
3,289.6,2270
4,984.9,2022
2,833.2,11604
4,1299.9,11228
4,287.8,22
2,587.7,4241
3,239.5,1390
4,878.5,1686
3,8226.9,469777
6,1053.1,1202
3,886.6,6493
3,918,4824
3,3374.1,40274
4,654.2,1688
3,262,213
3,11364.2,731977
2,2704.4,41514
8,1608.1,1378
2,4216.9,102749
3,346.3,1714
4,6577.1,64975
5,246.8,65
3,162.1,323
6,2614.9,13597
3,1679.4,8841
3,490.5,1431
4,175.8,37
3,887.4,5292
4,322.6,928
3,719.2,3776
3,413.4,470
3,372.4,1610
3,561,3326
9,3195.4,3543
3,684.1,2824
4,925.3,3649
4,1064.9,7906
3,296.7,1629
4,1130.4,6263
3,6251.4,122850
4,430.2,1749
5,634.3,641
2,664.1,4702
4,673.5,5368
5,366.4,161
6,691.1,282
3,681.4,3262
4,566.5,1368
4,601,1070
3,4081.7,123140
3,206.9,119
5,342.1,156
3,264.9,456
3,250.3,249
5,133.2,8
2,1812.2,260735
3,1195,23729
2,340.5,3106
3,1468.5,7814
4,603.1,4463
2,526,10687
4,1818.5,12816
3,318.7,1348
7,656.1,23
3,551.4,1353
5,304,29
5,304.9,266
2,519.2,5150
4,5422.5,53631
2,1939.6,30531
4,431.2,966
4,1061.1,2912
5,1356.3,7658
4,197,130
5,1125.5,3411
3,208.8,149
3,956.4,7038
2,1416.3,17069
2,645.9,6859
3,280.9,267
4,1507.1,7067
4,2099.1,10025
4,292.7,202
2,997.6,12689
5,186.7,9
2,416.6,2557
3,791.8,3621
3,827.7,9004
6,1294.6,4191
6,310,60
4,196.5,443
6,340.4,31
3,199.4,146
4,733,1746
4,226.5,7
2,278.1,768
4,239.6,202
4,393.6,707
4,903.1,3601
3,1233.5,6814
3,301.1,833
5,470.5,129
4,956.6,1685
2,349.9,2770
2,1181.8,19511
4,662.6,1304
3,186.7,109
4,9312.9,144058
5,666.8,1894
3,301.8,1538
3,196.9,230
6,300.9,91
3,970.3,3441
3,766.3,2436
3,573,1101
4,2886.1,22255
2,760.2,3387
4,1959.6,12756
2,896.2,20641
3,319.8,1056
3,3105.4,25524
5,619.9,823
4,176.9,76
6,697.5,2716
3,736.3,2867
4,1435.9,15077
2,369,1009
2,7813.9,223943
6,1051.6,1989
3,318.7,1065
4,992.6,1348
6,1845.3,6980
3,144.8,84
5,170.6,121
5,374.7,1026
3,392.4,731
4,425.7,1676
5,335.9,104
3,1073.5,4934
3,877.6,1582
3,152.9,794
8,1139.2,1190
3,227.9,54
4,513.9,341
6,438,82
4,3405.3,25132
4,2867,52210
3,194.7,40
6,205.6,276
4,588.2,475
2,570,3637
4,3077.6,25669
2,372.3,2475
5,815.1,1423
3,774.6,4026
4,666.8,1383
3,2956.2,37834
5,177.4,25
5,950.5,1150
4,299.1,81
3,171.9,142
4,1538.9,8063
6,2320.1,5864
4,3420.7,29634
3,304.7,467
3,161,269
2,10275.1,351800
3,239.2,490
3,1062.6,7897
6,1521.5,2463
5,264.5,19
6,2432,6483
7,281.5,771
4,640.2,742
3,248.5,180
5,408.6,312
3,1116.8,12230
5,204,17
2,396.8,1416
5,303.4,275
3,815.9,2226
4,414.5,416
3,457.2,1332
4,251.6,100
3,233.8,307
4,312.2,1277
4,373.7,87
4,1683.8,5692
4,165.2,27
3,1147,5984
5,334.1,117
4,647.6,2408
5,1162.9,3399
3,280.4,1878
6,1458.6,1878
5,1209.8,3258
3,355.2,4084
2,7245.1,176871
5,1503.9,5718
3,138.5,22
7,418.7,398
3,558,916
4,278.9,420
4,237.7,115
3,297.4,2100
2,1222.3,38349
3,260.2,677
2,322.3,2989
3,3455.8,31135
3,235.8,1006
2,3164.3,59964
6,1389.3,3712
7,4651.2,48532
2,290,3761
2,3259.4,203205
3,361.3,956
4,1624,7900
5,475.4,547
3,160.3,204
5,1808.6,7364
4,542.9,1493
2,275.4,1228
3,455.7,1361
3,485.4,1612
2,252.6,964
3,628.4,3501
4,639.1,1002
2,3441.1,47073
4,1073.5,6547
4,146.9,6
2,374.4,1290
4,214,85
5,530.9,507
5,740,1196
6,443.5,274
4,1074,2886
2,6354.1,147439
3,492.3,1072
2,298.9,2723
2,163.7,91
3,554.2,2126
3,1701.5,9569
4,623.1,1700
3,499.8,2191
2,271.9,1185
2,1138.4,14726
2,730.9,5968
4,251.4,66
3,3368.2,31573
3,245.4,398
5,1364.6,5188
3,1943.2,20673
2,2460.4,25205
4,423.1,1131
3,263.4,246
2,237.7,1238
4,2909.6,27442
5,193.2,24
5,1514.4,3187
3,1554.3,10233
3,331.4,500
4,844.1,3788
4,642.5,498
4,1505.9,10027
4,153.7,177
5,1870.7,10144
4,672.2,792
3,1277.9,6420
2,856.7,11027
2,1043,10006
4,5844.6,52654
2,283,955
2,398.4,2098
2,5388.6,177791
3,1427.4,22035
2,219.4,178
5,326.5,364
3,4169.8,84304
4,397.7,642
4,780.6,2518
7,378.8,87
3,197.7,224
3,901.4,121444
5,340.8,1109
4,1878.1,19286
4,2762.9,45221
3,186.8,93
4,788.1,1976
3,533.2,2161
3,3923,37189
3,235.2,435
4,1260.7,5512
3,2843.5,23607
2,976.9,10689
4,355.1,1017
4,1328.7,5770
3,312.6,572
5,242.1,22
2,689.4,5390
4,295.2,2242
2,579.1,3189
4,438,335
3,4082.1,42828
4,3091.2,19999
3,344.7,584
6,996.1,2943
2,317.4,3152
3,1547.1,4526
2,2815.3,600501
4,1665.9,5207
4,507.9,2307
2,1897,26085
3,221.4,185
8,319.3,13
3,918.4,4894
4,3849.8,43918
2,1645.4,19429
3,1108.3,7038
3,2567,24042
3,2216.1,17758
4,1074.8,4769
3,314,195
3,1197.8,7641
3,1146.2,65867
6,693.9,380
5,636,558
7,2018.4,9568
3,2795,34769
2,158.9,1900
5,553.4,181
3,255.5,117
5,3769.9,33725
6,1603.9,4280
5,642.8,1299
4,1493.1,9167
4,3287.5,31940
3,788.8,3203
5,477.7,708
4,2162.3,11092
5,317.9,7053
4,868.8,87315
5,1282.4,3739
4,546.8,1264
3,1948.3,12207
5,1124.2,2635
6,2128.4,10507
4,9552.2,284514
2,1352.7,15341
4,287.5,211
5,377.7,166
4,404.5,587
3,1273.7,12246
4,732.6,4012
3,1325.9,7573
3,3293.8,41070
5,461.7,452
3,1083.6,9419
4,1828.4,9439
4,843.3,1954
3,937.9,6238
3,6845.2,206979
4,504.5,380
5,3104.8,22032
6,279.8,7
5,1384.3,3745
3,226.9,47
5,379.5,638
5,2812.4,26174
6,210.2,11
6,1108.1,1537
4,1584.9,4266
2,4871.1,193203
4,314.7,75
2,2071.3,53958
6,749.1,688
7,1250.6,642
4,919.7,1356
6,604.1,684
3,414.9,805
3,1722.7,10906
3,1129,3898
5,328.3,1155
3,1854.2,27459
2,267.5,1731
8,1065.9,696
4,721,1282
2,265,1095
4,293.2,1571
5,233.7,71
5,202,4
3,286.4,916
3,2513.4,20514
3,289.5,794
3,1549.1,8996
3,359.7,612
6,282.9,258
3,206.3,127
2,7525.5,204755
7,130.8,463
5,551.1,156
3,1702.7,7685
3,336.3,510
2,589.8,6725
2,320.3,1098
6,727.2,777
2,5787.4,220647
3,743.9,2248
4,481.9,1923
3,182.8,48
3,436.3,1158
3,146.9,186
3,534.5,871
4,3994.1,37188
4,6096.5,111388
3,358.9,484
4,1416.2,15293
4,590.6,1535
3,432.6,8135
4,1105.5,3519
2,15095.6,879935
2,184.2,521
6,260.8,32
10,179.7,0
6,208.1,279
4,187.4,223
2,527.3,4373
4,536.4,1280
8,2156.9,2259
3,699.5,3021
4,1061.9,9456
3,1123.3,5083
3,711.4,3012
4,452.5,765
2,1258.5,8988
3,221.1,146
6,1212.1,7263
4,305.8,112
4,1517.3,11803
3,341.7,1009
3,155.4,153
4,295.2,519
4,2632.5,21420
4,700.1,825
4,245.3,86
4,766.4,2025
4,841.9,4144
3,1856.7,15489
10,494.6,59
3,176.3,218
4,461.6,884
3,1123,9450
3,628.9,2505
6,192.3,74
2,259.2,2017
4,1660.3,11778
4,899.4,1652
3,7984.6,176875
4,1124.3,3265
4,6276.7,120656
2,403.7,2139
3,1151.1,12161
2,147.8,126
3,1816.6,13609
5,1501.8,3012
3,471.4,934
4,1705.6,9201
3,155.4,46
4,1855.2,8699
5,444.1,113
5,3025.6,19478
3,1689.7,19029
4,2172.1,15383
3,269.3,367
5,528.3,1818
4,472.9,3377
3,228,544
7,423.5,148
3,758.9,3071
2,1438.8,23566
5,1998.9,14422
3,811.1,2686
3,434.3,5117
2,540.4,3392
2,365.8,524
3,1067.5,5962
4,883.8,2633
4,498.4,734
2,257.6,845
3,425.2,437
6,213.7,310
4,266.6,21
3,2534.6,20888
6,623.2,489
4,275.7,66
3,166.9,63
6,1306.2,1527
3,692.7,3473
5,352.1,146
4,4463.5,34451
3,313.9,475
4,2053.4,16494
2,3086.5,53207
2,12187.5,609400
4,235.7,41
3,4463.8,59006
2,2372,25577
2,516.9,4268
2,172,60
3,439.8,860
3,336.6,907
6,1367.9,2942
3,623.4,2923
5,578.2,597
3,310.8,381
4,383.9,202
4,205.8,127
2,3072.7,68353
3,325.6,657
3,2222.5,18058
3,469,2553
3,1116.5,8062
4,448,800
4,612,587
3,682.9,2864
2,6912.7,156159
6,265.8,197
3,8913.7,188649
3,1469.7,7808
3,866.7,2450
4,164.6,75
3,131.9,67
5,254.2,192
4,1024.9,1389
5,428.4,125
5,549.6,610
2,225.7,530
5,404.1,311
2,1116.2,12724
8,938.5,287
2,831.3,6078
4,858.6,2405
5,553.2,129
2,396.9,1407
4,5465.7,58321
3,707.1,7482
3,1123.5,3002
3,226.6,264
3,312.6,414
3,5209.3,235542
3,1636.1,18527
2,3069.8,63254
3,240.5,345
2,794.5,28581
3,822.5,3877
2,765.8,13394
4,755.6,818
5,538.3,1148
3,2223.8,31587
4,864.6,1128
4,569.2,241
3,655.6,4899
2,969.1,12920
2,3912.1,82293
3,2598.5,37004
4,235.9,75
8,391.3,93
3,267.4,106
3,962.4,4676
5,198.1,90
2,3293.2,76215
4,2126.9,8353
6,1852.9,5258
2,696.7,15147
4,1216.7,4334
6,400.8,170
2,406.8,1443
4,524.2,375
3,353.9,1280
5,369.5,165
4,2398.6,13353
3,4702.7,59761
3,1135.6,4853
4,1823.5,13201
2,164,270
4,1722.8,6924
4,2059,12037
2,703.3,5432
5,2692.3,18602
3,244.5,102
4,167.9,29
4,1431.4,5829
2,664.4,7478
4,183.5,67
4,199.5,69
4,772.6,4096
3,4039.6,44789
4,213.5,142
4,915.4,2033
6,1759.6,6755
4,380.1,483
4,1019.1,1809
4,1280.9,4884
5,179.5,82
5,1250.7,2084
3,519.5,948
4,350.3,2305
5,690.3,1555
2,241.6,1518
2,2642.6,485116
4,1505.5,7510
5,280.5,90
5,1964.9,5918
2,1562.3,23922
2,411.3,1963
3,1095.5,5461
4,1253,4087
2,260.6,359
3,1315.3,6989
4,221.8,97
3,5660.5,86546
4,356.2,145
5,4104.6,30490
3,683,1915
4,2775.3,24895
2,2711.5,30282
5,2597.2,10347
3,1013.8,5749
4,296,236
3,560.8,996
4,260.2,642
9,1970.5,1669
3,885.7,3981
3,223.8,193
4,2774.4,31533
3,490.3,2537
4,7351.7,120143
3,145,242
10,7627.9,23837
4,1384.6,9043
3,710.1,2391
2,407.5,3754
2,210.4,344
3,177.7,256
3,360.8,3535
4,3383,19382
2,4140.7,286545
3,396.2,1753
3,1224.8,9618
4,980,3464
3,1158.9,4595
3,2099.9,18950
3,507.8,535
4,167.9,12
3,1785.5,9265
4,877.4,4200
3,701.3,10207
4,217.3,181
6,320.5,179
5,163.3,80
5,384,273
4,870.7,1406
3,244.4,241
3,398.1,1065
3,870.1,3033
2,194.9,582
3,192.8,87
5,3381.6,22614
4,462.4,1720
4,192.3,108
3,267.5,156
4,562.4,5771
2,254.9,422
5,405.9,544
3,995.5,12965
3,1473.5,4838
3,1391.5,8277
5,249.9,141
2,374.8,1664
4,280,597
3,352.8,348
4,2729.5,15711
4,934.9,2401
6,1701.3,4308
5,211.9,8
3,4820.9,69562
3,948.5,19618
4,444.8,764
5,3548,18454
5,3530.1,21260
3,389.2,748
3,236.4,629
5,4934.2,49685
5,396.1,475
5,256,111
2,207.3,299
4,871.4,6452
7,303.3,36
3,4591.4,57962
4,227.8,1686
5,185.2,18
3,5514.4,63599
4,3042.4,29982
4,411.5,925
3,204.3,393
2,193.4,315
4,956.3,7772
3,6273.4,76457
2,5845.2,167693
2,812.7,5770
3,1193.6,7650
4,144.5,3
3,6417,95373
3,306.4,1095
4,938.8,6795
5,437.9,743
4,724.6,2361
5,833.2,902
3,7325.6,113158
4,210.4,73
2,6208.8,181281
3,2357.2,18724
4,2149.8,13588
4,680.9,1623
3,192,94
3,507,1151
3,252.8,76
4,1645.5,7805
4,1013.1,3311
4,427.3,167
4,324.9,567
3,1085.3,4295
2,1000.2,10455
3,141.6,30
5,432.2,376
2,383.3,27891
4,388.4,1246
5,1464.2,4332
4,1046,4484
5,406.7,151
10,2550.2,6573
2,355,1750
3,1689.7,12876
4,877.2,2614
4,1305.1,6341
6,251.3,166
4,786.6,2032
4,283.1,384
7,1524.6,3264
5,268.7,128
3,191.8,153
2,5422.5,374958
2,171.6,135
2,259.8,993
4,226,253
2,227.3,1509
4,597.4,1710
4,2006.3,10006
4,1260.8,3907
2,496.1,3452
6,574.2,403
3,408.1,2131
7,460.2,225
3,635.6,1885
3,2601.7,21242
4,264.9,524
4,1119.5,3843
5,246.1,56
9,198,0
3,1289.4,13984
3,758.8,3830
4,323.7,684
5,297.8,58
3,209.8,1000
3,347.6,1105
4,302,205
5,1638.2,6518
3,1347.4,8309
4,3800,30174
3,1320.8,6420
6,322.2,242
3,733.4,2675
3,1713.9,16175
2,195.2,526
4,261.6,416
2,253.5,1658
8,1583.5,1622
6,2153.2,11901
5,271.4,136
3,138.9,107
4,476.1,1579
2,1869.5,26481
3,1842.3,9931
6,419.2,360
7,255.2,57
4,500.5,3301
4,1469.7,2600
2,337.1,1329
3,555.3,1944
4,712.5,436
4,1189.4,2797
4,718.9,2575
6,655.9,447
3,385.1,1645
4,362.1,1164
5,2895.6,11558
5,922.8,2788
4,280.1,356
2,118.8,63
4,825.6,3019
4,4084.5,45143
4,327.2,254
3,7773.1,133414
2,592.6,10019
5,3263.4,13126
3,2850.2,27677
5,376.7,643
6,1226.2,1932
5,3792.4,22080
3,2769.9,361633
2,241,397
4,578.9,413
3,2202.2,12176
4,543.8,887
3,997.6,6173
3,212.1,61
2,260.1,2456
7,234.8,23
4,252.5,124
4,1608.8,13059
2,583.3,2309
2,10029.3,289903
4,208.7,349
5,641.7,539
3,574.6,6247
5,367.6,114
3,721.6,3248
2,292.3,1108
4,530.9,486
3,1614.5,7319
2,229.2,567
4,444.2,849
3,171.8,205
3,223.6,277
3,1076,6085
3,1011.8,6087
3,6622.1,107905
4,2934.8,19971
2,461.5,3201
4,1062.4,2779
6,1144.1,2298
2,1678.5,27694
5,363.3,151
3,3019.2,28622
5,297.3,61
2,335.4,435
2,996.1,8182
2,223.9,957
2,184.9,441
2,1878.7,48021
4,151.9,4
4,1620.9,13246
2,344.1,4065
5,446.3,372
4,1573.6,5336
4,330.4,139
3,10306.8,721520
2,3823.7,81185
2,432,5218
2,344.9,2997
4,175.9,10
5,4611.8,31288
3,454.7,1970
4,2673.3,19356
3,369.1,2050
2,143.4,107
4,144.4,164
3,1712.8,5782
2,8482.1,254264
7,3371.4,12635
5,1604.4,4610
4,247.2,253
2,1633,74483
5,371.1,469
6,494.5,128
3,321.2,653
2,541.9,7477
3,808.2,1654
4,4493.5,88653
7,2194.3,2255
4,2001.3,10869
3,631.1,4119
5,1648.6,4022
2,673.2,4618
4,265.9,1445
4,3267.2,24656
5,1226.9,2540
4,235.3,189
5,553.3,314
3,339.4,2443
3,1485.5,8017
3,12771,879387
3,1263.7,4529
3,2012.9,24340
3,524.3,1330
3,289.9,328
3,1483.9,10087
7,565.3,101
6,767.1,913
4,2266.5,17723
4,2248.8,23542
2,352.9,3164
7,219.7,276
3,267.9,544
4,966.2,3557
4,849.4,1640
3,187.7,182
2,268.1,3266
4,4123,35635
2,2813.2,50147
4,2779.7,172560
3,182,195
3,1381.4,7984
10,487.6,131
2,2853.2,150772
3,427,1419
5,2631.4,14253
3,4705.9,51130
5,1480.7,4618
4,2210.5,7701
3,2807.4,34696
4,698.8,3483
3,2241.7,34214
5,3573.9,14544
3,256,751
3,948.9,2645
3,656.8,2002
2,5319.1,139861
3,2451.4,31762
4,223.6,262
4,1165.7,4639
3,2258.6,13820
2,463.3,4693
3,248.9,161
3,6988.3,246396
3,200.5,23
5,255,31
3,292.8,680
6,1533.3,3572
4,1141.4,2701
2,1028.2,19766
2,333.1,3233
5,1545.1,4807
3,3610.3,48859
2,3518,140602
3,1817.9,12595
4,1078.1,3231
5,2272.4,14037
2,941.8,5477
7,364.8,175
6,3094.3,14243
4,460,488
4,145.9,4
3,1624.5,14090
3,258.3,183
3,4002.3,46129
3,201,411
4,4922.9,76868
4,5126.8,54924
4,304.7,674
4,1019,1973
4,1088.2,5374
3,283.9,266
5,372,130
3,1588.4,9168
3,864.5,4826
3,904.3,38766
4,241.1,237
3,514.7,1092
2,5109.3,127726
3,617.4,3623
5,206.2,24
3,678.6,1956
2,737.6,7066
4,535.7,942
3,532.5,535
2,333.3,2024
3,545.5,1995
5,270.7,32
4,225.6,360
5,3000.7,11182
5,141.5,43
2,1401.9,17769
6,594.7,101
2,1710,28427
2,654,4740
7,836.7,483
4,1091.3,5222
5,410.3,265
3,1953.8,20422
5,906,1431
3,2257.9,22850
2,531.7,1767
3,1365.7,12157
3,228.3,148
3,2295.9,19725
3,1185.9,6414
3,428.6,2229
2,2201.6,29374
3,152.8,54
4,1863.4,10485
3,6432.4,110971
4,438.5,1537
3,2561.1,22935
3,558.6,2519
2,235.4,141
3,192.7,209
2,2703.1,40034
5,206.1,23
5,3441.9,27239
4,262.5,463
2,257.6,2034
3,499.6,4483
3,1661,14312
3,251.3,279
5,316,65
7,415.7,154
9,724.5,167
3,12311.9,275815
2,148.8,990
3,362.9,1419
5,765.5,866
5,4149.3,32013
3,1049.6,2993
5,375.1,181
5,741.7,1444
3,415.6,1150
3,274.2,1001
2,1967.9,41199
5,521.9,283
8,3240.1,4107
2,1430,22533
3,2418.6,20381
3,1584.3,13439
4,854.5,1397
3,434.8,514
4,264.4,480
2,342.9,1544
4,373.8,279
4,281.1,114
4,2434.4,13358
5,411.7,176
3,317.7,1089
3,417,1892
4,1874.2,6482
3,178,117
3,4617.2,70065
4,2483.4,26847
3,675.2,2002
5,3748.2,17843
4,427.1,204
4,2933.5,31027
3,564.3,3184
3,358.1,249
3,1874.3,585246
3,3198.9,39357
4,2069.2,12331
2,2460.9,190441
4,2075.5,12517
4,125.1,23
5,2787.7,13386
2,234,430
6,153.2,5
2,619.8,13805
3,317.9,798
3,592.8,2706
4,145.2,9
2,544.5,5175
3,211.7,4442
4,2596.3,29686
5,574.6,1206
3,793.8,3412
3,1316.1,13494
3,222.4,19063
2,582.5,98668
6,1076.8,3678
5,860.9,1541
3,1278.4,8128
4,2654.5,20987
3,1580.2,8736
3,3703.9,81225
4,366.2,818
5,2626.7,7901
5,240,193
4,5915.9,73561
6,6366.9,59256
3,1481.7,11056
4,1629.2,5258
6,1237.3,3088
4,705.8,814
4,277.1,596
4,747.8,1262
3,420.9,651
5,273.4,700
3,984.1,22889
8,134,0
5,191.3,120
2,185.9,362
3,1326.8,11494
3,282.2,227
5,389.7,1365
4,10074.4,127413
3,13224.8,304947
4,1060.6,2183
5,187.9,31
2,2982.3,97445
3,1206.8,7703
3,284.4,369
4,676.8,1752
3,9743.6,203652
4,592.2,1283
3,277.7,1304
5,510.2,962
4,301.6,449
4,371.7,589
3,396.8,653
7,187.8,15
5,475.7,1711
2,353.9,2250
5,207.2,14
6,839.7,1375
4,916,1491
3,1404.5,22820
4,3460.4,34405
2,10178.5,498088
3,340.4,3742
4,154.1,118
9,404.2,295
6,2289.4,8395
4,307.3,352
4,236.9,226
5,2714.4,12874
4,227.3,363
4,185.5,99
3,1598.7,11528
2,151.5,104
2,843.3,5413
2,212.3,515
3,4594,72306
4,5805,85592
3,1354.1,38612
5,1910.1,5716
3,485.8,800
4,1043.6,6312
4,1819.1,9458
3,4092.3,50580
5,197,152
3,4658.6,105140
2,175.7,275
5,1684.2,5315
4,1530,4924
11,809.1,31
5,318.7,148
3,265,278
3,565.5,1255
5,605.5,1219
3,255.2,363
3,943.2,4286
4,475.1,484
5,5463.2,40776
4,470.7,948
3,7152.7,124495
4,813.8,4682
5,638.9,444
3,700.4,2420
4,1701.4,10963
2,247.9,1092
6,1121.2,3160
9,234.3,8
6,680.6,1029
2,254.6,1153
2,248.1,468
4,894.4,4652
3,513.4,2220
5,352.6,56
2,789.9,19688
4,742.7,1190
3,399.3,262
3,2333.1,24400
12,1845.4,934
3,1869.8,13905
3,226.6,517
3,1848.8,557398
2,257.4,963
3,322.9,877
3,443.4,815
3,255.3,439
3,772,1117
3,193.8,120
3,6929.4,203751
3,1261.9,9435
3,462,1771
3,881.7,5877
4,3176.4,39505
5,477.7,903
3,1558,13490
3,1323,5250
6,233.4,30
3,6481.2,130058
4,2313,9948
5,441.2,2464
3,340,606
4,240.5,70
3,469.2,788
2,254.1,984
4,186.4,22
2,464.7,2372
2,1785.2,34912
6,137.6,23
2,489.1,8829
4,1590.2,7475
5,173.4,0
3,490.5,1111
5,382.7,87
5,342,51
10,972.8,433
3,625,1730
3,1451.9,7830
3,3973.5,61025
6,3738.1,18158
4,347,647
4,1110.5,5893
2,241.8,1204
5,341.4,1124
2,1115.4,7035
7,2581.4,6023
7,1496.5,5851
3,850.3,6412
5,1167.1,2013
3,685.7,2905
3,130.3,2
6,3053.3,10231
4,1134.9,6477
3,1471.5,7020
5,557.1,224
5,1627,3248
3,295.2,258
2,1834.7,129843
4,200.9,15
4,1664.4,8958
4,799.9,1338
3,4708.1,56510
3,486.9,12085
6,1089,818
3,510.3,2687
4,1589.5,14125
6,399.6,435
4,231.5,372
3,451.6,793
2,2045.2,27467
3,683.1,3690
4,370.1,479
2,452.2,7766
3,1147.8,7571
3,138.6,203
2,398.4,2948
3,1215.4,6546
2,2176.8,32847
3,471,422
2,255.6,1153
3,1782.2,13414
2,1023.9,28274
6,457.2,286
2,3290.3,84775
2,372.6,1598
3,157.2,103
6,1642.7,3289
3,447.5,907
3,6657.4,105493
3,1267.5,8353
7,4849.3,15332
2,709.8,8923
4,249.6,111
3,732.1,5282
3,1358.6,6075
5,283.7,1
3,399.1,827
3,227.4,119
3,6700.5,124626
2,1854.6,115935
5,299.1,52
4,315.3,556
2,1383.3,20639
2,1245.5,9369
3,262.8,828
2,332.9,2235
2,6720.7,295342
3,1573,10792
3,1646.1,18877
3,410.3,779
3,1835.1,24792
5,1256.5,2910
4,1370.6,6272
8,2214.2,5894
5,2496,10237
4,515.9,2978
3,458.1,1468
7,912.6,186
4,869.6,2681
2,1710.6,33371
2,612.2,4869
5,932.4,1125
5,1418.8,1873
5,1904.3,7573
2,2839.8,345135
4,1056.3,2204
4,5868.2,66033
4,3336.5,19597
5,382.8,92
6,506.3,704
3,174.5,156
4,1810.3,9024
2,521,3430
2,316.3,2719
3,664.1,1206
3,279.2,1434
4,212,31
4,990,3143
3,154.3,78
4,568.5,2270
4,429,310
2,1302.2,161780
3,535,2656
4,166,56
3,724.8,4055
5,335.5,92
4,4754.9,58889
4,188,18
6,274.9,25
5,213.4,15
2,1112.8,10789
2,754.7,6287
4,635.5,652
5,398.8,80
4,139.5,80
3,1878.4,12560
2,584.7,5191
3,398.8,1301
4,159.6,105
2,695.2,11312
3,227.2,364
2,1356.8,38218
3,237.7,181
4,3522.9,26801
2,681.9,5294
5,3620.2,23824
4,3217.5,20338
4,170.6,112
3,323.8,1052
3,1157.9,2963
5,3151.5,13460
4,146,26
4,1157.4,6284
3,6001.3,102379
3,951.8,3657
2,736.9,7941
4,1501.7,7059
2,1803.9,17843
5,518,2187
5,414.5,1170
3,361.2,1720
3,165.4,45
3,1105.8,5462
5,312.1,470
6,1376.8,1577
5,388.7,389
3,3711.3,76980
6,1150.1,2233
5,484.3,763
5,447.1,453
4,426.2,360
4,1193.1,2728
3,141.1,86
3,129.6,5
2,133,218
4,303.9,1159
5,710,563
4,871.9,59741
4,399,588
3,265.9,1035
3,201.6,487
2,7200.5,343491
4,2615,17777
3,2277,15388
6,249.4,2
3,264.1,1207
3,5957.6,160396
4,1633.1,3591
3,2575.2,24121
3,429.3,1366
4,1291.9,1950
2,363.5,3332
4,240.3,370
6,828.7,494
5,1197.9,4106
4,605.6,5544
6,169.8,83
5,197.8,19
3,224,756
4,241.3,201
7,204.8,6
7,774.1,551
6,4177.5,18198
3,5683,97439
3,4704.6,78730
3,218.4,125
3,132.1,2452
5,4721.2,28558
4,2588.3,13270
5,254.2,431
2,279.3,878
5,3821.3,25040
2,1376.9,17198
3,479.7,1269
5,1239.4,2948
3,771.6,4284
4,682.2,996
5,1128.4,6044
6,311.6,23
2,667.4,4425
3,1728.3,8798
4,7395.2,126269
3,498.1,2676
4,731.1,694
3,1452.5,17256
3,2643.3,20658
3,672.7,2783
5,230.8,50
6,1206.7,894
4,209.9,42
4,1076.5,4532
4,201.1,187
5,1376.4,9616
6,337.2,225
4,603.6,1839
7,294,115
8,536.9,80
5,411.9,368
5,8650.4,88423
4,984.5,23112
4,228.9,415
5,3606.5,19305
4,4324.3,122423
6,456.4,75
3,5755.8,160057
4,2623.2,16413
5,298,137
4,378.4,485
6,230,49
6,198,10
3,4780.1,55778
5,746.6,1130
2,2831.7,282910
6,1214.4,2048
5,1205.9,2214
6,684.6,628
5,835.5,1403
4,228.4,94
3,428,854
3,206.1,140
3,572.1,1750
5,4412.2,37323
3,865.4,6360
7,738.4,563
4,556.1,538
4,2762,17883
4,663,2249
2,488.4,4937
2,221.2,1409
4,203.7,73
2,846.8,7842
4,461.3,988
3,249.9,372
4,542.7,466
3,1348.9,5832
4,4730.4,50426
2,17723.9,965634
5,145.2,5
3,6016.5,158074
6,1966.1,4681
6,1638.8,3130
3,1083.6,4649
5,377.7,2701
5,1743.4,4121
4,1346.4,19978
2,4189.7,85355
5,748.3,1035
4,797.4,1969
3,12530.5,489821
5,501.6,1983
2,358.1,1211
6,532.2,228
5,9111.2,433099
4,644.9,974
4,3129.4,35257
4,189.7,169
4,1368.9,7607
5,568.2,420
4,273.1,123
2,10808.1,476506
7,426.7,699
3,1064.9,9694
4,936,3422
13,271.6,0
3,278.2,671
5,338.3,74
5,601.6,1040
4,320.5,224
7,375.5,382
2,4015,187253
3,721.6,3302
5,4922.4,35139
4,407.1,972
5,1143.9,2490
6,1160.5,1238
5,575.8,611
3,2710.6,30623
3,1520.6,10937
4,1748.5,11088
2,1524.1,27668
6,367.6,139
5,467.8,1334
4,1471.7,10832
3,300,282
3,504.8,3878
6,4000.3,16673
6,1963.2,3987
3,1196,4164
2,1759.4,52488
5,953.9,1088
5,2559.8,9316
3,488.3,2157
5,447.9,468
3,240.9,202
5,4033.5,20489
5,432.4,1018
3,2712.8,27222
6,320.1,4
6,1891.5,1844
6,1711.8,4129
3,3526.6,49690
2,408.8,3395
5,1266.4,3429
6,3414.2,16021
3,1439.4,20181
5,476.2,126
3,1995.3,11622
3,1022.7,23239
3,276.8,461
3,1565,8085
6,5337.6,35542
3,2084.8,20315
5,2515.2,8613
5,874.2,1328
5,3650.6,34738
3,352.5,568
2,6263.1,146801
2,419,1544
4,206.7,230
2,5142.5,92990
7,1714.8,1759
3,249.8,63
5,4519.8,32294
6,1829.1,8960
4,9902.4,188497
3,1926,13992
4,1149.8,2550
5,1027,1894
5,831.9,2363
6,901.6,1220
2,13044.8,1307915
5,637.2,479
4,3526.8,27547
3,342.4,2151
4,1382.6,5737
5,194.8,215
6,276.9,162
2,3779.6,75860
2,566.7,2994
4,338.8,235
9,2485.8,2781
2,664.4,3332
6,177.2,4
5,560.6,906
4,383.3,489
6,716.1,370
2,365.6,1402
4,694.5,2262
3,329.3,705
3,596.2,808
3,927.3,16756
5,5663.6,40028
2,539.3,2397
3,289.3,440
2,1005,16917
4,1671.4,10175
5,1023.9,10896
6,1482.1,6516
4,188.7,361
4,367.6,786
2,2095.2,24617
6,1396.6,1711
2,1482.8,343065
3,1769.6,13575
3,5246.3,95717
6,1895.3,6213
6,869.1,617
5,400.2,97
3,369.5,1850
5,2337.3,16451
5,1013.3,1991
2,1424,26199
7,1492.1,2286
2,293.6,1939
6,333,72
7,889.7,2055
8,627.2,38
5,2230.5,14533
4,972.1,5184
3,643.3,2088
7,1654.9,5224
2,648,5958
8,1631.8,1509
3,282.9,1878
5,1270.9,2460
3,416.8,1565
4,304,302
2,672.8,9970
2,939.4,7651
9,348.6,11
3,433.9,2096
5,877.2,2829
4,399,342
7,243.7,43
3,1742.9,18313
4,2018.8,7592
5,1559.8,8885
8,226.3,11
6,2312.4,6466
4,1551.3,3854
4,2715.3,25300
8,232.1,27
6,280.2,194
5,1129.2,3163
5,1847.8,5560
4,848.5,2730
5,9644.4,114837
4,383.9,796
5,2500.2,11991
3,1050.5,2055
4,1978.7,10584
3,479.2,987
2,874.3,5723
5,360.9,205
4,191.3,9
2,1291,39738
6,326.9,398
8,1868.5,8586
4,797.3,2146
4,703.9,2289
2,442.7,1421
5,7200.9,67230
5,2076.3,13022
5,1541.9,4850
2,1462.8,19020
6,747.4,1622
5,1590.2,8388
9,1711,1143
4,4156,33277
3,334.1,1010
6,1681.9,2835
9,7115.5,23451
3,2638.9,68810
2,290.7,1586
6,1407.9,3103
5,16318.6,306962
5,432.4,934
3,786.7,1154
7,208.8,1
5,1122.8,3345
5,1786.4,4480
6,2315.2,6209
2,415.6,1457
4,370.5,489
8,313.1,304
4,2755.9,31533
4,1546.2,5856
5,323.4,47
5,168.8,19
5,279.5,345
4,4596.5,38015
5,1000.6,1109
3,417.5,467
4,1559.5,5935
5,6171.3,57743
3,618.9,1548
2,600.1,4811
8,2593.3,5899
2,561.8,3193
5,3003.7,15425
2,247.1,485
5,335.8,143
5,177.3,78
8,2589.8,3599
5,1172.4,8930
4,216.5,89
7,2649.1,14943
3,1870.6,21802
4,868.3,2142
3,4530.2,60301
5,316.6,44
5,257.4,81
5,2857.4,12351
3,610.5,5513
4,6639.5,76231
5,2565.7,15438
5,1610.7,8750
5,7574.4,83249
2,2149.6,49335
5,1223.6,2717
4,325.2,621
3,513.9,588
4,2045.8,12725
3,997.8,11375
5,226.4,171
4,430.1,1676
4,440.1,501
4,287,342
4,161.8,28
5,11177,206615
2,3196.8,57291
5,233.1,33
2,292.1,1371
6,203.4,14
9,1761.2,1292
5,1338.6,4140
2,978.2,26545
5,633.2,1418
3,1794.4,16276
5,897.6,2014
2,3833.1,250198
2,1226.2,61533
6,1240.9,4373
5,227.2,422
2,1144.7,17519
7,2406.2,8020
5,694.7,711
5,510.8,545
3,1333.4,6768
7,7878.9,45536
3,591.6,3505
9,1384.7,1058
3,532.8,1880
3,1064.9,4023
3,8603.5,530096
4,777.1,3811
2,994.9,10465
4,1044.7,1843
3,2301.4,41090
2,3727.9,187984
4,1417.5,4371
5,264.2,236
3,527.6,1122
6,595.5,273
3,1030.3,5719
4,431.9,1712
2,584.7,4887
5,5656.2,48710
2,5946.1,297700
5,297.6,383
3,1257.7,14558
3,1883.4,11718
5,1605.7,8146
2,2556.3,43866
2,2917.8,40296
4,260.3,122
4,5469.1,73034
5,645.2,223
6,1241.1,2725
3,1238.8,4929
2,820.8,15599
6,1168,3291
3,1024,7292
5,1625.9,5618
4,372.8,294
8,342.5,174
2,742.9,4523
5,610.9,405
5,843.7,1817
2,2035.9,45169
6,6417.1,35564
4,744,2163
2,2305.4,32071
5,190.9,5
5,393.3,782
5,2179.5,15584
6,3413.8,17138
8,186.5,43
3,176.7,601
3,886.6,1598
9,239.9,20
2,175.1,204
3,743.9,1893
5,896.5,1198
5,161.5,5
4,179.4,25
3,606.3,2034
3,477,3917
6,1475.9,1525
4,848.1,4627
2,16692.7,790628
3,260.7,869
3,1452.4,7103
6,259.6,69
7,289,109
5,562.7,122
5,4964.7,139894
5,212.3,14
3,706.8,4548
6,1492.4,1981
3,610.2,3090
3,2287.6,72972
5,3289.3,22595
5,182.8,26
2,321.6,1032
4,620.7,922
4,460.1,647
6,317.6,20
4,1454.8,9473
3,630.9,4481
5,936.9,2066
5,2793.2,13668
5,6280.8,57198
4,7962.6,87745
4,9092.2,182474
3,1675.5,343254
4,334,440
3,914.7,6231
5,276.5,50
4,761.1,1313
3,776.5,7966
6,539.7,266
5,247.4,61
4,4007.7,29679
6,544.9,366
2,517.3,10104
3,2900.3,27781
5,1055,11145
7,542.8,163
4,368.2,383
7,283.3,6
6,453.5,230
3,453.5,1185
7,998.9,1723
2,258.3,427
4,1475.7,5117
5,5596.4,205335
4,1664.3,16848
2,1003.9,7284
4,995.1,1756
5,302.2,93
4,2070.3,11445
3,5963.4,91104
6,908.5,801
3,1134.8,5481
6,513,648
3,460.6,1954
3,2525.6,26382
9,274.2,137
3,3265.8,40576
2,257.2,2008
5,4924.4,38656
3,612.8,1818
6,928.6,2602
2,154.6,129
3,956.7,168029
5,194,211
3,436.5,3128
4,586.8,813
4,1041.8,7581
3,159.4,19
6,232.7,32
2,1440.7,14536
4,160,93
4,329.6,1764
4,233.5,241
3,2701.3,217552
7,502,298
3,11025.3,234712
2,278.7,818
7,365.6,772
2,386.8,1814
4,209,34
3,536.2,3223
4,1217.1,5684
4,464.1,1114
4,862.8,6016
5,3116,12445
5,1870.9,5835
2,1037.9,167813
3,323.2,452
4,8320.7,199778
4,852.8,4550
3,921,2211
2,1211.3,9782
4,2006.6,13616
2,427,7398
4,1797.4,13429
5,2632.5,12332
5,707.5,276
4,577.7,3880
4,2205,48025
3,1716.3,11859
8,1950.4,988
4,426.3,362
4,2007.7,10196
8,330.8,20
5,3902.1,41233
4,3871.7,34141
6,891.7,1992
2,168.4,351
7,368.5,99
3,214.5,294
3,8277.5,178735
4,1078.3,3249
3,250.7,371
8,537.5,245
8,448.3,159
5,1025.5,4608
3,1863.3,27459
3,9094.9,254287
5,178.3,38
5,553.2,1683
6,201.3,6
6,1092,1513
3,1611.4,18935
2,2057.3,39297
3,206.2,588
3,692,3250
4,172.9,21
3,467.6,1029
6,4388.8,24952
3,2259.1,25492
4,768.8,1475
7,305.4,0
6,777.9,1127
2,580.4,2531
3,462.7,1438
7,703.6,466
5,1389.4,4517
6,519.6,261
6,310.1,48
6,1206.6,2494
3,360.5,613
5,783.9,2533
4,1041.8,6565
5,454.1,1011
3,1312.2,11753
6,161.3,1
3,301.7,1425
5,823,2326
6,1257.1,2348
3,417.5,1064
5,4372.2,29344
2,214.8,723
4,1038.7,10854
3,937.2,7715
3,6423.1,92586
4,424.5,840
7,1313,2784
5,338.2,62
8,1177.2,3632
4,1646.7,5706
3,386.8,1078
5,853.3,985
4,677,1167
8,194.5,1
9,1977.5,2265
3,1621.2,11577
5,652.1,571
2,204.4,818
4,7246.8,136465
5,3571.4,30643
2,601.4,6926
6,440.5,69
4,2280.2,11538
3,196.5,167
4,593.6,1903
2,3211.8,705850
5,415.1,426
4,320.8,723
5,1115.1,12712
5,243.7,214
15,2112.6,343
8,1693.9,2066
7,1035,1172
2,233.4,1599
3,1027.9,6782
5,4313.7,34474
6,246.7,78
4,203.2,54
4,388.6,206
2,623.3,3824
2,2261,31604
4,345.6,477
6,506.9,95
3,258.2,199
4,479.8,592
2,222.1,330
2,426,5657
5,1760.2,7964
7,1175.8,840
5,1083.7,2849
3,308.4,829
7,226.5,2
4,2220.5,11380
2,209.3,500
6,294.2,101
6,2812.2,8025
9,234.9,160
5,442.1,1271
3,1085.1,6304
3,1312.1,4717
3,315,824
5,304.5,292
3,348.2,346
5,938.7,1297
4,864.8,2246
3,293.6,547
5,5278.3,46209
5,457,231
6,1303.6,1433
5,458.4,641
3,195.5,99
6,341.2,78
3,198.3,188
6,1784.9,3348
2,8379.4,331041
6,790.4,856
2,138.8,200
8,499.4,64
9,721.1,210
2,406.4,13191
6,218.7,77
4,161.5,36
6,237.1,40
4,644,1229
5,5237.2,56953
4,186.8,3
5,1067.1,2503
4,433,534
6,3195.4,21921
2,1952.6,25640
2,5294.3,947022
2,261.4,617
6,4048.6,18325
6,447.7,356
2,286.6,1953
4,832,2415
4,1320.4,8124
5,1554.6,6811
2,126.2,8
4,980.5,3946
6,544.3,241
4,204.3,22
6,2034.8,6223
4,574.6,3851
4,1860.7,15039
4,1438.5,11182
3,8480.7,150841
3,192.7,102
2,15216.2,740685
5,256.4,451
7,188.1,13
2,1019.4,19947
3,2543.6,47589
4,801.8,1354
2,555,14277
2,754.4,11783
4,1891.4,7256
5,3170.1,14353
3,378.1,2229
5,380,657
5,1509.7,1799
4,143.4,11
4,883.3,2970
4,539.4,1134
4,1843.1,13597
10,868.7,295
2,1084.8,36815
4,1996.9,15340
5,1858.8,7209
3,788.8,157533
3,857.9,3117
3,1142,3889
4,4067.7,43570
2,2765.7,54345
6,695.5,1449
3,776.2,47961
4,667.6,3916
6,2512.6,6364
5,947.5,2200
3,1480.3,8637
2,224.5,541
2,7042.5,857462
5,1885.2,11089
3,1107.4,4880
3,7214.5,200254
5,650.4,1046
7,411.3,113
6,1669.9,3189
4,2950.2,13308
5,1114.5,4367
6,1407.4,3580
4,4196,33660
2,462.7,3121
2,279.4,671
3,7410.2,160544
7,209.5,13
5,1175.7,5752
5,2318.8,6152
6,1678,3725
4,1445,3822
3,577.6,1010
4,2275,10470
5,891.1,3685
3,1272.3,9628
5,735.8,1163
7,7529.8,68840
4,597.6,642
7,364,569
4,187.9,7
4,208.9,107
7,298.4,9
5,1159.8,4710
3,506.8,524
3,283.8,174
4,661.2,1368
3,1167.8,5129
5,156.4,2
4,241.4,116
3,1229.1,8676
6,462.8,593
7,342.6,805
5,251,394
3,189,1295
2,1062.7,37032
3,1552.4,6269
3,510.3,741
3,5749.7,126775
3,1456.9,8264
3,334.2,1241
6,3639,13740
2,3343.8,102004
5,317.4,157
4,414,176
3,407.2,2410
2,2939.9,50283
4,2029.5,11727
5,476.4,479
4,871.1,2047
7,2110,5165
2,16033,957971
5,1734.9,6975
2,7299.5,423569
6,252.2,30
4,688.8,1626
2,2676.6,362487
5,1329.8,3032
4,3937.6,32068
5,1242,2812
4,8228.1,123733
2,2904.2,83518
10,1848.7,2198
3,1511.7,18487
6,2379.6,5860
2,423.9,3892
5,2771.4,11243
4,855.6,4157
4,597.7,566
5,2419.5,12132
4,335.8,85
4,203.5,15
3,2213.9,21029
7,6204.3,36746
6,4282.4,40220
3,9770.4,701300
5,320.7,141
7,244.2,60
8,1426,2305
5,394.2,219
4,1373.2,4320
5,794,5673
6,545.8,159
4,224,101
2,579.1,4095
6,186.7,185
6,1220.4,5228
5,2961.3,15097
7,253.6,32
6,225.5,33
3,1970,15464
6,838.1,1317
6,2072.5,5229
2,408.6,2040
2,273.3,1394
6,488,918
2,4455.1,99266
4,214.8,165
3,1945,18882
6,1413,2452
11,650.5,123
6,734.7,356
3,1013.6,5437
4,534.9,1424
3,6184.7,92243
7,342.2,58
5,786,1074
5,2331.1,18001
5,1207,3990
5,1103.7,1168
5,322.3,61
4,307.4,109
4,3961.9,44198
6,2739.3,8620
2,160.7,214
5,6319.1,60990
3,4731.6,197633
4,1068,1874
4,229,50
3,1031.7,2911
2,633.8,9024
6,2262.3,7737
2,2429.1,108020
4,488.4,1144
3,1943.6,13193
7,834.4,975
4,447.1,2461
6,245.6,37
6,2310.1,7633
2,446.4,23700
3,5832.4,120403
3,337.2,803
4,646.9,2669
3,1930.6,225057
6,661,713
7,4630.7,24281
5,1277.6,2136
5,2316.8,5718
6,618.9,351
7,2341.1,3432
3,9747.1,561320
6,453,41
3,6473.4,93994
5,571,665
3,2730.2,21200
5,2933.2,17911
7,277.8,6
3,8854.8,185519
3,8099.9,332329
3,320.7,262
6,298.1,168
5,217.2,91
8,487.5,34
9,2031.9,2064
6,296.2,203
5,4030.7,26479
7,646.7,729
6,2601.6,8817
7,389,138
7,1988.6,3136
5,1087.2,1918
6,2393.8,6256
5,307,24
3,189.1,293
5,2719.5,13902
4,353.2,33
7,757.9,306
13,625.6,228
8,876.9,767
7,7553.8,47477
6,154,17
4,983.3,2584
5,272.8,62
3,215.9,38
2,262.8,650
6,315.7,65
7,1719.7,4959
6,377.9,148
5,197.4,35
3,1130.1,9941
5,1470.7,134026
2,4112,86655
3,218.9,128
2,314.6,1674
4,1489.5,7087
8,2195,4841
5,299.9,204
5,3033.4,18302
4,200.6,316
3,293.6,118
7,2196.1,4502
3,950.9,4629
2,601.4,8189
6,1288.7,1081
4,604.5,709
3,2152.4,16214
2,594.7,11526
2,796,6334
3,634,1737
4,2706.5,22223
4,648.3,2864
6,3730.2,23662
2,339.1,3293
4,128.8,0
5,1462.9,5164
4,212.3,505
4,212.5,226
4,856.8,1371
5,2477.3,7717
3,192.7,146
4,483.2,369
3,530.8,2199
5,3876,21188
4,843,6182
7,164.1,17
6,517.5,915
5,3523,21510
5,469.4,81
3,643.8,954
4,693.8,841
5,299.6,345
3,1540.5,18210
5,3034.4,13320
2,277.4,7930
4,261.5,209
5,268,201
3,12859.6,284293
2,1246.6,12026
12,1000.5,1093
3,1038,6738
7,181.3,77
3,756.5,4512
4,559.2,416
3,396.2,526
4,1619.8,8983
6,1065.5,713
2,689.8,2741
2,864.4,10934
3,1639.8,9648
3,176.5,238
4,953.8,2524
6,958.3,1407
5,2546.8,12155
4,2075.9,12897
3,1564.1,11286
3,194,323
4,308.2,338
3,576.9,3845
5,940.7,1518
4,979.1,1373
5,1121.8,2034
4,972.7,1510
3,1268.2,6778
5,904.9,3331
3,824.6,3988
2,187,338
3,1299.7,223379
5,6192.6,158043
4,4609.3,149207
2,246.5,1120
4,560.6,1320
2,514.2,4112
5,1020.5,3251
2,279.3,4923
4,195.7,76
4,902.2,6423
6,2162.8,4035
6,536.2,232
5,185.7,222
6,2237.6,14185
4,646.8,2054
7,6672.4,48370
4,912.3,4580
4,5323.5,55800
6,1250.7,4573
7,2391.5,6792
6,2860.5,9731
4,416.1,508
2,528.1,56650
3,2916.4,23756
4,375.7,339
2,395.2,1110
4,352.8,38
5,2209.6,5422
6,2486.1,5162
3,2474.4,31213
5,1653,4565
3,244.9,72
4,350.5,260
3,6337.5,115332
5,241.3,459
5,310.1,16988
3,695.5,5485
5,3085.5,10389
5,1223.5,2700
5,1280.5,3139
7,299.9,393
6,1768.1,3745
3,2505,16760
3,3981.9,56453
5,231.6,15
6,755.3,433
6,208.3,14
3,1375.4,13705
2,2198.2,40400
4,2654.3,25330
5,310.1,775
5,7555.1,80857
3,2201.7,13478
5,1066.3,6402
2,321.8,1319
5,832.8,1007
6,766.9,1156
2,388.7,3649
3,178.9,97
5,2352.5,8952
5,6050,54735
5,1545.3,5396
5,2176.1,10217
5,837.3,1270
4,1241.6,10900
3,199.5,347
3,3306.1,46269
4,629.2,1766
3,4402.4,57150
5,1304.1,1790
3,5886.4,102817
4,3786.3,203388
7,998.1,361
2,304.2,11319
5,159.5,377
3,495.4,3094
6,748,1646
6,1175.6,2810
2,314.3,1557
6,988.1,3209
3,1040,5645
4,4121.1,97484
3,976.4,3254
5,6297.5,51022
2,2320,53486
6,274.5,289
4,474.8,397
5,650.5,854
2,1695.2,19226
3,1943.5,21511
4,396.9,439
6,2892.2,10395
3,381.4,341
6,444.9,91
3,5477,77597
2,528.1,6285
6,293.6,358
3,4149.4,51745
5,402.7,211
3,619,3092
5,176.5,55
5,307.9,31
3,2218.7,12710
3,840.5,4481
7,437.9,86
11,1497.8,1770
3,1368,14565
4,1046.4,2482
5,931.6,1029
2,2406.1,58786
3,1257.7,5980
3,4599.2,95538
5,2054.3,4722
4,1230,5209
5,1060.4,6265
4,230.5,22
7,2265.1,3161
6,701.5,921
5,1384.6,1913
2,1186.7,10169
5,4617,30048
3,210.5,49
3,214.7,44
4,511.4,4843
3,219.6,1221
5,806.5,5899
6,491.7,133
3,285.9,1416
8,890.6,498
3,1334.1,6938
5,1545.8,5439
4,1307.1,2573
4,3429.9,39429
3,1682.2,12658
3,403.5,415
3,285,405
2,1570.6,24721
5,279.9,30
7,643.4,1047
2,1429.6,12514
3,1500.8,16868
7,314.8,121
3,693.1,5486
4,546.8,1291
3,392.5,2334
3,7953,301149
5,5143.6,372277
3,1141.6,31086
5,3162.7,34370
4,421.2,849
7,474.2,418
6,714.5,546
6,808.8,832
4,614.5,1238
4,4350.7,44483
6,3078.6,13969
6,321.3,135
2,678.2,6810
3,4462.2,357965
7,215,1
6,1741.2,7932
6,462,97
3,771.9,29594
6,370,112
5,941.7,2083
5,289.3,103
6,2681.6,10298
2,7315.3,384739
2,1671.1,46456
8,169.7,1
2,2001.8,29462
6,307,23
3,773.6,11745
5,515.8,308
5,1096.5,2437
3,695.5,3849
3,2684.7,31608
4,224.6,105
3,1080.8,3479
6,532.4,1087
9,5633.5,14836
3,14402.6,341442
4,733.1,4400
4,210,160
3,231.9,295
4,903.8,2242
6,1493.1,1911
5,255,305
3,483.2,2096
4,1144.7,4637
5,525.1,254
2,2418.7,55976
6,461.7,6
6,1341,2959
6,147.1,12
3,2505.8,26449
5,1550.3,3470
2,937,13972
6,799.4,793
7,813.3,259
5,961.9,2399
4,2976.8,17809
4,4859,57304
2,249.2,1049
6,909,1718
5,420.1,378
4,152.1,19
4,508.7,1742
4,1257.7,6356
7,4744.7,18225
2,567.1,6018
4,1653.4,9008
3,1687.8,13009
4,1942.1,41235
5,2469,9080
3,727.4,1454
6,879.9,645
6,4042.8,17559
12,3490,3478
6,1274.9,2458
3,1145.6,6203
4,826.4,2475
4,2826.8,68861
4,196.2,129
3,879.2,4295
5,808.2,1195
5,676,273
5,223.6,9
3,8358,126744
5,1111.6,2773
4,396.6,671
6,553.3,1511
4,630.4,1548
5,245.9,293
6,374.3,924
8,242.5,28
9,5140.5,17807
5,2303.5,7360
5,153.6,1
5,164.9,25
6,704.9,513
6,772.2,628
2,537.9,3847
6,904,578
3,309.4,498
7,393.7,32
3,448.7,1677
6,3363.2,12507
4,1550.4,3930
10,3275.2,683
5,809,2531
5,242.1,106
6,461.7,224
7,3836,14631
2,167.2,424
4,7472.6,91937
5,2146.3,13134
2,361.6,5807
6,2296.4,7870
5,421.7,775
5,2383.2,16721
2,935.9,9259
2,1072.8,9434
7,389,52
5,152.5,1
5,836,581
6,6112.4,55235
5,1360,4016
4,787.1,3655
5,1064.1,3391
5,2425.9,9845
7,8370.8,71242
4,511.5,855
3,8716.6,222282
6,663.2,403
5,500.2,143
3,758.5,4491
3,5077,58791
5,895.7,2779
5,2435.1,17645
3,304.5,1932
6,1725.4,4509
2,28553.7,4634443
4,778,2328
3,1152.5,23191
2,1136.6,12138
4,269.9,109
4,235.8,36
4,8857.1,121376
4,2457.7,22295
5,9985.8,485638
5,609.3,2172
6,357.8,27
5,7114.2,82694
3,1698.3,7013
5,3184.2,26173
6,1392.1,1671
7,1265.6,992
4,2868.8,23154
4,7592,434024
5,252.1,100
6,409.8,196
4,255.4,162
4,198.1,52
4,500.4,603
3,892.3,7560
3,1109.8,4420
2,767.7,10042
4,1669.4,4468
4,646.8,1586
5,6066.9,50586
5,296,430
2,349.6,1407
5,2197.4,10105
2,2775.2,66256
5,275.8,355
10,139.7,4
3,1168.3,10630
3,6204.9,71494
2,26965.6,6155565
4,2448.5,14100
5,436.4,372
3,1065,5461
6,560.2,487
8,406.9,1925
10,1515.2,197
9,528.3,23
6,357.1,290
5,178.5,16
3,949.9,2327
5,911.3,916
4,1285.3,2081
3,4426.9,396551
7,237.6,29
6,277,136
7,1712.8,2558
6,162.9,9
6,846.7,1941
2,420.5,8476
5,440,1010
7,507.2,211
4,1592.5,13617
3,443.2,1170
5,443.5,132
4,396,477
3,2299.4,37537
6,2906.2,14830
7,822.1,322
5,4670.7,35264
4,1153.9,5167
4,3161.5,17384
5,1309.7,1028
4,1492.4,5136
4,1594.1,4766
5,163.7,102
8,456.3,90
4,167.1,2
6,2585.1,6860
3,170,235
3,718.6,3906
4,273.1,392
8,592.6,53
7,1590.5,2512
4,4841.2,369103
5,408.6,704
3,372.6,262
4,675.6,927
3,1257.3,6664
8,1119.2,1142
4,1656.2,7052
5,2277.1,16502
5,357.9,259
4,1589.8,7851
3,481.5,7257
6,1105,439
2,186.2,869
5,1119,1270
5,1023.9,2930
3,2751.8,42551
2,3427.6,80942
5,189.3,15
3,143.2,2
4,1968.5,12435
3,460.8,756
2,1365.7,9572
3,283.7,154
3,2279.3,20543
9,624.8,301
3,593,2215
3,1014.1,2309
5,3625.7,18597
4,7319.5,83825
6,549.8,847
4,1880.2,7546
3,202.1,58
4,1006.4,3227
2,230.6,605
3,345.7,1626
7,1057,441
2,394.2,2764
4,4612.8,35352
5,579.5,1099
5,1553.6,7478
9,922.9,854
2,502.7,3887
5,1696.8,10333
6,268,119
5,336.3,84
2,5216.6,523470
6,5431.2,31646
3,1864.8,12443
3,2653.4,25549
5,1170.4,1265
2,754.7,20156
3,810.2,2747
5,216.6,10
2,204.6,613
2,536.5,6318
6,571.2,369
2,513.1,6062
4,319.9,112
6,622.2,364
2,1432.3,17290
6,2002.4,5436
3,5427.8,111657
2,1909.3,21569
3,891.6,5441
6,258.8,37
3,4461.7,57696
3,300.7,1152
2,145.4,23
7,1216.7,937
2,133.7,55
5,474.3,639
3,1544.6,11049
4,955.2,978
6,678,457
3,3626.9,74900
4,1994.8,21410
2,1180.3,18983
3,890.6,10142
6,179.1,47
3,282.7,152
4,393.9,702
2,317.3,1182
5,406.4,104
5,3454.9,20910
6,336.5,75
3,1273.8,20997
5,2461.8,10453
4,383.2,631
4,4320.7,51513
3,3454.4,44016
5,430.1,154
2,167,348
3,260.4,467
4,368.7,375
7,5754.8,20140
2,652.5,14029
2,196.8,1903
4,5050,47560
4,1879.3,11236
5,190.9,11
4,1242,8614
6,148.9,1
3,535.3,2004
5,2588.3,30088
3,1856.4,12991
3,673.5,2452
4,519.9,350
5,303.9,88
6,701.9,377
4,189.2,104
2,558.1,1960
4,1981.3,7218
2,1901.9,22649
3,204.4,163
3,302.6,777
4,292.5,111
5,1479.1,3274
5,3184.1,15543
3,707.8,3087
5,5833.2,63129
3,159.8,16
3,2304.8,16259
9,1206.8,1025
5,854.8,3275
4,1727,5257
6,1128.6,2015
2,474.3,4569
5,5425,42056
3,1217.8,8445
4,1097.1,5297
9,1258.1,1772
3,736.7,1756
3,1277.6,5324
6,911.3,645
4,282.6,233
4,2189.7,30228
5,2154.2,8820
2,225.3,542
2,1482.4,14134
5,1121.4,15726
6,679.9,489
8,2815.9,8803
3,1209.7,20506
7,3511.6,10110
5,4189,25928
3,435.2,1973
3,1409.6,11582
3,213.5,125
4,2588.4,23204
8,992.9,762
5,1821.2,5822
2,1296.1,30236
2,629.2,3154
4,307.3,229
6,1604.9,2259
3,217,250
3,521.9,3906
3,3288.4,47039
4,1906.7,8367
6,321,24
5,3252.7,17870
5,7263.4,61264
2,828.8,6078
4,719.5,1362
3,248.5,118
4,188.3,185
3,153.7,52
5,5172.2,148073
6,547.6,611
6,2435.9,6769
7,189.7,15
6,950.5,814
6,285.9,5
6,1531.8,4965
3,991.3,5831
4,1484.8,9969
3,2833.9,47031
3,344.6,2972
9,2316,1956
5,11877.5,901460
7,498.2,177
5,1032.9,3917
2,3014.2,58777
5,492.1,242
9,560.7,416
3,323.7,715
11,4832.6,4918
6,229.4,129
5,230.5,241
6,1402.1,3041
2,591.8,13464
5,468.6,495
6,384.3,900
5,4150.3,32581
6,1210.5,1233
5,2493,12174
5,635.4,1650
2,159.7,83
4,2953.6,17681
4,1243.8,29665
4,714.1,1692
5,593,748
3,172.2,237
5,656.8,549
4,245.4,47
5,271.4,8
3,1358.4,12057
3,267.2,412
4,3484.1,28610
6,217.3,12
4,734.3,777
5,1308.4,4388
2,645.5,11458
5,1478,10341
2,8554.6,235749
3,277.5,144
4,551,1551
5,312.1,30
4,1590.7,5120
3,405.9,719
3,2737.7,34321
4,216.4,58
4,705.2,3392
4,2214.5,19829
6,991.5,1058
6,567.5,381
3,642.8,6591
4,335.2,255
7,583.9,153
5,203.5,26
4,5676.4,59396
4,193.7,96
9,5252.8,9024
3,5748,95981
7,821.7,78
6,597.6,968
4,378.5,362
3,482.6,2840
5,7786,74680
3,4458.2,47789
4,3171.1,24384
5,286.4,90
5,706.3,669
4,2342,16189
4,547.2,481
4,760.9,637
7,1216.9,861
2,598.4,8111
5,365.4,287
6,365.4,87
5,265,194
2,167.8,542
3,1115.8,5597
11,1328.9,483
4,443.6,637
9,1657.3,1329
4,454,154
3,1737.2,15424
4,4196.8,46918
6,440.3,247
4,952.8,4967
4,1961.6,11252
5,3281.8,14273
11,559.2,14
6,719.9,1396
3,235.2,458
4,814.7,1629
7,1072.1,681
7,501.7,705
3,1330.9,4790
9,873.2,234
5,161.4,38
5,635.4,880
4,3292.1,38624
5,4994.1,34413
3,217.7,251
2,3949.2,133440
5,649.7,1716
4,401.2,90
5,341.6,379
5,840.9,2507
5,5430.5,48303
4,2412.5,15840
6,1335.4,2683
3,460.6,3361
7,1830.2,61801
7,220.3,47
3,994.7,3649
4,620.4,3291
7,1025,554
7,1203.2,1372
5,1667.8,6920
2,696.2,5876
5,2624.3,11775
4,5942,291488
6,2643.3,6644
3,877.1,1974
5,674.9,1381
6,472.2,365
3,3973.4,64391
6,1361.5,3739
9,260.1,77
2,9659.3,859148
7,729.2,1522
4,679.5,1540
6,555.4,1630
5,275.4,355
6,296.7,24
5,735.1,778
3,5160,437508
5,552.4,310
6,872.6,678
6,721.5,2052
3,2695.6,30563
7,2585.6,12792
7,1293.9,980
3,2740.6,54520
7,383.4,284
5,1899.1,6960
4,1798.4,11319
6,664.2,591
5,455.3,103
3,607,1774
6,2153.7,4309
5,616.5,1226
4,222,306
4,2565.6,20049
13,696.8,100
3,741.9,5206
5,1060.2,5049
4,219.8,127
3,393.2,959
5,503.2,152
7,279.4,6
2,248.4,1564
6,462.7,295
5,1031,1133
6,727.2,691
7,260.1,71
2,521.6,8640
5,151.1,10
3,672.3,3630
3,2345.4,131723
6,522.6,243
5,2578.2,12595
6,883,3606
6,652.6,376
4,515,5161
5,240,213
5,2586.8,14882
3,1077.4,4411
6,780,1061
6,191,18
3,2775.1,33381
4,3182,21749
5,921,1505
5,2291.2,11747
6,1494.8,2422
3,363.9,2331
2,2969.1,31569
5,693.5,1138
5,281.7,131
6,4600.3,166801
5,809.4,1942
6,1469,2088
4,2199.1,11955
5,4131.9,30270
3,2941.9,33595
6,173.6,3
5,1244.2,2674
6,152.2,34
3,436.2,3403
3,7170.2,116447
2,1461.9,31618
2,6926.1,264450
5,4534,27271
8,763.2,512
4,1475.9,6641
7,312.2,29
6,531,162
2,4046.8,58539
5,222.6,80
3,275.4,619
5,767.5,562
6,474.3,540
4,3651.9,33933
6,438.5,466
4,437,2522
6,1055.1,1173
6,327.8,957
5,171.6,19
2,1453.2,13950
7,280.2,47
5,567.4,427
3,844.1,3599
6,445.2,56
2,2105.8,32746
4,827.1,3541
5,1807.6,5567
4,263.8,446
7,655.4,559
6,557.7,336
3,1854.3,27704
6,786.7,2029
6,2705,5723
4,1919.3,18166
3,2061.1,22776
4,777.2,1840
4,805.7,3181
2,340.9,2849
5,1023.4,1715
4,203.4,38
4,5888.4,54734
3,2157.3,20673
3,348.4,1113
3,2843.9,25281
3,7641.1,334383
4,2668.3,353836
2,666,15377
3,286.9,151
3,3276.2,42097
4,2623,16775
5,6860.9,73009
5,439.7,4099
5,352.6,106
3,203.7,66
3,694.2,3682
6,3226.6,8611
2,3795.4,66549
5,1173.5,1914
7,4393.3,17181
5,914.1,1694
3,4887.2,59568
3,920.4,4293
4,932.2,2703
2,147.9,397
5,3016.2,14530
5,831.3,1570
5,252.8,94
2,334.7,8744
5,340,80
5,3393.7,20619
3,606.5,1466
2,251.2,680
3,395,1036
5,2566.6,12696
5,5691,112185
2,259.4,730
5,232.2,12
5,290.7,679
6,358.6,367
5,324.2,8998
4,260,99
7,311.7,126
9,6305.9,17850
3,2105.6,16932
4,1633.3,8696
5,1639.7,6191
3,1198.7,14087
5,1279.3,2867
5,630.4,1112
3,180.6,737
5,406.5,41
6,3808.6,20613
2,545.2,11610
5,3781,25413
3,916.8,2746
8,1298.2,1100
4,677.2,3260
4,1486.6,7653
5,3747.9,23797
10,255.4,9
5,7598.3,70995
5,1608.6,3174
4,2487,15900
7,1162.2,1193
6,2034.4,8509
3,227.5,172
7,787.3,379
5,297.9,75
5,157.2,160
5,1794.5,13657
6,556.9,398
5,1006.3,4590
4,757.8,2882
6,1893.2,4055
2,579.7,6970
3,230.2,229
3,2579.3,50211
4,320.2,1533
2,2321.8,55717
3,623.4,4510
9,295.1,81
3,550.9,4122
4,1739.9,5124
6,1146.5,1232
5,2433.3,11586
7,313.3,35
6,2346.5,7823
6,669,3004
4,272.5,192
10,715.8,199
3,1969.7,31847
6,876.5,2976
4,6306.9,96214
5,467.1,1406
3,2131,22563
2,343.4,2095
4,163.2,40
5,2220.1,7723
6,417.9,162
5,6037.4,54494
5,498.5,1036
5,1025.2,4474
3,249.5,870
4,2013.8,13346
4,6356.5,113761
5,564.2,360
4,538.9,581
3,411.7,2158
5,2429.9,15483
4,3044.3,17838
5,671.7,1491
6,545.4,471
4,215.3,91
6,825.8,1564
2,2093.6,67203
2,320.7,1282
3,1485.8,9669
5,588.8,1509
3,835.5,2866
4,2197.9,32717
3,2578.4,24598
7,197.7,62
7,567.5,80
6,202.8,4
3,338.7,213
4,2355.1,45783
4,3343.8,30663
3,282.8,1416
4,1272.8,7585
7,2270.1,3704
4,341.6,1092
6,398.8,80
4,1449.9,5408
3,1404.1,7818
5,1881.5,9274
8,4527.1,10254
4,492.4,923
3,5984,193274
2,926.1,12884
3,5025.3,118006
5,1352.2,3537
5,2892.2,14452
3,679.6,4315
7,290.5,47
2,2832.9,75674
3,175.5,187
6,166,35
5,7257.6,86916
3,360,1296
4,809,1239
3,403.5,762
10,624.4,221
10,827.4,258
5,327.6,459
4,225.3,3757
2,126.6,34
2,1598.5,27274
4,466.2,303
3,223.7,384
2,8093,328569
4,189.7,457
5,190.5,4
2,240.2,718
7,2578.1,7518
5,1191.5,4337
9,2786.6,5093
6,253.2,14
5,228.5,126
7,755.8,807
7,834.9,510
7,2030.4,2937
5,1925,8491
5,3907.7,29992
3,648.4,1437
3,229.7,165
6,888.7,818
3,1800.3,27482
5,327.9,80
6,1125.4,2391
6,379.8,327
4,302.7,577
5,1971.7,7112
3,10810.4,387264
2,3003.9,170817
4,1317.6,7559
7,1751.3,5447
3,276.1,6654
2,328.4,6511
6,1482.6,4763
3,3171.5,644331
6,917.3,433
4,9292,752664
6,1002.5,1565
5,185.1,123
4,1150.5,3512
5,502.7,1428
2,3266.5,90774
3,217.2,254
4,859.4,1422
5,2812.3,23793
3,908.6,17069
4,1704.6,135518
6,616.6,1646
5,538.3,2811
5,3833.8,23254
6,621.4,94
2,371.9,3448
3,5050.4,71548
5,588,499
5,171.4,26
4,960,26160
5,225.6,44
3,1120.1,6324
5,698.6,2191
6,578.2,151
5,763.2,1247
6,1500.2,5532
5,774.7,2018
8,263.1,106
2,673.5,5052
2,2091.3,25509
2,1479,43991
7,367.2,122
5,1231.8,12235
3,406.4,500
2,2391.4,294734
3,522.7,1580
3,12458.5,1124599
5,5935.8,69202
3,1360.2,10376
5,868.8,3345
8,325.2,129
6,4983.3,34891
5,1936.2,17238
3,1085.7,4088
2,1090.7,40857
6,436.8,56
8,437.3,65
3,3868.7,142588
2,252.7,2516
2,1767.5,22960
4,579.2,1094
6,434.8,278
8,314.2,101
3,619.8,3666
4,9843.5,153177
3,1395.5,17119
4,937.2,2432
5,2108.8,8835
3,456,3407
6,2645.6,6522
5,1055.1,2534
4,566.7,405
2,547,3182
3,799,2851
3,369.9,777
6,1793.5,6687
3,728.7,2212
2,1422.6,22412
2,534.8,3967
4,3091,32499
4,262,263
3,283.8,857
4,4851,438577
2,2243.9,27810
2,1213.9,12406
4,1341.9,8891
3,1266.6,14469
6,559.1,562
3,816.9,1116
3,328.1,477
3,951.4,6567
4,486.6,1017
2,258.8,1985
3,856.9,2667
5,1216.6,3496
6,1588.9,3049
6,1753.1,5115
5,658.9,504
2,346.1,3452
5,730.5,4686
4,1113.5,4219
6,2737.5,8802
3,344.2,698
8,5794.1,25458
6,3983.4,20320
9,1833.5,2856
4,1182.6,4975
5,239.7,220
5,285.4,402
3,1898.9,17972
7,1103.6,2220
6,454.6,112
2,1040.2,16660
5,1912.3,2857
3,438.3,1600
7,854.8,1060
4,983.1,5291
5,340.7,35
5,710.5,520
7,263.6,53
4,260.4,1343
3,1525.7,10789
3,252.6,241
2,196.7,388
5,464.3,817
2,1265.5,16521
3,2945.6,24783
4,1104.3,5318
3,489.3,1612
4,782,1313
4,2770.6,20933
4,2988.3,23449
6,1882,4233
3,352.7,216
4,685.5,2947
5,1007.8,5278
3,1155.9,4613
4,1123,61759
4,2222.2,11277
5,922,2042
4,1068.7,4680
9,190,4
4,915.2,3031
6,357.1,240
3,238.4,465
5,250.5,44
2,1203,11176
8,1232.7,1417
2,1032.7,14949
4,1989.5,8823
5,2551,13129
3,1419,11111
7,313.7,10
7,425.9,268
3,224,303
5,391.5,222
4,167.8,2
4,469.8,2685
3,275.5,1010
3,2291.4,22799
3,677.1,2851
4,684.2,600
6,192.5,26
5,5548.2,67946
4,236.1,1184
4,526.3,1672
4,6679.7,78914
5,332.8,402
3,3986.3,56652
4,543,1526
7,495.7,104
6,278.5,121
6,793.9,913
5,181.4,92
4,1063.6,4901
4,290.7,128
4,847.7,3116
2,238.9,1817
5,214.4,38
2,1457.3,23776
3,500,2696
5,277.1,313
4,251.6,148
5,5698.2,48731
8,4567.1,14051
2,138.6,79
3,207.1,45
6,476.4,104
2,1178.5,14151
5,314.2,86
2,14960.6,846693
4,1743.1,31644
4,1009.3,1769
4,3493.3,36010
3,140.1,9
4,134.2,12
2,364.7,1701
3,350.6,1153
5,558.2,1882
3,13936.8,524752
3,3351.1,37857
2,2310.7,118131
2,1719.4,27725
3,2393.7,33350
5,763.7,1340
7,281.1,34
3,286,476
3,3716.9,67592
6,813.4,1794
4,590.5,1750
6,2759.9,9421
2,329.8,2906
7,474.9,181
4,1107.9,3435
5,268.9,39
3,942.6,20290
4,927,6146
6,520.5,534
5,929.6,3197
3,676.8,1657
6,2811,10718
2,211.6,591
7,948.9,1031
4,631.3,832
4,757.5,971
4,1171.8,2419
10,203.8,9
2,246.5,775
4,1633.2,4649
6,476.6,2047
2,183,517
6,1961.3,8610
4,559.1,1676
5,1393.7,2838
4,1455.2,6655
3,9031.2,659841
4,267.3,300
4,2777.3,16235
5,1994.3,9839
3,853.4,2628
5,313.8,356
4,419.1,1818
5,304.7,161
3,150.2,92
2,585.6,3229
5,647.4,620
4,1701.3,7743
4,644.4,236688
2,597.9,10019
4,393.1,1045
3,142.6,85
4,829.4,1627
5,153.5,25
3,775.7,3352
2,1295.3,15830
3,23204.1,2531461
4,3100,50185
6,468.7,372
6,4608.4,27103
5,2384.4,9482
5,372.4,872
3,4692.3,72751
3,365.8,1701
3,358.4,1419
6,171.2,1
4,555.5,587
3,1549.4,10882
6,778.9,649
5,180.6,14
5,989,3255
3,238.2,568
4,3820.4,57741
4,542.8,1096
4,1899,17264
2,346.8,3142
5,945.6,1400
7,757.1,644
6,246.8,73
6,769.8,3171
3,227.1,398
3,2673.5,183283
4,6322.5,93759
6,254,39
6,237.8,129
6,368.9,1036
6,187.6,67
2,1789.4,24141
5,190.9,20
4,266.9,182
4,565,548
7,1021.1,748
3,1379.1,11081
2,4158.5,99042
3,885,11255
8,1674,2422
4,979.4,1445
8,170.9,61
5,353.5,106
2,304.9,544
3,2588.5,15278
2,2409.6,47233
3,241.1,95
3,423.2,541
4,1269.2,7092
3,2254.6,22850
4,311.7,930
2,857.7,8823
5,718.2,742
7,577.7,1420
4,8100.9,162623
2,409.3,3224
6,4123.1,24898
2,1549.5,23651
4,350.3,379
3,1981.8,9604
3,1102.3,17648
2,1352.2,14881
5,710.3,1730
2,1233.6,15141
3,3071.2,50400
2,169.7,126
3,1032.3,7590
9,301.5,41
3,983.8,4051
4,502.3,1599
5,371.2,210
6,1271.1,2329
6,1634.4,2633
4,1158.3,6541
7,293,75
7,211.5,40
5,1054.8,8429
5,1206.6,5625
3,2070.4,22313
3,1774.8,20985
2,306.5,3011
8,1851.5,2516
6,517.2,485
6,5627.3,38202
3,2440.1,19659
4,809.7,4402
6,438.9,334
5,1754.8,7410
4,1017.4,4734
4,8061.2,106265
6,388,107
6,266.3,59
4,1208.4,2094
5,439.4,256
4,1291.1,3755
7,1988.5,12162
3,218.5,260
5,609.5,247
5,3457.3,16866
3,350.9,3538
4,3846.9,26590
3,556.3,1140
4,264.1,330
2,2131,567590
3,1000.7,14940
5,1115,1545
7,579.3,105
4,2123.4,16062
2,2694.3,46920
4,1508.5,3589
5,1006.4,4049
6,5026.9,41265
6,233.5,30
3,1096.6,4449
4,632.7,7293
3,3048.4,26439
2,1276.2,12201
5,187.2,21
6,1903.8,4584
5,3362,15829
6,1992.6,6242
8,906.6,671
7,294.1,3
5,1037.9,1930
4,325.7,149
5,529.7,512
4,726.5,1324
6,1013.8,1473
5,8051.8,96242
3,162.6,566
2,1812.1,446134
5,1112.5,1573
10,670.2,144
4,190.5,178
4,633,905
6,1953.8,3852
7,1014.6,1538
3,995.2,7118
6,195.7,63
3,3815.2,49867
4,197,130
5,921.2,5187
2,278.6,1946
3,1550.1,7813
2,3295,62623
3,1955.5,50113
2,1139.6,31416
3,369.8,1564
7,3237,11723
6,410.1,2467
5,1597.6,4767
8,5074.1,12896
2,436.5,1504
3,3808.6,103298
5,8476.8,122522
6,2119.1,4354
3,505.1,494
3,2465.7,21543
3,191.3,476
5,2964.2,15717
3,419,1511
5,1884.9,7293
3,298.2,768
8,187.1,0
3,693.9,2097
4,528.4,1713
5,925.5,1410
6,1164.4,1222
2,183.3,103
3,802.2,4650
2,296.6,1916
4,151.6,1
5,858.2,905
2,766.9,4426
5,455.5,73
6,5288.6,29944
3,1034.3,6502
5,311.5,451
4,1722.5,13058
2,625.1,19590
2,5207,127107
5,1627.8,3654
3,1015.3,6107
6,431.6,469
6,439.6,102
4,1188.2,6898
5,1702.5,4444
2,2110.5,26026
5,1644.8,4391
6,1872.9,6553
5,274.4,245
4,2622.7,16121
4,1141.5,3868
3,6460.4,127851
3,1757.5,10337
5,1321.2,3677
5,541,1723
3,298.7,362
2,966.6,8641
8,1383.6,2475
4,3723.5,46433
4,499.5,3100
5,976.2,2835
5,4137.1,46750
9,3000.9,2988
5,742.6,1930
8,1236.7,755
3,6455.7,102967
4,1090.7,3032
2,840.5,15846
4,527.7,2643
4,205.6,126
3,1163.4,6782
6,901.6,728
5,1110.6,952
3,339.4,428
3,1643.9,13926
6,2515.8,5421
4,703.7,3976
3,474.7,1702
5,480.4,1900
5,1132.2,2775
2,2350.5,28910
5,491.8,1075
4,1221.3,5518
4,2572.4,16424
4,322.4,249
3,920.7,2516
3,2066.7,17011
6,922.6,1161
4,417.1,311
5,7982.6,100087
3,1250.8,6982
3,510.9,1482
3,1576.7,11290
4,445.9,680
7,327.1,85
6,4346.8,19751
6,3041.2,15360
5,811.3,55219
5,2383.7,10784
3,316.7,257
4,402.6,158
5,1719,5942
2,1083.6,19386
2,519.4,4373
2,131.5,2232
4,376.2,483
6,987.3,2274
3,1063.7,4374
8,266.8,49
3,625.4,4233
3,1241,5599
5,672.1,910
5,371.8,861
6,1447.9,2772
4,938.4,4766
7,1828.7,3999
2,1341.8,124205
6,950.8,212
2,12651,395804
7,106.9,0
5,437.4,252
2,1123.6,16064
4,297.3,118
3,2287.6,16246
4,702.9,1497
2,2276.1,82755
2,188.2,907
4,2798.7,23353
4,848.4,3091
3,372.6,1988
6,699.4,311
7,530.1,339
4,1233.1,8299
2,167.6,1109
3,894.5,9051
5,471.1,486
3,291.5,258
3,443.3,425
9,268.8,0
7,1761,3980
5,1014.9,2432
4,4797.6,40570
4,1653,13655
3,180.7,122
5,987.4,2470
5,2186.1,11952
4,1945.4,9909
5,1590.8,4957
2,4758.9,436391
3,1120.2,5866
4,301.3,129
3,1064.7,12433
4,771.4,2584
4,1422.7,5694
4,428.7,1996
4,1718.7,9621
5,976.2,41
5,885.2,0
4,689.4,524
2,314.1,176
2,311.9,297
5,3528.3,16128
3,5532.9,36715
5,1097.5,537
3,1789.5,6720
7,2050.2,5942
3,441.2,1012
4,385.2,549
5,1030.8,2869
6,1210.9,6184
5,1852.3,6347
5,1026.2,1991
6,3777.1,14438
3,645,743
4,1290.8,9452
5,457.2,233
3,308.2,372
3,1342.4,10193
3,377.5,854
4,524.3,878
4,6707.6,99174
5,930.1,720
7,255.1,79
6,309.5,261
2,391.1,3575
3,2468.9,34760
2,11503.8,568523
3,1505.1,9303
3,2184.6,14355
4,647.3,917
5,2233.6,5557
5,1835.7,3111
5,241.2,1553
3,334.5,598
3,2650.2,32363
5,3807.6,30652
2,745.3,6149
5,710.7,1499
6,308.5,58
2,2442.2,46530
4,4353,64881
6,1543.6,2828
6,1107.2,3359
3,186.9,2720
7,1091,752
4,880.7,2169
8,437.8,92
6,343.5,39
3,1541.9,6697
11,201.5,2
2,2163.9,38967
8,1687.9,4306
3,1199.7,6722
6,1082,1435
3,356.4,1053
3,195.8,16
4,1030.9,1939
6,948.8,808
2,749.2,5420
2,7084.2,76099
6,850.3,79
6,3561.6,15046
5,866,1520
3,861.1,9339
2,2286.9,40872
3,6434.7,214395
5,2164.1,4627
5,948.4,1678
6,1699.5,3552
5,786.7,1095
3,11139.3,543092
6,533.3,1578
3,407.9,362
5,2945.4,18228
7,1251.2,1449
3,1660.9,12883
6,850.8,860
5,211.6,305
6,4670.6,24457
3,490.1,3661
4,650.5,3161
2,197.7,1342
5,346.1,639
4,337.5,799
5,1591.9,2841
6,378.3,210
2,277.1,1741
7,527.3,395
4,302.4,859
6,196.7,45
3,1177.4,9512
3,680.7,2402
4,4382.8,405301
3,3280.6,39135
4,4734,46762
7,2837.3,6755
4,2302.4,68124
3,369.7,1941
5,703.5,621
3,505.6,1555
5,3839.7,28600
5,608.8,722
4,1133.9,10388
7,300.5,14
6,3091.9,11604
5,497.4,94
8,940.5,353
2,33273,3644511
5,589.9,1705
4,4470.2,45631
3,334.2,389
3,443.1,1521
3,437.5,670
5,1030.7,1020
6,170.3,56
6,1639,2915
6,2525,7242
6,2603.9,9704
3,3181.8,41684
2,349.5,2235
4,214.4,92
4,1594.3,7228
4,936.1,1674
7,345.2,3357
7,1508,2332
6,1385.1,3947
6,302,110
5,210,68
8,216,19
2,899.8,16942
6,328.2,807
4,1467.7,6671
4,660.6,1251
5,1585.6,3724
7,1341.7,910
5,2377.8,10748
5,559.2,483
9,1243.7,1802
2,452.6,1369
3,526,3087
8,1315.8,902
6,978.2,931
3,278,11995
3,267.6,1177
5,412.1,46
6,642.3,763
4,1438.6,10282
2,1488.6,36072
5,268,107
10,1253.2,427
5,4011.7,26507
4,2223.8,16032
3,2552.5,17189
5,447.4,905
5,363.6,469
6,713.1,758
7,477.7,958
6,1005.6,2542
6,375.4,124
5,4905.7,48722
3,221.1,628
3,1109.8,5648
3,7794.5,164792
3,508.3,1305
4,292.8,2012
5,3137.9,22065
5,1284.8,1108
5,6990.3,53446
4,1239,5327
3,105.5,13
4,379.5,60
3,2275.7,13341
7,147.2,15
3,956.5,2000
5,1996,6720
6,4323.6,26804
4,975.4,2058
6,310.6,5
3,1000.9,8881
4,410.2,1977
3,1471.1,6939
5,2268.3,21187
4,1115.7,4117
3,2671.3,26694
3,1234.4,24605
6,294.7,44
2,2870.9,47352
5,4070.6,33191
3,492.5,882
4,306.5,2008
5,552.6,774
7,498.4,141
3,1121.8,7642
5,557,692
4,6021.3,70211
2,399.3,1963
5,223.6,20
6,332.3,148
3,493.3,1344
2,729.3,5786
5,238.6,147
7,141.8,6
4,913.2,2173
4,1318.2,6013
3,658.9,1096
6,2641.3,18680
4,913.2,2888
4,15857.4,639456
4,8062.1,144232
4,375.3,201
4,1434.5,4749
4,2674,18537
5,1814.7,10293
3,1088.6,12953
2,548.3,6996
4,2864.2,16879
4,1276.7,3764
4,343.6,189
4,5847.9,46004
4,530.6,622
2,1845.3,34080
5,381,812
7,333.9,22
5,802.7,353
4,953.8,1792
2,203.3,182
3,821.8,5149
5,1546.4,4557
3,138.4,78
6,286.7,28
5,284.1,273
10,989.5,735
2,227,413
3,1504.9,12454
4,203.6,68
2,261.6,1581
6,358.5,145
3,1514.2,11029
3,407.3,406
3,496.3,1274
6,1472.8,6485
6,867.2,2592
6,404.4,52
2,317.4,957
3,8378.5,511522
6,1056.2,2517
3,3719.7,56287
5,4478.8,54488
6,4623.6,24349
10,248.5,9
4,173,62
5,285.5,48
6,214,184
6,2279.5,8108
3,325.6,3355
5,1207.6,2451
3,1195.5,14072
7,3200.2,11540
6,1693.3,6428
4,2239.2,26745
4,915.7,2647
2,1278.3,8461
4,508.9,3163
4,1264.2,3651
5,2271.3,6493
4,349.6,137
2,180.9,130
5,772.3,2166
5,4107.6,26266
8,2165,2060
3,332.3,847
4,498.9,407
5,262.5,26
2,1033.2,12236
4,340.6,1064
6,2448.8,6153
6,746.4,356
7,357.2,47
5,694.1,655
5,455.5,467
3,1285.7,9908
7,1492.1,898
6,727.8,375
5,3267.4,17681
6,178.5,163
3,462.4,1373
6,2517.5,10064
3,370.2,573
5,500.2,236
3,1593.4,13155
4,638.4,715
4,1120.5,7933
8,299.1,9
4,1744.9,8078
6,2227.6,9048
4,1577.3,9557
2,3387.3,45957
2,6726.3,162639
5,2719.8,38709
3,3228.3,43243
3,226.3,427
6,637,3010
3,3566.4,35868
5,439.6,1022
2,421.2,2433
2,2424.7,50585
3,262.6,890
2,14343.1,1398632
6,1515.2,3427
7,928.8,904
5,320.2,105
4,3298,29117
4,208,587
2,4934.3,124763
3,1815.2,13023
5,365,1030
3,476.2,860
2,198.6,863
7,1524.8,2653
5,3587.3,21789
3,1270.6,11983
6,377.8,72
2,2766.7,40454
2,1136,20057
4,567.3,1831
5,201.2,1
2,5467.8,113023
4,1119.3,6566
10,802.9,564
4,2810,24536
2,321.4,3021
5,3862.8,17809
3,682.9,3835
2,771.2,6445
3,297.9,776
6,507.3,364
5,781.3,384
5,1166,1536
2,1922.5,31734
4,668.4,4886
2,635.3,8372
3,525.6,1186
4,2010.3,24177
6,670.6,640
4,111.5,0
5,2107.8,29534
3,2718.2,319959
3,1001.9,7506
5,171.3,4297
5,1264,5080
5,1771.8,6438
4,645.4,2151
7,136.9,9
4,274.2,12
3,2390.1,31583
5,393.3,165
3,354.4,883
4,404.9,191
2,6995.6,257733
3,5370,71028
6,1086.9,1456
2,2680.1,56328
6,969.6,2073
5,1856.4,8954
3,1091.4,4883
2,286.5,29942
3,4302.3,47366
3,347.5,2020
5,1767.7,5894
5,731.8,1836
6,495.8,265
3,9403.4,547060
4,492.6,372
5,1764.6,7420
3,230.3,199
5,1338.9,20832
3,533.4,2837
5,365.3,193
9,548.6,59
3,3645.5,69022
4,3206.9,24432
5,476.4,633
2,218.4,366
6,834.6,1701
3,1515.9,8586
5,635,1047
3,4979.5,81831
4,960,14658
9,896.1,177
4,760.7,5979
2,777.8,24806
2,170.8,1853
4,317.6,550
4,150.7,20
4,3640.3,28786
4,211.7,63
2,349.3,1752
3,1478.7,10353
6,182.4,1
2,746.7,9338
4,2681.2,21116
5,4790.1,42073
9,919.1,218
9,2868,4327
3,790.3,2526
3,3970.5,70572
3,957.3,5387
3,288.7,202
7,1055.9,735
3,2030.1,20131
5,260.5,120
3,960.2,6712
4,481.8,439
5,2229.7,13257
5,645.6,398
5,754.9,704
3,243.2,233
5,5176.2,35087
9,3031.7,1873
4,1392.3,6106
4,1440.1,5578
5,499.4,695
5,267.6,598
2,6954.5,255453
2,939.4,35487
4,1827.6,7700
2,155.5,119
5,431.8,1059
3,971.1,3652
3,176.2,20
6,976.9,808
3,1042.9,11632
5,2650.2,18257
7,383.4,281
6,3105.3,9224
2,441.2,1391
3,652.2,8687
5,265.8,48
5,1038.7,2768
6,4305,24824
3,277.1,447
5,3429.6,47413
2,273.4,657
5,305.1,93
3,1540.7,9136
7,219.5,4
7,511.8,175
3,1713.2,7363
5,1244.3,2930
5,194.6,61
3,1086.4,12351
4,3434.6,32786
6,2540.1,7767
2,278,1666
5,419.2,354
3,7158.3,471099
4,5374,58687
3,1312.7,3673
6,3005.3,13770
3,527.7,3462
4,231.1,57
7,288.7,6
8,620.6,96
5,2407.1,9804
3,1776.2,12572
5,876.2,783
5,3478.1,15529
6,356.3,33
3,14029.3,688117
2,147.8,157
4,4107.9,40440
5,237.7,37
7,155.7,800
3,3988.1,75338
2,4326.1,104900
3,268.6,2330
4,299.4,394
7,753.1,1678
6,432.8,111
4,1490.9,5421
9,791.4,136
9,413.2,16
7,344.8,24
2,188.9,297
2,1006.1,9041
3,1557.4,7133
3,781.3,2871
5,220,90
6,1372.3,947
7,1649.2,1307
4,210.2,100
6,679.3,172
8,462.9,245
4,1029.4,2341
3,1392.8,9175
7,1051.4,565
5,3089.6,20535
5,150,63
8,450.9,237
4,2928,28806
3,2136.2,19798
3,1116.1,5629
4,2771,18684
5,445.7,872
2,2463.7,59598
2,589.5,4605
3,465.9,1132
3,376.1,1118
4,356.2,713
5,1509.7,3388
3,1677.4,11423
3,302.6,553
3,2125.4,14376
2,17561.6,2865169
4,4735,57703
3,3462.6,38444
4,732.2,3318
8,232.2,18
4,542.8,1183
5,190.4,16
3,229.8,70
4,2126.2,82462
5,340.5,54
4,1934.9,9821
4,6597.5,99100
3,6608.7,288182
6,915.7,1226
5,368.3,361
4,179.1,77
4,7082.3,96469
5,5425.2,41515
2,2490.3,42801
7,495.1,327
4,1311.9,3265
6,258.6,11
5,837.8,695
6,173.6,0
4,249,176
2,1510.9,23912
3,9088.9,227526
3,842.9,3751
2,249.3,1209
3,222.3,742
5,6565.7,69390
2,961.2,22302
5,1059.5,3253
6,424.6,167
3,230.7,78
6,2461.2,8534
5,5127.9,45459
4,1062.1,5092
3,468.2,4717
4,589.8,762
4,358,315
4,606.4,547
7,4850.5,27146
5,493.5,989
6,1298.6,3908
4,928.1,4459
5,4288.1,27484
5,758.5,264
3,1067.4,4057
3,2093.8,17747
5,7698.2,73111
5,3858.9,47642
3,3103.8,33588
4,296.9,433
3,251,493
3,4637.3,58460
2,199.2,1207
4,1389.3,7223
5,1375.4,7985
7,407.9,65
2,272,504
2,18305.7,1561201
6,502,833
2,3864.7,116233
4,159.1,69
4,1160.7,4047
4,1689.6,7743
5,823.9,1507
4,149.1,13
8,1176.3,739
4,703.1,826
2,548.7,5906
4,2396.1,10253
6,395.7,61
10,160.4,9
2,7628.4,376346
6,2026.4,9808
3,199.6,394
3,1148.9,9666
2,609.1,11820
7,2406.8,5990
4,896.9,342
8,575.9,88
3,1860.2,22308
5,980.4,1456
6,2504.7,9321
6,227.2,48
2,272.5,1743
4,458,1790
5,680.1,1435
5,1646.5,4016
2,1792.7,66079
6,1617.8,8499
4,2214.5,12580
6,285.2,22
4,231.3,98
2,702.4,3854
6,1865.9,4311
5,506.5,555
5,3093.5,14596
2,1288.4,12854
9,516,13
6,3983.3,19498
5,4583.7,31395
2,1424.9,11056
3,921.5,3343
4,5990.2,62828
4,250,690
3,5518.5,88045
3,249.9,1277
2,938.1,7794
4,458.3,805
2,598.3,2113
3,314,202
6,899,2353
4,2878.3,17401
3,661.3,5025
5,799.8,3285
7,546.6,76
3,153.3,64
4,807.5,1527
7,393.2,48
5,566.6,2028
6,271.9,67
5,2329.2,12587
5,1213.2,1300
5,2034.3,10493
4,910.5,1041
5,1792.6,6011
4,613.5,53452
8,1950.7,2611
5,1133.1,1793
2,2244.5,86649
4,1162.8,7244
5,2599.5,43936
9,1247.3,1577
3,1108.8,7417
5,168.3,80
3,1211.5,5520
5,485.8,3797
4,1380.1,3585
4,4861.5,43515
8,969,798
4,1447.3,4787
7,1228.8,2732
5,909,3013
4,1351,9888
5,496.8,601
4,415.4,3941
4,509.2,2018
4,240.8,936
6,450.1,2122
6,531.1,506
5,478.5,123
7,360.7,432
3,1666.3,18023
7,1351.7,3433
4,568.1,4811
8,504.8,75
4,3126.1,21253
3,451.2,2584
5,1990.2,10267
3,673.3,1029
4,415.9,327
6,1080.1,3107
4,1674.4,8960
6,306.9,181
6,4554.1,25301
8,1771.4,4108
4,488.1,3645
3,4544.4,238760
4,424.3,1540
4,1469,11488
7,755.7,165
7,835.3,697
6,185.7,1
2,247.3,1153
4,411.9,305
5,2237.8,12176
6,4233.2,21893
6,248.6,75
5,1741.4,3850
4,1177.2,3584
12,1329.7,517
2,231.8,1001
6,548.2,160
5,943.7,1394
2,139.5,70
4,603.5,512
3,224.4,85
13,1497.1,224
6,3649.9,21160
4,1827.7,5139
6,177.7,175
4,244.6,186
5,596.1,740
7,333.3,160
3,6628.1,151389
5,240.3,95
2,1608.9,27252
6,1388.5,3654
11,2814.6,1698
3,964.1,7342
3,1023,4889
5,2538.1,16708
7,2704.8,12684
2,996.3,6815
3,6171.2,90211
3,707,3710
6,603.3,1267
3,357.2,956
3,3740.8,40133
3,3359.3,39111
4,2355.5,15024
6,2466.7,11131
4,378.7,379
4,6538.4,84861
4,250.9,173
3,1469.1,13027
5,2069.1,9702
3,400.6,713
7,702.1,274
3,1291.3,8267
8,940.6,397
5,252.1,87
3,492.5,3134
4,192.8,13
5,1851.1,8161
6,1879.5,3232
4,2662.5,12666
7,796.9,1789
5,533.8,487
5,2318.3,6001
3,728.2,1544
3,412.5,496
4,345.4,741
4,2343.4,563081
4,450.3,880
4,3195.6,24534
5,575.7,422
2,207.1,212
6,1613,2788
4,319.9,122
6,1002.2,3737
2,1008.7,8549
6,708.5,7469
2,344.9,1435
3,1167.2,7456
5,1079.3,4497
2,1494.5,24547
8,4515.6,16901
10,1986.5,1442
5,180.1,1
4,388.8,713
3,359.7,829
3,5010.8,72128
6,251.9,55
3,623.1,755
6,3717.5,13014
5,5390.5,33469
5,309,238
3,304.2,332
2,263.3,346
5,6530.3,58916
5,862.5,1111
3,410.5,1175
3,5144.1,127561
3,385.8,668
3,2803.8,24631
5,3128.6,18782
5,157.5,36
3,1405.5,6996
2,952.6,15770
3,473.9,2518
4,570.6,5172
6,509,271
3,2154.7,25073
5,696.8,1263
4,4985,68374
2,901.3,8628
5,337.7,335
3,511.7,1787
6,294.7,126
4,1374.4,11446
4,2397.5,17049
5,1043.6,2484
2,219.2,383
6,480.8,88
3,3555.7,48331
2,135.4,119
6,1201,1991
2,192.5,669
6,395.8,160
6,363.3,82
2,1457.9,27732
3,419.6,620
2,3421.5,78248
3,4572.4,57962
4,803.5,3179
4,352.5,614
4,1745.1,7467
4,1025.8,13168
5,857.4,2086
4,1525.1,8103
3,826.1,50678
5,1328,6071
5,357.4,161
4,271.7,275
4,1591.2,9836
4,2358.4,19877
7,524,161
5,518.6,344
3,12131.4,239431
4,5693.4,82578
5,321.2,195
6,2111,8327
5,2206.4,6546
5,684.9,1767
5,1049,3086
6,760.5,2331
3,557.5,2180
6,1478.9,4394
4,235.5,171
3,626,19003
2,1195.6,13449
5,3538.5,28433
6,204.1,4
3,3012.2,77677
4,176,9
5,1162.8,2507
3,285.5,447
4,3474.1,25344
7,227.6,58
7,190.1,2
2,2017.1,26550
6,813.3,2783
2,5022.5,467343
5,1187.2,2808
4,277.5,50
6,1461.7,3468
3,1414.9,13177
7,1650,1700
4,475.6,1017
5,1244.2,2494
8,1308.1,596
3,564.1,1193
5,337,360
2,11704.1,804431
5,4336.9,39882
4,695.3,712
3,478.9,3887
5,818.3,2014
4,5423.3,58251
3,1484.7,10801
5,367.3,604
2,290,1175
4,525.7,1380
3,298.3,325
6,1150.2,1509
2,10250.9,1595487
6,1773.8,5970
5,2472.8,12863
2,999.9,27541
3,1137.8,7306
3,7995.4,728375
2,436.4,7565
4,130.7,0
5,1644.4,6510
2,4193.6,91677
6,3325.8,17667
3,847.8,5007
6,1366.2,1359
4,233.8,438
5,968.5,2407
6,2970.1,11201
2,416.2,2053
4,3774.8,358236
4,2410,15331
4,7256.7,94185
4,4559.8,369103
6,5630.9,31608
3,1297.8,22350
6,9320,86988
5,1342.9,2122
2,872.9,7952
7,176.6,0
5,1087.2,2903
3,921.3,2543
4,2060.6,10575
5,9215.6,109211
5,12738.8,411100
4,455.4,3135
4,10123.9,772012
2,1069.2,37032
3,569.8,4088
5,4188.3,22439
4,2250.5,7748
3,4821.1,64807
3,831.1,9004
5,431.5,446
5,882.9,1907
8,2330.4,4142
3,122.3,2
2,512.5,2973
5,1811.9,8838
5,2115.8,10355
5,546.5,1024
5,1879.3,10144
4,545.7,916
2,2899.9,1065636
4,2787.7,17027
6,751.7,282
3,299.6,253
3,973.5,3306
3,323.7,1984
2,752.6,8086
7,4966.8,24732
3,4396.5,68459
4,9067.7,212003
3,840.1,337555
3,719.9,2815
4,363.6,336
3,317,1281
4,402.9,943
3,2046.9,17574
5,296.6,80
3,1184.7,17496
6,972.9,1714
2,2565.8,67120
3,485.4,2202
5,823.5,1406
4,5440.4,57998
3,7176,273590
6,224.9,74
5,1090.5,1461
5,698.7,1444
6,1756.8,4223
4,500.8,2094
3,541.7,6242
5,1177.2,2023
3,231.6,132
5,272.3,601
2,277,2417
4,266.3,834
7,595.3,151
4,426.8,1539
3,918.3,8988
6,600.8,812
5,909.2,1141
2,2843.7,80633
4,154.9,210
3,479.6,913
4,153.4,28
4,182.2,41
3,475.9,1844
3,1538.9,8256
5,169.4,0
5,773.4,3004
3,150.4,315
4,1192.7,4053
2,23045.1,2452383
6,331.9,99
2,2741.1,38485
4,486.8,813
6,1077.9,2848
6,1232.6,1708
6,341.6,101
5,644.6,328
4,512.1,845
3,2572,70970
6,9733.7,88148
5,4368.4,29591
5,299.9,469
4,596.3,1341
6,5820,32019
5,708.8,421
5,320.4,5027
7,2221.5,7687
5,952.5,2241
5,1117.1,2504
7,2044.6,4201
3,1109.3,4594
5,342.7,176
5,929.4,2065
2,239.8,1450
2,217.8,612
6,1124.7,2087
5,753.5,1277
3,13909.6,951990
7,2212,7426
6,445.8,99
5,9232.9,142961
2,2057.5,29118
2,17021,977993
2,2433.1,126229
5,1362.2,3916
5,731.1,1806
4,180,102
5,1366.2,6013
6,2610.1,9934
3,487.7,548
4,6328.3,94528
4,2523.6,15236
2,290.4,1490
6,255,40
5,1101.4,3442
6,214.3,100
6,2978.3,11486
4,2476.4,11879
3,432.9,1339
3,3403.6,31341
6,204.2,29
4,267.9,23
4,426.2,416
3,4474.7,161745
5,897.7,2014
2,1986.7,52641
4,886.4,2643
6,833,1018
5,252.5,109
5,217.1,31
3,1722.5,9749
4,137.2,121
4,335.1,919
2,263.9,455
3,2543.1,14868
3,644.6,2324
3,636,4675
5,2769,13737
3,4134.6,55026
6,218.4,11
5,3847.8,24831
3,3199.9,29384
5,2514.4,10147
2,343,2804
4,232,54
2,10507.8,1219151
5,623.5,825
2,3149.2,45370
4,564.2,777
5,737.7,372
6,2005.3,4813
5,1053.7,2626
3,6468.3,104151
5,608.5,878
6,937.9,1066
2,1820.5,25607
3,274.9,1317
5,2902.4,13335
5,491.9,157
13,957.1,372
5,899,1564
4,1905,13061
5,1328.2,2995
2,339.4,1671
3,236.3,324
2,2096.9,32784
2,1452.5,25121
2,1527.9,17701
3,20566.3,2367464
6,1043,2256
2,2310.9,32563
5,266.5,163
5,735.5,1230
5,15292.9,598423
3,1849.2,8162
4,3463.1,55790
5,2941.9,13288
3,4004.4,199182
2,1153,13485
7,359.4,22
8,377.1,168
5,454.8,108
3,322.5,527
7,1421.3,1978
5,153,0
5,664.2,1308
11,673.6,50
6,1734.5,6581
7,6166.6,28407
3,6256,105769
6,9228.5,89522
3,335.6,684
3,2639.4,20522
4,2281.2,24928
5,4263.2,27461
3,2022,17007
4,2361.2,11232
5,361.5,319
7,209.9,14
3,233.4,175
2,335.4,3905
4,259.1,335
3,156.3,835
7,373.6,27
4,1981,9693
6,3133.3,9853
4,649,18461
5,1538.8,3113
6,577.6,543
5,823.2,1469
5,238.8,350
8,504.9,151
4,243.6,72
3,432.2,3457
6,1801.2,5674
2,1365.5,76978
4,207.7,14
13,394,16
2,309.5,2863
2,1177.5,12704
5,1049.5,1733
6,392,683
3,566.4,6783
4,2174.1,18233
7,2501.7,6732
2,275.4,1974
5,1280.9,2799
2,12462.2,432805
4,5030.1,57405
5,5397.2,45811
3,1247.5,5505
5,1612.6,262347
5,1439.5,3785
5,1452.1,4737
5,186.4,310
5,6032.2,49689
3,806.1,1416
3,521.4,2922
6,598.8,245
6,319.9,93
7,868.2,559
5,421.1,469
4,1236,2970
6,232.7,53
4,1493,4770
5,1352.2,4121
3,206.5,273
7,1318.5,2326
5,649.5,2143
3,4393.4,383947
4,933.5,2619
4,547.3,1363
4,325.8,197
6,567,55
3,364.5,750
6,459,2188
3,436.8,2264
4,393.4,4013
8,255.3,20
6,1105.2,880
2,1023.3,17147
5,982.7,2069
4,552.8,1396
4,589.4,4198
4,185,109
6,1886.1,6708
7,346.5,37
3,201.9,298
8,296.3,15
6,792.2,859
4,974.2,3611
4,4694.1,64161
3,2459,18490
3,388,575
5,2850.7,8589
5,1954.4,7343
5,213.6,243
6,277.9,45
3,3889.7,238217
9,1728.5,724
4,1263.4,2153
8,471.1,98
3,3462.8,119193
2,501.9,5851
5,1857.9,7661
5,695.3,899
4,1216.8,5657
5,196.1,10
3,2366.6,18716
4,664.8,3495
5,6184.6,56722
5,555.2,242
2,278.3,1361
2,724.5,9763
5,220.5,1585
3,3780.1,61111
3,226.4,373
3,624.1,1644
8,481.4,23
5,1560.9,6841
5,7382.6,79205
8,2217.6,7528
2,233.1,1343
5,2271.1,6623
3,236.8,756
3,181.1,88
2,1717.2,23425
3,224.4,243
5,2247,11139
8,465.1,15
4,4341.1,40375
5,171.6,20
7,408.6,37
2,832.5,12530
6,292,59
7,2305,8892
6,2464,7629
3,3387.4,34968
6,849.9,1316
6,1574.4,3532
4,487.4,363
5,365.9,494
5,7949.5,241623
6,1592.5,5723
2,719.8,7047
5,869,1038
4,5555.7,51408
4,3048.3,27489
3,251.5,304
4,177.2,371
2,1557.4,17664
6,594,1039
4,4614.1,440715
7,6045.1,36873
4,676.1,1286
3,968.1,6295
5,851.4,439
2,249.8,337
4,171.9,18
5,1592.2,7584
5,607.4,1716
7,2511.4,3128
5,1190.7,2225
8,2303.8,7256
4,5150.2,82804
6,865.6,1428
3,438.1,2143
3,2600.8,23584
4,2705.2,20839
4,347.7,372
2,2146,30033
6,1063.6,1578
3,1480.4,5520
8,2009.8,4442
5,689.2,1157
5,2441,10875
3,668.4,3159
8,1425,18413
4,589.3,1283
4,643.7,1568
5,2935.6,22998
6,12199.5,122388
4,1134.3,4691
8,1453.8,1590
2,323.7,1955
3,398.2,244
3,1129.9,5955
3,15687.9,784218
5,180.6,26
7,262.8,12
8,340.9,75
6,1779.5,4751
4,3424.5,21422
6,457,315
6,875.6,435
5,2109.3,6800
5,277.7,27
3,18135.7,575815
3,3464.6,46883
2,771.4,3490
4,350.5,267
5,2250.1,8145
2,177.1,449
4,4092.7,61108
9,3496.7,4477
6,877,1219
5,503.5,1260
2,141.8,408
3,608.5,1300
2,1104.9,12724
5,1116.5,4710
2,2080.6,29438
6,1078.2,995
2,147.6,31
3,307.5,443
6,192.1,11
7,646.3,133
6,16488,231255
2,275.6,683
5,199.2,64
4,190.4,55
3,1170.7,11266
5,1106.2,5285
4,860.5,4068
3,1317.3,5189
4,1180.7,5549
2,141.9,199
4,1086.3,4217
6,1728.3,3586
2,288.7,3538
4,2901.8,14559
5,1967.4,8272
2,232.6,811
6,2108.3,9435
5,420.7,106
5,580.5,1312
3,2653.8,30634
5,2361.7,7180
4,600,2554
5,1515.2,2887
5,466.1,147
4,530.4,475
5,329,222
3,416.6,791
5,508.6,1600
4,2650,13007
10,417.6,0
6,230.2,545
5,394.8,148
8,362,124
6,696.3,271
2,1516.3,26740
7,333,58
5,1961.3,12788
4,883.4,2692
4,1025.1,4862
4,1443.2,7997
4,1014.2,1446
3,584.7,947
5,232,543
4,789.5,2948
6,1200.5,3838
2,365.4,1153
4,1399.9,5828
5,9991,139134
2,265.9,310
3,2934.3,24365
4,414.3,550
7,178.1,28
4,2055,12473
5,1734.6,7651
5,326.2,300
5,751.9,461
6,3813.8,18090
6,1257.6,1158
4,371,382
3,6082.3,173755
3,1209.4,7765
2,1699.6,18622
4,2297.9,17308
3,421.9,5281
4,1580.1,6961
3,7296.2,171224
5,967,6092
3,440.3,608
5,3456.2,17781
5,395.2,203
3,2715.4,24675
6,890.4,1716
6,774.3,352
6,502,128
3,286.3,730
10,169,5
5,4648.1,32194
3,2219,16859
3,2270.2,254495
2,1084,14468
3,829.3,4555
3,858.7,2102
6,1372.5,2787
4,2052.6,19840
8,1051.5,440
5,1334.7,5188
3,366.6,867
5,1576.6,3642
5,307.8,751
5,795.7,890
5,285.7,36
6,831.8,2352
6,246.5,10
4,3955.7,137094
3,378,2349
2,1446.5,21338
4,1738.8,9529
4,341.4,845
3,993.1,7339
5,1690.6,8675
3,285.7,180
4,954.5,76049
6,671,284
5,4475.8,43106
4,2496.7,24663
5,199.7,7
6,1739.3,3260
6,1584,2975
9,1281,1040
4,3254.1,52413
6,248,15
7,620.2,96
5,350.5,365
4,1115.8,6019
5,246.3,60
3,2218.7,20934
6,1098.3,3286
3,352.2,1818
4,2530.9,23935
5,844,1628
6,7430.3,225117
4,900.6,1565
2,536.9,6209
5,250,51
5,345.4,642
3,10954.8,938745
3,246.2,398
4,697.8,1508
4,514.4,668
6,1371.7,3319
2,546.4,4325
6,1591.4,3718
3,2885.7,33045
6,2946.6,12353
4,215.9,43
5,944.9,853
4,1186.9,2853
3,353.5,1624
4,3121.5,19769
5,2035.6,16605
6,1163.6,3824
3,9832.8,191792
7,715.6,296
3,243.6,3366
10,2612,6750
5,1890.5,6187
2,2647.1,49229
3,2171.2,12935
4,1229.7,7278
3,189.3,438
12,1015.7,1282
7,4797.8,25012
5,1548.1,3622
2,5573.4,182926
4,2810.2,24413
3,2648.9,23975
4,1202.5,1783
6,674.8,381
5,215.4,30
4,744.2,1507
3,1978,12247
7,1512.6,1638
5,261.9,24
3,671,1581
4,308.9,771
3,554.9,1401
4,965.4,3919
6,939.7,1888
3,502.6,1296
4,1246.7,3797
9,316.4,16
4,314.7,41
6,590.4,543
5,821.6,701
6,479.5,160
5,494,942
5,1468.1,6886
6,415.6,112
2,5364.4,113373
5,620.6,618
4,6395.2,98310
3,636.1,5395
3,868.3,25604
2,4507.9,186730
6,2386.9,5931
9,464.9,397
3,1286.9,10325
2,455.4,2580
2,195.3,1444
3,8049.8,302863
2,338.6,1068
6,279.5,0
2,1759.1,19303
2,680,8233
6,372.3,330
3,241.6,255
3,292,1897
4,1279.2,6053
8,288.9,60
2,1184.5,8911
6,633.2,1664
2,454.2,2906
6,1683.5,6187
5,431.1,688
2,520.2,2129
2,423,1137
5,802.8,4339
5,404.2,367
10,212.6,0
8,2629.6,2945
4,3685.8,27274
3,4097.8,57452
5,717.8,588
3,1604.6,22765
7,469.9,570
6,570.3,427
3,417.3,4683
3,466.9,540
3,406.4,403
5,907.4,3262
7,314,37
2,389.9,1647
5,1749,6085
5,966.3,1404
5,4870.9,36851
6,1588.3,4371
3,271.4,653
3,1918.4,13003
2,2010.3,48768
3,3218,39650
4,1027.1,5192
11,2047.4,1312
2,643.7,8689
2,13707.5,1243639
4,299.2,54
4,1539.9,12814
6,1260.6,2788
2,1224,19244
4,579,291
2,272.9,2349
5,423.5,57
5,422.3,419
4,540.1,879
3,2254.1,18960
6,3096.1,9335
3,431.6,874
2,1483.5,16044
5,4859.2,45953
3,376.9,681
2,2946.9,68894
4,2602.5,33059
7,351.1,14
6,2101.4,2804
3,291.2,551
3,592.5,3528
4,825.6,1308
4,458.1,412
4,1471.2,10070
3,2034.5,17556
5,443.7,59
7,328.1,51
4,1392,5817
3,929.2,7350
4,4451.9,60733
6,1690.1,9158
4,408.3,2226
4,545.3,698
6,3918,24552
3,653.7,2646
5,5628.3,62215
2,7118.6,226185
4,508.4,2723
2,1210.3,51543
4,184.9,46
3,463,2168
2,2525.2,33595
4,377.9,1823
3,3659.6,47617
6,210.8,26
2,2744.8,37442
3,1262.2,7676
3,234.8,183
2,250.4,1369
7,757.7,1275
5,1082.6,1784
4,651,1712
2,6245.7,284512
6,414.1,130
4,1462.5,11002
7,632.2,563
5,1442.1,7342
5,184.1,48
8,3894.3,16649
3,9191.1,190040
4,597,307
6,990,9306
3,931.6,4833
5,295.6,394
3,2611.8,24827
3,1117.5,19953
5,281.4,70
5,1094.4,2875
6,436.9,628
6,409.7,225
5,731.4,2225
2,251.9,1288
3,640.6,1615
4,2823.3,15003
5,712.3,2828
4,2069.8,160942
5,306.8,202
6,239.9,11
7,532.6,170
5,1659.6,3869
4,1469.5,9873
6,3285.2,10719
8,1537.4,1178
7,522,168
6,289,103
4,1290.8,5061
6,1025.3,1385
2,406.8,7178
2,396.9,4467
4,7965,97125
3,676.1,5619
4,960.5,5258
2,772.1,15312
6,857.2,355
3,6604.2,114091
3,3883.1,47417
5,689.9,492
2,273.5,3593
6,1163.2,3185
4,2814.8,15265
6,211,5
12,5855.5,10025
7,647.3,269
4,1988.8,8280
5,1785.4,4896
5,3791.6,20902
6,650.9,1134
2,10046.6,293062
3,7206.5,327220
5,314.9,42
6,277.8,92
4,2025.3,9963
6,2136.9,3894
3,5448.9,131595
3,953.5,4666
6,5276.9,38548
2,612.7,2989
7,665,730
3,1193.1,14435
5,480.2,953
4,169.6,33
6,319.1,48
3,239,163
5,573.3,723
8,1371.1,971
5,1452.2,8254
2,197.2,582
5,984.9,1470
3,595.3,1316
4,258.9,62
3,228.6,362
2,1003,9179
4,2361.4,24790
3,3430.8,37811
2,831,33015
3,454.8,5524
6,777.8,432
2,231.6,1164
2,2893.3,62249
3,183.5,165
5,2414.5,10742
3,399.8,363
4,1473.4,15492
4,1863.5,6573
6,193.9,14
3,851.4,4301
7,278,34
2,443.5,2877
3,210.9,210
2,1502.6,24955
6,5646.7,29979
5,365.4,417
3,946.8,2163
2,1202.8,19956
5,148.6,2
5,679.6,422
5,338.1,77
7,1310.8,2152
4,935.4,6223
5,588.7,2113
5,1600.3,9002
6,503.8,446
3,631.1,5176
2,154.6,349
5,155.5,1
7,625.9,161
4,1971.7,14582
6,498.3,183
7,1346.5,1549
4,3746.7,41205
5,331.3,128
3,9024.8,409276
3,938.7,9089
4,284.4,727
2,286.8,4081
3,3550.4,409874
4,687.8,1855
3,478,4556
8,572.4,443
4,218.5,308
8,3443.8,7982
7,2669.5,6080
2,1535,22492
3,378.4,642
2,3336.9,64036
5,214.2,37
3,263.4,470
2,428.8,2621
6,256.2,164
6,164,5
2,5279,104150
3,241.3,290
3,637.2,2063
3,211.9,107
4,206.9,303
14,989.5,361
3,2220.7,388065
3,2024.5,20667
2,615.9,5983
6,984.9,2357
2,2318.8,48825
4,177.8,59
3,2221.9,24344
3,1308.4,7870
3,1141.7,14878
3,1350.3,9598
4,225.8,57
5,549.3,193
4,2613.5,9057
2,340.9,1770
4,409.7,137
4,1929,23529
3,307.3,794
6,219.7,33
3,1774.1,13931
4,193.5,86
3,952.8,7795
5,5144.5,36005
4,286.3,92
3,259.8,678
3,1952.4,32186
3,232,138
8,633.1,60
4,959.3,4610
8,505.6,965
2,8631.4,243000
2,4712.3,164872
7,407.3,82
5,945.8,1778
5,2537.4,12323
2,377.2,2485
4,938.1,4569
4,2322.5,7788
4,313.5,183
5,171.1,12
8,1425.7,1297
3,1234.8,20759
6,479.9,241
3,273.7,190
9,6993.6,18991
5,309,145
5,5046.3,44964
3,877,3526
2,434.8,1735
3,989.9,5534
4,2733,26444
6,2348.8,7207
5,2222.7,16712
5,447.2,1085
5,2004.1,32068
2,15997.4,604574
6,998.2,973
3,195.2,313
2,645.8,4105
4,451.9,1879
5,649.9,1305
5,919.6,2512
8,436.1,39
4,2368.9,13219
4,3985.7,36098
6,2276.8,10782
4,1323.9,3698
6,563.3,1436
2,505.9,6395
4,541.9,2027
3,2477.6,33009
2,863.6,6313
5,445.4,1084
4,351.7,853
2,828.8,19176
4,931.3,1996
3,1993.8,17501
5,347.1,229
4,4727.2,64583
5,783,994
9,393.1,268
5,1500.3,3883
9,237.7,0
4,452.4,1821
2,2172.1,27213
5,387.8,679
2,981.1,7562
3,1277.4,13381
4,3156.9,22422
4,566.6,922
6,2366.2,4407
6,812.4,633
4,749.5,3028
6,443.5,127
7,156.4,3
3,5137.3,200173
5,1427.1,2237
7,4301,11875
5,2184.1,7062
2,4242.1,194711
3,6692.3,150483
4,389.8,1072
3,232.5,1500
3,196.4,136
4,433.9,309
5,2419.8,9900
4,848.7,910
8,700.2,1204
3,2401.3,25466
5,460.9,229
3,772.5,8669
4,4805.7,46142
5,11796.8,998076
2,400.7,2792
3,743.2,2173
4,476.7,1802
6,699.6,1227
5,1698.8,5088
3,247.7,538
4,1323.4,6065
6,212.8,70
2,226.4,917
6,205,66
3,961.5,3484
3,2474.1,19301
2,1054.4,13399
4,787.7,1173
4,1808.1,11372
2,12538.7,374044
3,1586.5,11931
5,768.5,1394
5,1719.6,4424
8,2207.2,4996
9,3666.4,4264
5,2789.7,11544
6,708.9,387
3,1226.3,4858
3,345.8,381
5,197.3,28
5,2000.6,11385
4,453.8,940
4,864.2,1980
8,528,96
7,4052.1,19029
3,470.4,4136
4,549.6,300
6,815.2,1555
5,402.7,111
5,1778.9,6184
6,1185.1,1407
4,249.6,442
3,3731.3,66122
4,2786.8,22545
4,730.5,4184
5,357.4,54
5,1255.8,2144
3,477.6,4556
4,280.9,1475
6,436,676
7,1000.1,479
4,458.6,337
2,1837.9,29947
2,502.8,3992
3,528.2,1535
3,4945.1,166968
3,904.1,10865
3,287.7,227
5,486,300
2,3481.8,61632
6,300.2,108
5,950.9,4993
6,344.2,570
5,873.8,2797
6,344.6,67
8,917.8,304
4,656.5,3355
3,519.2,1862
4,284.6,35
4,1423.7,3160
4,2356.2,12883
6,1360.8,2727
5,1289.1,5094
6,1152.3,3722
3,1016.2,12679
5,5188.7,139993
3,838.7,10942
7,381.2,704
7,582.2,230
2,924.3,12831
3,348.5,7214
6,231.6,259
5,783.5,925
5,8127,110487
2,1290.1,17255
5,1627,5784
3,202.8,272
5,1238.3,2230
3,518.5,1831
5,1840.1,27724
2,2380.6,123596
3,1629.6,10314
7,1615.8,1709
3,343.9,631
5,518.7,403
5,2095.3,14224
5,702.4,1055
3,4835.8,44279
6,1661.5,10837
6,617,266
5,315.4,96
2,2887.9,54224
4,2081.4,11537
4,1292,3780
2,1480.6,36275
2,3173,71728
3,680.7,3451
4,496.1,1049
3,1021.5,1781
2,3852.2,176522
2,992.5,19166
3,890.5,4853
5,2661.8,13377
4,199.1,109
3,1084.4,7491
5,1029.9,1905
3,438.9,1463
2,635.2,3286
6,497.7,172
4,916.9,3302
7,1612.1,2722
4,1323.6,10671
3,201.1,138
5,2276.5,14313
2,215.7,1480
6,1605.6,6169
2,220.5,920
4,5222.3,69077
2,598.9,3717
6,3143.4,7916
3,1859.8,13594
9,662.2,634
6,832.8,2362
3,257.1,2564
5,10097.1,163617
2,1320.2,21416
6,144.5,3
7,1884.3,1737
3,3282.1,96515
6,698.7,805
6,892.2,336
3,1710.9,8769
4,1155.4,5514
5,909.3,7568
5,922.5,2545
5,163.9,2
6,719.3,867
4,1843,8766
4,623.9,679
4,6055.4,64602
5,461.8,169
6,355.4,28
3,191.6,101
5,1912.9,12380
3,324,487
4,3670.4,766380
4,282,83
5,464.6,802
8,2197,3528
2,4174.1,68974
4,613.3,3584
4,187.1,117
4,302.9,705
2,173.9,152
4,2556.5,20981
10,5031.7,14992
4,5421.4,77358
7,407.8,310
3,948.7,24437
2,4787.1,98197
4,232.8,532
3,1235.7,6945
7,647.2,346
5,990.4,2249
4,337.2,490
5,286.8,387
5,389.5,317
3,909.6,2502
5,978,2350
2,627.8,3147
7,336,44
4,218,77
8,1061.3,2620
4,4796.4,39380
5,2442.3,8940
5,206.9,220
6,1355.5,1851
4,603.8,1623
6,3445.5,13007
6,341,31
5,978.1,3792
5,278,169
6,548.4,923
3,4001.7,73225
6,450.8,69
3,604,1870
5,459.1,937
2,859.6,13114
5,253.7,35
5,657.3,477
5,788.3,2111
4,2005.7,8168
2,485.8,6316
4,1620.1,3555
7,244.4,101
5,894.1,2586
3,386.2,3895
2,4624.3,667838
3,1293.5,6412
6,814.7,1888
2,4829.2,110105
4,331.5,247
4,3280.2,43172
6,1930.2,7459
4,880.3,1368
5,2045.8,8469
4,1279.5,14553
7,1326.8,2713
6,594.4,596
3,4113.6,61347
5,227.7,102
6,2091.7,7467
6,506.5,125
2,320,3443
4,357,615
6,632.6,155
3,267.7,161
2,1490.8,19377
2,2999.7,57137
3,478.6,1811
6,259.5,413
7,1122.8,1779
2,382.9,2053
6,1144.1,1489
4,2938.8,31027
3,1782.2,16309
3,6601.2,100642
3,596.9,1333
2,1329.2,32037
5,4947.2,124690
2,5166.9,144639
6,349.5,158
3,8401.7,158026
6,231.5,241
2,200.4,784
6,317.1,328
5,631,1590
2,408.4,2099
2,809,6537
6,226.2,29
8,779.9,1245
5,538.8,813
5,2067.4,5907
3,543.2,1284
5,197.6,23
4,389.9,358
3,2126.6,24132
5,628.7,1245
3,1795.9,12359
6,471.7,524
4,223.9,120
6,2791.4,27896
6,3523.1,13389
3,8619.7,573313
6,2438.5,7035
4,694.7,1572
5,1529,4232
4,303.3,623
4,315.4,1660
8,311.6,26
4,146,24
2,3720.8,64108
4,1966.3,21410
4,275,93
3,548.9,2601
5,1225.5,13073
5,938.1,1280
3,242.4,611
6,463.3,16
4,134.5,87
3,827.1,2610
3,346.8,535
5,180.2,24
4,736.6,1743
5,1065.7,4567
6,187.4,27
3,7450.7,148129
4,189.7,64
3,821.8,37258
4,3414.8,27971
4,437.8,1201
4,4331.6,33255
5,420.2,580
5,395.2,544
3,5068.7,118916
3,12808.7,491774
2,1959.4,23226
2,1066.6,14564
6,1090.6,1589
2,213.4,9254
2,5234.6,127928
3,4338.1,52103
6,320.1,58
3,162.4,105
3,842.6,7369
8,2221.1,4698
5,2549.3,16008
4,1195.4,5389
7,815.9,239
2,12895.3,587068
5,296.4,115
8,2474.9,5434
4,231.9,210
5,963.9,2300
5,1256,3191
5,454.2,673
4,2171.2,14194
2,1809.8,38336
3,275.6,1503
7,1820.2,2598
5,439.8,2268
5,4686.1,40931
3,2310.2,20721
2,217.9,319
5,3955.3,21761
5,2207.3,6893
12,223,8
4,2043.2,20910
5,486.2,320
6,1351.2,1106
3,8503.5,607897
3,2294,13930
4,1397.9,6803
3,2830.2,37549
4,594.3,2599
7,659.4,183
7,2208,5607
4,833.4,1731
4,314.2,206
3,321.8,233
3,1011.8,4864
4,1439.8,9197
4,982.1,2837
7,5085.9,16530
4,5999.8,618643
5,657.9,750
6,161,8
5,7619.2,83249
2,1305,17877
3,501.2,1297
2,2135.9,356246
2,8359.2,288742
4,208.8,44
6,804.5,1150
5,441,389
2,629.1,3487
6,1387.8,2726
2,5567.3,113135
3,216.2,288
5,757.9,1128
6,554.7,263
3,597.5,2759
4,2434.5,16979
3,352.1,346
4,832.6,7059
4,2274.7,12399
2,466.5,1420
3,4551.7,63354
3,822.9,4346
4,1625.7,8864
4,504,1268
5,399.1,550
5,559.9,455
3,4757.4,95379
5,1344.6,6373
5,2826.8,10812
5,5099.5,46122
3,306,503
4,3647.2,40486
5,418.6,891
2,644.3,3344
5,2215.2,10755
8,1934,5493
4,15966,301900
2,2022.2,36375
2,1343.5,11614
8,1339.6,952
4,1811.7,5356
3,1071.8,13067
7,291.9,5
2,1653.9,104754
5,1063.7,2907
3,1329,6420
4,686,1916
6,1562.9,4186
3,2114.9,13826
5,252.6,273
3,305.1,1193
3,314.2,755
6,1955.8,2897
2,977.9,13814
6,1029.9,1193
5,3690.7,26335
10,4931.5,11778
2,590.5,2619
5,1745.7,13893
6,327.5,823
5,3480.9,21997
2,4172.2,99510
6,589.3,589
8,1596.1,2384
5,3114.7,26455
2,242.6,279
5,683.3,1680
7,658.4,1392
7,1069.7,595
4,4221.4,57012
6,6685.4,76119
7,2079.6,3020
2,2453.7,25205
4,694.6,589
5,501.9,143
5,918.5,6505
2,409.7,2039
3,780.7,5651
5,731.9,1100
5,285.1,116
5,308.5,54
2,907.6,3748
6,186.6,14
3,544.9,1587
3,2545,22045
6,865.2,12133
4,2508.7,18468
2,297,2742
4,1591.8,7522
5,198.2,5
4,2072.3,8450
5,1673.3,5126
6,1297.7,3716
6,4357.1,22395
7,3253.5,12154
5,12702.7,176121
5,260.1,234
5,932.9,2484
5,2209.2,5749
5,199.1,121
4,303,142
4,417.6,265
3,365.9,4504
5,176.8,43
5,1172.3,2921
2,372.9,2002
3,778.3,23557
5,2543.1,10803
3,10636.1,398948
4,478,893
4,239.5,452
6,1239.5,3085
4,1380.7,8314
6,5328.7,28534
2,264.1,2214
2,283.8,3626
7,2143.2,3753
6,335.8,919
4,6568.9,67851
6,522.3,140
4,175.7,108
4,1656.2,11192
2,202.8,795
4,1289.1,5335
2,4267.4,123290
6,183.7,8
6,510,120
4,601.9,310
3,9020,165146
3,131.9,0
4,299.9,170
6,701.8,1161
6,909.3,2403
2,984.8,16620
6,357.2,33
5,751.2,715
6,802.3,957
9,259.2,117
5,1340,4254
3,373.1,3066
5,1044.2,4069
5,292.9,367
4,418.2,857
4,567.3,2332
6,703.6,1093
3,235,93
3,319,673
7,381.1,36
2,1523.4,23308
6,2899.5,11940
4,265.5,116
4,2610.4,28588
4,645.9,621
2,1339.3,21293
3,400.5,2434
3,355.3,1883
2,1279.5,12493
5,12661.7,1184568
6,1441.8,2489
4,134.7,8
4,333.2,2080
6,1175.4,526
4,2526,18030
5,3752.7,26120
7,627.6,1961
6,648,908
5,489.2,344
6,6939.6,48164
2,10187.9,382746
6,2394.4,6548
4,2487.9,13685
8,2132.5,4088
7,1756.3,3348
9,3198.7,4546
4,4196.7,37652
7,1050.9,447
5,1958.5,9401
9,1837.5,998
5,596.2,174
3,10948.7,411790
2,3643.3,431934
5,539,416
6,1902.5,4907
8,2052.4,3272
3,289.9,393
7,2484.7,7383
3,7948.3,454521
5,921.3,1168
4,479.5,553
5,1760.8,5264
5,2034.5,10988
6,390.2,739
6,526.9,1901
2,429,4427
4,1552.3,9807
3,667.8,6188
3,356.3,780
5,3147.2,17775
7,237.5,25
2,2369.6,30257
5,827.6,1537
4,4291.2,39129
6,889.6,559
6,6662.6,43681
6,135.7,14
2,332.1,1178
3,132.9,794
5,2469.1,8170
5,1427.9,3955
6,2637.6,8581
6,1307.3,2525
5,1486,11166
4,2570,23732
5,1950.2,6605
4,3690.2,30511
4,1167,2689
6,5060.6,22780
6,1073.8,934
3,2406.6,23488
4,256.7,425
2,258.8,438
3,12339,254877
4,9695.8,553280
4,344,513
4,329.5,702
2,2789.9,52749
3,622.6,2949
5,489.2,293
6,1462.1,3875
3,612.7,4736
2,3767.6,75920
6,2912.4,7128
4,1416.5,5552
3,794.2,7288
2,635.4,4397
4,1036.2,3675
4,281.3,1148
3,217.2,185
5,296.9,185
5,254.1,194
9,931.8,187
6,2152.8,4485
2,302.6,873
5,3525.8,28433
2,588.1,5510
2,966.1,10482
3,309.7,723
3,6902.3,155561
3,1899.7,18151
6,282.4,691
2,1734.4,15539
6,529.9,191
5,667.3,751
2,771.9,4588
5,2430.9,8988
3,349.6,1862
4,1096.6,4810
7,286.3,3
3,177,73
2,267.6,3170
5,961,1457
4,265.7,266
6,1872.3,3115
3,5041.9,63679
5,1728.9,7600
5,4769.2,28102
5,2487.2,7958
3,761.4,3001
6,335.7,109
5,447.1,431
6,710.9,339
3,216.1,293
3,549.2,2229
3,406.6,1460
5,214.7,40
6,466.5,148
7,1079.3,759
2,1204.4,14846
3,579.8,1757
8,208,0
2,200.1,174
5,410.3,190
5,3893.6,19271
3,2334.9,24594
2,169.4,94
5,270.1,160
5,545.7,523
4,421.1,242
8,2045.3,1842
2,633.5,8117
5,423.8,784
6,13025.9,129223
8,1668.8,1192
3,662.1,4588
6,852.7,1940
2,4216,79674
2,1207.8,9740
4,8925,157425
7,615.9,110
5,490.5,299
2,452.7,3528
5,8099.3,71448
2,378.7,3309
5,915,5301
9,273.2,115
6,636,834
3,2142.8,18075
3,327.4,1178
4,456.2,493
7,2369.1,6612
3,972.6,6153
2,4472.3,360888
6,1917.3,3744
4,269.3,482
3,1573.8,12467
3,239.2,1201
3,578,950
7,283.6,10
4,336,133
6,1240.3,3963
3,560.3,6429
3,1263.3,10817
3,267.2,120
4,529.8,1345
2,412.5,2718
5,294.5,172
3,473.9,1006
6,1073.6,3025
5,261.4,238
2,1925.6,16852
5,13988,469518
5,1073.4,2325
7,865.5,1266
5,9618.8,124956
2,961.3,81846
4,3827.2,20654
7,2953.8,15157
5,3979.5,29900
2,503.8,39164
2,287.2,2492
5,1453.5,11579
5,191.7,11
4,867.8,3700
5,1296,3419
5,1753.6,29675
5,206.6,138
4,2209.5,14637
6,228,21
4,1281.3,59349
5,1961,5422
4,1718,8512
6,179.3,8
7,504.3,259
2,591.5,4796
2,871.6,11792
6,4042.2,54870
5,358.3,297
3,1390.1,5433
6,1676,7543
2,463.6,3915
8,759.6,523
5,690.7,1645
5,749.4,1261
3,412.6,821
5,7479.7,79049
4,1226.3,7394
10,845.8,276
3,223.8,191
6,211.5,54
2,344,1048
6,605.8,1145
4,3211.9,24397
3,8047.7,133091
3,865.1,2252
5,180.7,140
3,349.3,347
4,2164.6,15423
8,217.6,21
2,841.5,6149
3,2991.6,29432
3,230.4,103
3,7357.8,178095
6,4068.3,29807
6,994.4,1733
6,309.2,69
3,406.9,13170
4,850.6,1898
3,360.8,810
2,670.3,3231
3,140.5,102
4,3022.8,34486
3,4312.2,57434
3,1781.6,9208
3,4592,80017
2,180.2,568
4,244.9,300
3,1497.7,8274
6,246.7,140
6,3156.6,9095
5,668.3,509
4,1233.9,3126
2,8827.3,318722
3,788.6,7267
6,1237.7,1370
9,2590,2158
2,696.6,6243
8,1057.5,2065
6,4036.7,28019
2,807.7,12033
7,5699.7,24763
6,2632.4,10624
5,1427.1,7422
5,176.3,57
4,343.2,602
2,257.8,2150
5,3025,19627
3,6734.1,273780
6,1564.2,7951
2,575.3,8797
3,650,2705
5,1878.2,5732
8,3371.8,8326
8,2520.1,3874
5,6903.7,149793
3,315.2,1084
5,2862.3,18312
5,348.5,246
8,1291.8,1983
6,375.2,109
3,2416.4,20452
4,362.3,357
6,389.1,638
5,2022.9,7835
3,553.6,1219
3,467.3,1266
2,718.5,5445
9,696,1021
6,293.4,1
8,1462.6,882
2,208.8,873
7,2332.6,5804
4,3413.7,34837
6,1093.2,1254
5,677.9,2417
2,1135.4,8747
7,143.5,3
5,3866.1,27878
5,742.3,1472
6,819.6,734
4,6400.4,79581
3,177.7,298
7,249.4,55
5,2139.9,6347
5,2278.6,8811
4,850.6,2894
5,2945.8,12463
3,2299.6,20855
2,654.5,10546
4,600.9,1163
6,370.6,194
5,199.8,79
4,208.8,157
4,1883.1,16546
4,159.9,32
4,5440.3,55231
2,197.3,145
5,927.3,3915
6,5379.8,35820
6,272.7,92
6,248.7,46
5,1527.7,2600
4,550,502
3,1176.3,8049
3,142.8,1115
5,776.5,1062
6,5236,56465
3,6827.8,286718
3,394.4,2190
2,665.7,4740
7,976.8,1244
4,1927.2,8667
3,3736,71537
4,2349.6,19467
4,361.3,543
4,567.6,871
7,968.6,1791
3,269.4,1238
4,415.4,1977
3,794,3098
3,512.2,1549
4,773.2,837
3,1542.3,8932
5,3899.8,18920
5,259.6,6
8,180.2,0
5,739.5,1762
2,1740.3,22607
4,275.9,262
2,406.3,5342
2,293.6,1604
4,6752,88406
7,1578.7,2877
3,446.9,8135
9,846.5,650
5,623.8,784
7,281,13
5,721,1221
4,1789.4,5895
4,1207.8,4407
3,3153.2,42182
3,236.7,168
6,2958.7,8792
2,8332.5,216030
3,2579,29881
3,225.4,289
6,5746.9,26861
5,624.8,271
3,5290.4,98509
3,257.1,1970
5,2356.8,7047
3,1444.9,18585
3,169.8,268
6,187.2,3
6,452.7,177
4,454.7,461
5,6298.3,51022
5,10333.1,131645
7,952.6,590
5,702.3,756
7,166.2,0
8,991.1,1791
4,219.1,129
7,221.7,111
2,2255.3,30868
2,356.9,2148
5,286.8,108
5,192.1,13
6,1348.8,1776
5,1124.1,4710
3,205.9,239
2,2973.8,129654
4,549.2,1148
3,260.3,1762
6,749.6,713
3,4652.4,517201
5,689.9,678
3,314.2,508
5,218,236
4,2223.6,26478
5,5695.4,54333
6,793.2,561
4,195.4,70
5,774.5,3516
2,1291.6,22784
7,237.4,2
7,297.9,23
3,661.9,2397
9,1119.7,1926
5,1362.5,4022
2,470.1,2825
6,148.1,0
2,717,2143
3,422.7,2807
3,1517.7,10325
5,1236.6,3922
3,216.1,1518
3,131.2,28
5,5938.3,59201
3,3828.1,40327
5,1140.9,3289
6,750.4,915
10,883.7,378
3,1997.4,18822
4,6248.2,70360
3,1081.9,4240
3,836.3,7199
4,457.6,1180
4,2439.9,16420
3,415,996
7,276,213
5,209.4,40
7,705,326
7,1724.5,1606
4,2792.9,24536
4,950.7,2350
3,6680.2,234801
3,553.4,1332
4,332.4,131
2,5137.8,126850
5,1308.8,2663
6,3651.3,14961
3,2368,14350
9,3220,7629
2,3488.1,88729
3,124.2,31
3,227.7,377
5,237.6,69
4,1415.3,6260
6,1349.5,8738
6,6607.5,45374
3,3726.5,61338
3,512.1,5283
5,1040.6,11145
2,1733.2,20107
3,6080.7,110098
5,706.9,295
5,11720.9,161402
4,2693.7,20886
2,1364.6,16818
5,1546.8,3541
2,373.7,1993
4,355.1,243
4,850.5,3963
4,1202,11268
2,3457.4,84381
6,2252.5,7462
6,1226.5,1869
7,4940.8,25211
5,1366.9,3372
5,694.1,2197
2,597.5,5907
4,1951.2,11166
4,485.7,612
5,1309.8,7430
2,253.4,917
4,5105.6,72766
4,936.1,2969
5,1706.4,7308
5,1258.6,2846
5,986.5,1935
5,175.6,25
5,3552.6,19870
5,4487.8,24016
5,2868.9,105776
5,7923.2,84826
4,832.3,2867
8,649.3,199
4,674.8,3291
6,431,50
4,1562,8697
6,743.1,478
2,225.6,1669
6,487.3,387
3,1407.7,26569
6,1411,4200
2,314.1,2141
4,192.6,84
4,180.1,14
6,1818.1,3267
9,2060,1737
4,1943.4,20500
5,4992.3,364098
3,1010.9,6704
3,3241,51268
4,2908.4,22563
3,1012.4,8349
3,13314.6,846215
2,270.4,1982
4,206.3,80
5,357.8,215
3,837.3,3353
4,392.3,405
5,1086.9,3323
9,227.1,6
6,757.8,891
4,10586.5,238890
10,1678.8,2164
7,2127.8,2836
3,1232.3,7848
4,1357,5142
5,856,1363
6,1290.8,5316
3,4656.2,75137
5,1989,8270
2,16080.5,1465760
4,5120,158554
5,260.3,113
4,3374.7,45805
6,1208.1,8818
5,155.4,59
3,1292.2,13240
4,679.1,4755
2,206.9,1158
7,1133.3,805
2,727.4,4919
4,1252.7,2816
2,452.5,4903
5,2763.7,183873
3,2540.6,30683
5,385.7,146
6,1276.2,2509
3,3097.9,46266
5,5046.8,93856
7,494.5,223
5,2276.5,11399
5,419,481
5,1041.4,5676
3,215.6,467
6,414.8,64
5,910.2,2795
2,473.3,2897
4,385.1,1609
2,953.8,13574
4,2836,15417
5,889.5,869
5,627.8,359
3,620.2,1795
4,446.2,1537
5,369.3,234
6,437.4,52
3,671.3,4644
4,13549.3,270971
5,236.7,19
3,386.2,511
6,227.5,183
2,340.2,988
6,146.9,67
5,507.9,60
9,214,0
5,548.9,309
3,427.9,563
3,989.8,7633
4,1722.5,14328
4,374.7,1150
5,3504.7,16405
2,857.1,7559
2,2589.2,47666
6,324.8,20
2,822.9,8238
5,1073.2,2751
4,671.2,79532
6,1262.2,3607
5,2137.6,10955
5,390.9,997
2,722.5,8995
5,1298.7,4431
5,2282.6,7405
6,2486.6,6409
2,21358.7,1900853
2,223.4,333
4,154.2,130
3,3998.3,268493
7,1002,1046
6,1904.6,3798
5,208.5,41
10,1366.4,1010
6,1851.6,5272
6,778.5,613
5,451.4,169
2,1562.9,25756
3,415.1,722
6,1569.2,3258
3,442.2,1529
5,2029.8,10198
2,7308.2,168314
2,1159.7,9039
6,1269.3,1373
5,258,145
6,199.1,21
3,1472.9,7752
7,6122.9,44238
5,370.4,80
3,2306.4,28043
3,18151.8,1622083
3,4138.1,57681
2,2490.6,60244
5,4057.7,32494
3,2431.5,24161
3,622.9,3174
5,1641.2,5386
3,1058.6,3643
5,306.8,179
6,196.8,1
3,6183,105452
10,6423.2,14964
7,1398.3,1075
5,7423.9,93100
6,407.7,210
7,273.3,39
5,384.1,288
6,3089.1,12908
6,424.1,109
3,429.2,2341
2,3767.7,63390
3,245.5,334
4,1995.9,13347
5,1821.7,8635
4,263.2,243
5,577.7,513
6,509.4,2024
4,321.2,141
2,1440.9,55840
4,485.6,609
5,292.9,47
3,2024.1,14200
4,1391.2,5594
3,713.3,3448
3,2455.3,26232
5,6620.6,53412
8,1308.1,1762
4,2003.5,17500
3,1410.4,7349
5,697.8,1571
7,463.7,83
4,2378.6,10880
3,940.8,15965
8,546.7,620
3,518.5,3545
7,626.7,345
6,2820.6,11169
2,373.8,6018
5,218.7,191
4,750.8,3893
4,2820.1,17839
3,256.3,265
5,289.8,68
5,2246.1,12167
2,3122.4,110358
6,879.5,325
5,2438.5,7333
4,287.6,49061
6,322,4
3,286.1,482
5,255.3,350
3,2284.5,21347
6,1782,3622
5,263.6,38
5,1261.6,3385
6,7893.1,64205
3,1862.5,22223
5,461.3,201
4,246.1,141
6,322.9,56
4,737,2665
2,224.6,545
2,349.8,1520
4,431,3585
8,535.5,1505
5,256.3,79
3,222.1,934
3,251.5,1018
5,1039.5,3771
6,864.8,1129
4,982.9,5289
3,2457.5,27987
7,415.2,40
4,361.1,1160
5,440.8,521
3,729.6,3791
5,1802.1,10915
3,1107.6,6309
7,511.5,505
3,2104.9,15231
6,202.6,171
5,3158.9,10017
4,141.5,52
5,264,141
4,146.1,5
8,482.5,94
5,452.9,1814
2,3492.1,82314
4,881.6,3992
7,2035.3,4352
3,4351.8,50203
7,1709.1,2580
2,1478.6,11742
5,370.9,29
6,2586.6,8142
3,1303.2,11302
5,983.9,1046
4,196.8,546
2,179.1,104
2,948.2,7922
3,627.3,3359
3,659.9,7711
3,6802.3,118401
6,389.1,54
6,324.5,143
2,1634.9,27822
4,3504.4,32412
4,924.8,4041
5,1212.7,3968
4,171.8,46
6,329.3,377
2,2696,38001
4,900,3235
3,435.9,714
4,2495.9,17504
4,306.2,978
6,391.5,293
5,932.7,1743
4,6387.5,108179
2,684.9,52837
5,1378.7,3093
3,250.6,1671
2,5545.8,135510
2,678.8,6710
3,494.4,2665
3,4877.4,412874
5,1804,6968
8,807.4,447
5,652.5,618
3,4728.1,68162
5,1783.9,6275
6,549,372
3,506.6,910
7,1127.1,1686
3,6254.7,122517
5,269.1,616
8,394.1,51
2,3691.8,263730
4,746.2,1844
6,1339.2,2939
2,6045.7,159643
2,225,420
2,1251,12307
3,469.3,7693
7,294.1,106
5,2047.5,6487
3,155.9,186
7,1471.6,1131
6,400.2,258
5,1068.3,2073
5,3212.7,16582
5,407.2,913
3,1760.3,15042
5,298.6,68
3,347.9,517
7,3456.8,9011
4,550.2,1488
6,689.5,485
3,529.6,3562
6,903.9,1233
5,302.3,181
5,209.7,146
5,1228.1,2578
6,191.7,17
4,577.7,2285
6,432.2,328
5,2751.6,9702
4,1643.4,7255
3,160.4,243
2,357.1,2046
4,2551.9,13359
4,2197.3,11715
4,5295.4,77034
6,960.1,2013
2,761.7,6149
2,200.2,893
6,472,2162
4,416.3,454
6,382.7,713
10,527.1,738
5,713.1,505
3,250.5,1124
4,409.5,363
3,348.3,1280
6,1222.8,8323
4,743,1319
4,452.6,249
4,2454.9,21379
5,287.1,137
2,3104.4,72579
4,2378.2,26237
2,738.7,4802
3,2444.4,27591
5,3200.2,27632
5,226.6,51
5,821.5,3346
4,239.8,936
5,2513.6,15717
8,540.1,45
3,1860.9,16341
2,4131.1,95331
7,576.6,100
3,233.5,258
3,498.5,1289
2,7732.1,217274
2,1155.2,20488
2,2191,73126
5,2528.8,14254
8,637.6,831
3,1437.3,16528
3,1246,4452
5,1251.2,2455
5,1947.4,4612
4,421.1,39
4,678.9,1832
9,364,2
6,177.7,2
4,539.1,2122
3,414.9,1601
5,217.7,72
4,3497,36206
3,403.9,13170
5,4029.7,29752
3,201.3,301
6,657,918
3,124.2,58
8,2795.9,5799
3,523.7,1571
5,3233.1,24220
5,517.2,2317
6,892.7,360
4,1863.8,7599
4,2659.4,31622
2,919.7,7178
5,552.3,856
6,12752.4,522413
5,7111.4,55726
2,573.2,4416
4,800.1,810
3,213,431
5,2159.6,7760
5,3929.9,23211
2,3796.3,221328
3,4365.2,56221
4,611.7,3687
4,338.5,247
5,1650.8,7333
3,6971.3,117996
4,4259.4,46048
3,955.8,2802
3,2174.7,36726
9,1444.1,791
2,2939.5,47080
2,420.3,2129
6,684,286
6,244,277
4,274.8,709
6,839.3,924
5,500,760
6,709.2,827
3,154.8,4115
5,2842,21548
4,752.5,784
4,2012.5,10451
2,609,3577
4,11652.3,273258
3,2925,31216
4,3618.6,40041
5,231.9,142
5,2586.2,11900
2,988.1,7734
4,237.5,315
3,3241.4,33274
3,289.8,86
6,1932.4,3987
6,466,260
4,1826.3,14728
2,636.5,4915
2,3170.9,106596
6,196.9,0
2,4467.3,207158
4,395.4,466
2,927.7,31182
8,415.3,327
6,262.5,23
2,3224.1,406617
5,1039.4,6711
3,2065.9,19120
5,238.2,85
4,1169.4,2638
4,1048.3,4026
4,732.6,1644
3,1675.1,14424
5,494.3,230
3,396.1,5613
3,351,315
3,1031.9,13777
2,1053.6,35979
3,929.2,2906
6,662.2,97
5,2684,10840
5,474.7,880
3,2323,42242
4,4131.7,52540
5,1387,3083
5,3006.6,20317
8,590.5,256
4,3045,78675
5,289.7,197
3,3133.2,28539
4,8509.5,232304
8,292.5,26
6,836.8,2757
4,759.5,778
3,3415.7,40672
5,438.2,706
7,860.4,1736
11,412.5,99
2,4786.5,183055
3,504.5,1213
4,2914.6,23395
4,206.9,160
4,661.5,2773
5,268.6,185
3,1779.6,9222
5,363.5,244
5,273.5,445
3,925.8,2478
3,587.7,4033
9,3970.1,6990
6,201.3,124
3,1387.1,12858
7,1850.1,3002
5,773.3,471
5,332,658
7,176.6,17
3,2182,29100
3,4172.5,84304
3,6890.8,113551
2,341.1,1846
6,2363.3,9297
2,786.1,35040
4,474.4,949
2,318.4,989
5,1951.4,3867
3,302.1,3171
4,2339.8,15759
3,197.7,482
5,401.6,197
4,284.2,345
4,214.3,72
6,278.6,721
7,531.8,124
2,5159.8,681846
6,1698.3,8130
4,915.5,3685
5,286.4,211
7,1025.2,2013
6,769.2,828
6,3948.8,24187
2,10526.6,555753
7,510.3,97
4,1766.8,8126
5,1673.8,9571
6,259.2,147
3,672.2,1007
3,1869.6,15489
4,616.8,1298
5,599.3,831
6,499.1,576
3,1069.7,10711
4,2960.8,26559
3,2059.3,48793
6,865.3,644
7,683.1,489
6,6233.1,48840
2,295.5,2854
5,2077.2,9861
6,307.7,85
2,460.4,3029
4,570.2,2030
6,1872.4,7635
2,420.4,4786
6,2334.9,6980
2,240.4,795
3,412.5,5375
2,6059.6,155524
4,1687,12515
5,341.1,412
3,249.7,557
4,1880,6758
5,4793.2,33322
2,690.9,5936
4,984.7,6162
4,2676.9,21339
6,1343.2,1968
2,174.9,193
5,457.5,1032
3,4323.8,66389
9,5260.6,17388
6,235.4,64
5,3309.8,16812
4,310.1,153
4,1630.9,22083
6,873.2,1769
3,1487.8,9996
4,1017.5,5419
3,1812,15475
5,6557.2,53743
4,2686.9,25422
2,1170.5,8603
6,419.1,385
6,3703.8,19019
4,2025.4,18877
2,604.2,28438
5,2051.3,14032
7,294.2,192
5,913,1120
4,2656.9,19843
3,258.9,4434
3,488.2,1198
2,257.7,1590
2,1278.7,23817
4,988.2,8521
4,788.2,5179
5,280.2,78
6,1581.8,2997
2,602.9,3128
7,450.2,1176
5,585.1,203
6,1128.1,1787
5,1301.4,4053
3,515.5,4050
2,203.3,287
2,2244.1,42182
4,1596.1,8378
3,2076.4,13020
6,1468.3,3036
7,2422.2,8229
4,277.4,65
2,296.7,3061
5,699.4,1014
3,1732.4,23420
2,2637,40694
5,232.9,14
3,744.5,4825
4,3681.5,28418
2,2480.6,35698
6,1392.1,2083
2,1166,9640
4,663,3277
5,664.2,1316
2,1172.4,8866
3,1121.5,4955
6,992.6,1137
6,169.7,10
3,229.9,196
4,824.7,1424
5,3681.9,15540
7,7904,49377
3,2422.5,22484
4,2111.7,11288
5,2455.2,6526
5,580.6,7012
2,288.1,4960
4,3239.6,62620
3,4098.8,58309
3,594.6,4049
4,1715.6,8683
4,802.3,2539
5,808.9,2400
2,11784.3,738403
5,3371.8,18228
9,3521.8,6076
4,462.3,478
3,779.4,3415
7,395.3,58
2,242.1,897
5,477,102
3,284.1,199
8,3100,4318
2,4893,113530
5,500.5,146
4,857.2,3534
4,1181.6,2704
4,3710.7,41187
3,2795.8,19768
3,2067.2,25412
5,705.2,292
5,517.9,462
8,2445.3,9174
5,1366.4,2233
3,1498.6,26076
4,681.9,1701
2,292.2,2784
3,1535.2,13574
5,2297.7,21363
6,442.3,325
5,181.3,19
5,307.9,143
3,390.9,494
4,1184.9,2728
4,1000.4,4084
5,912.6,1266
4,469.1,1915
4,1082.2,4185
4,670.1,4239
2,9729,939491
4,520.4,1685
2,994.3,7160
3,284.9,867
3,2102.6,17296
5,289.4,39
2,8255.7,1134902
2,1071.9,11535
2,8400.4,726227
3,1938.5,30405
4,960.9,2389
8,2121.7,3827
5,919.3,3865
3,853.9,9037
7,3595.4,11401
4,1746,4717
7,1057.7,549
2,804.7,5397
6,1369.5,1052
6,3955.8,45006
3,3506.7,64161
4,841.8,1238
6,1016.4,1945
3,1444.1,7560
7,4179.2,21799
6,192.8,2
4,840.9,52468
3,648.9,4665
4,1175.7,6351
5,335.9,1244
6,876.8,1717
6,457.4,171
6,238.4,9
6,165.5,3
5,232.2,280
2,1720.1,25262
8,540.1,460
3,348.8,428
2,152.3,1508
5,157.5,21
4,793.9,3598
8,572.3,96
3,1096.6,13433
5,2066.5,10465
2,324.9,1211
6,206.4,29
7,569.1,1057
3,2777.2,30707
5,444.5,437
4,2203.2,14943
6,438.1,264
3,589.3,2118
6,893.7,929
5,179.9,66
2,12002.7,444559
5,1248.8,1965
3,991.6,6057
2,430.1,3010
6,376.9,64
2,123.1,63
3,393,287
6,940.9,2394
2,483.6,2887
7,549.9,213
2,2656.3,42757
4,385,678
4,2383.5,12224
5,674,687
5,482.6,587
4,323.8,479
4,405.2,1249
4,2075.2,8326
6,456.2,201
4,442.6,195
2,283.7,623
3,441.2,658
6,643.3,1425
3,324.8,734
6,2025.5,3650
4,445.7,613
3,621.2,1711
5,382.7,64
4,422.4,756
2,380.5,1522
5,3181.6,15209
4,799.9,1723
3,251.7,1279
5,5834.5,58620
3,195.9,72
5,241.1,67
2,199.9,827
4,178.5,61
5,400.8,132
8,822.7,1170
7,1659.2,3280
4,1440.1,3915
5,3365.4,21468
5,360.7,97
6,225.8,48
6,443,1070
5,232.6,66
3,204.8,85
4,1492.9,8013
9,319.1,11
6,200.1,3
3,4795.2,85690
3,1380.4,8831
14,436.6,47
5,188.5,116
5,2139.7,8855
5,238.2,494
5,1174.7,1845
2,149.4,75
4,7160.8,132421
4,6232.7,229683
3,209.4,598
2,1898.8,32004
5,224.8,245
7,141.4,22
3,692.3,1284
2,283.8,2108
5,347.8,140
2,680.2,6880
6,877.9,3360
3,807,2650
4,455.7,350
4,1406.7,3670
3,3995,53822
4,182.2,45
5,728.9,773
4,522.4,468
5,155.4,4
5,448.9,224
3,2387.4,25180
4,288.4,957
4,1141,5128
4,3685.1,44134
7,1067.4,931
5,319.9,180
7,211.4,21
2,453.6,1700
7,549.6,281
2,9263.1,948569
11,1428.2,193
4,966.5,2117
4,351.9,546
4,2126,17545
6,687.4,666
5,3306.2,14524
6,1884.8,6318
4,743.5,1937
4,2686.3,23708
5,7954.4,401872
3,357.5,3535
7,1421.2,2401
2,12356.6,1102529
6,3616.2,16239
3,2280.7,27133
6,550,5504
2,3540.3,61480
2,215.3,439
4,329.9,179
2,294.5,2037
4,756.8,2397
3,342,2977
3,6440.7,103345
3,184.9,128
6,946.6,1159
9,900.4,1109
3,6064,67985
4,1330.5,2359
2,366.6,1981
5,825.8,1256
4,765.8,1096
5,2313.2,9202
5,5515.9,30795
7,389,469
13,539.5,102
5,206.5,113
2,634.9,3844
3,196.6,64
5,271.5,40
5,1633.8,7410
6,1328.9,2442
3,5378.5,164206
3,546.8,1073
3,196.9,234
3,4462.3,71644
4,754.1,2408
2,1470.2,17040
6,1639.9,2668
7,1457.2,5862
4,1944.2,10159
2,1121.9,8326
5,1081.7,1683
4,281.9,47
7,787.2,269
5,1424.5,2108
2,224.8,915
4,3807.5,37033
3,662.9,2008
5,3270.4,15808
5,1955.6,12894
4,463.3,211
4,1675.3,4078
2,1721.9,54101
4,1555.6,3403
3,855.4,8116
5,1838.5,10832
2,526.8,3295
4,3059.7,17323
6,345.6,231
3,994.9,11848
4,619.2,800
4,1195.2,1864
3,4646.5,68935
6,569.7,1080
2,6191,159460
5,282.8,239
5,1666.6,4883
3,748.6,1783
4,3746.6,36373
3,351.5,533
3,1787.8,25766
3,190.4,93
2,255.8,670
4,346.1,597
4,592.2,2617
4,10095.4,344011
6,306.3,36
3,2527.6,21177
3,220,35
2,348.5,6789
4,383.9,722
5,6201.6,72476
7,1740.6,1921
2,1347.6,9504
4,2614.9,17033
4,269.7,144
3,788.8,7752
7,201.4,3
6,678,1873
3,382.3,1510
5,265.5,91
6,796.8,2985
2,670.8,13313
3,552.7,2291
3,314.6,1272
2,186.6,526
5,474.8,459
7,161.2,45
6,1188.1,634
6,1047.4,683
3,317.7,596
3,259.4,1418
5,886.9,455
3,761.6,3400
6,201.2,16
3,345.8,1469
7,1189.3,530
4,790.6,466
4,267.3,157
4,248,105
6,332.9,62
4,600.5,2336
3,5285.4,114299
2,147,89
4,976.6,5199
3,200.4,115
8,379.7,72
3,5211.2,71921
6,414.3,1137
4,4419.3,50767
2,2421.4,80133
3,1783.4,7597
3,1548.6,12056
5,824.6,5206
6,1612.9,3891
3,4142.7,59641
6,450.6,388
2,2642.6,75796
4,349.7,742
6,605.5,462
7,961.2,736
7,2233.7,3732
2,13082.9,454423
7,193.1,8
5,262.3,1039
4,8372.4,207714
3,177.2,135
3,1027.4,4810
3,423.5,1419
6,442.7,180
5,2404.9,12093
5,401.8,710
2,5893.9,113462
5,2197.9,8867
5,298.3,74
2,3538.4,72240
5,2662.2,11071
4,181.4,40
5,645.6,637
4,244.1,169
5,486,410
8,4402,20628
5,523,407
3,541.4,1539
5,661.1,248
5,894.4,2271
5,900.3,1286
3,734,4346
3,1543.5,10489
2,806.5,11533
4,975.6,3896
3,2087.4,21974
6,1143.5,886
3,145.8,20
4,2608.5,19882
3,1070.1,5098
5,2593.8,25987
2,1540.6,23912
9,533.8,24
4,2220.9,7701
2,404,2014
2,2614.8,48030
5,2091.4,8662
5,2154.2,6864
3,2714.1,27842
2,770.3,13878
3,4691.1,96181
5,650.4,1403
2,2570.2,53252
5,888,1292
4,258.3,598
5,1245.2,3100
6,449.6,735
3,468.8,1763
3,322.3,1150
5,187.8,22
4,394.1,3144
6,185.2,23
4,780.3,2485
5,11640.4,336476
4,1383.3,6501
4,206.6,131
7,1073,183
2,285.3,2423
5,3022.5,17172
2,868.5,8272
2,1001.5,14068
3,1625.1,19592
2,1803.6,52676
5,1625.7,7756
2,476.5,3075
3,1696.3,7320
4,1272.3,6811
5,1546.7,6998
6,288.6,493
4,836.7,23376
5,407.2,340
10,533.9,558
5,4501.4,25739
6,596.8,738
5,1324.7,4752
5,816,1412
6,1758.9,54
5,955.8,1615
4,2089.2,9797
4,231.7,400
6,2873.1,10830
5,276.1,153
5,387.1,1365
4,3856.1,31885
4,1832.4,15023
6,703.3,256
6,1438.8,2286
5,2966.2,13615
3,308.9,1578
3,998.3,4398
2,186.6,159
5,185.8,7
4,898.5,4548
6,1255.8,2952
5,1622.7,2849
4,3023.1,18691
6,1501.8,3347
6,3734.1,17434
6,643.6,402
3,303,1613
9,3133.7,3602
8,396.1,663
4,557.1,769
5,429,1492
4,897.1,2456
6,756.7,1012
5,529.2,2034
7,392.3,69
5,2362.9,23268
10,1136,452
5,2392.2,26097
3,215.5,55
5,269,430
3,4080.8,71034
5,1640.9,7237
3,4571.9,71547
4,1661.4,6718
3,234.9,236
5,642.1,1117
6,1965,6182
5,7321.9,61499
3,280.5,826
6,1381.4,2433
2,10326.5,348974
5,537.6,420
5,475.1,336
6,417.2,1349
8,263.9,30
3,815.6,3737
6,1710.3,3901
4,1314.1,4954
6,1705.5,4804
4,568.6,1370
5,2023.4,13912
4,5263.9,103300
4,936.2,1073
3,1409.9,6693
8,243,10
3,3716.4,71537
2,2416,56423
2,1316.7,21826
3,2063.9,18727
7,559.7,1124
5,3998.8,25938
3,3736.5,41126
4,276.4,224
2,1864.4,60988
5,1205.2,8627
2,1656.5,173598
8,448.3,235
5,549.8,508
5,1596.7,4435
6,282.7,259
4,225.5,352
3,2768.9,30518
4,3063,27822
3,1280.8,10388
6,517.8,614
3,1327.1,7234
5,857.3,1367
4,1654.1,33439
5,241.6,133
2,218.4,666
6,588.6,175
7,192.1,3
2,495.4,3308
3,913.2,5825
6,1174.6,2402
4,337.4,1073
4,1603.9,9624
2,635.8,4082
5,924.4,1302
6,364.9,47
4,1087.1,2977
5,5719,100413
6,481.7,264
4,1356.3,5564
4,819.9,1741
2,573.1,5779
5,255.2,72
6,3627.1,23069
6,3230.5,18148
3,1524,10071
2,7205.2,760987
4,378.3,600
6,1440.6,3991
5,741.5,1544
3,154.2,117
4,257.6,84
4,649.7,1282
4,456,3694
2,141.6,48
2,1237.4,15622
4,2517.4,15899
5,4097.4,27815
2,1029.6,27603
5,1320.1,4017
8,357.1,149
8,4098.5,9451
4,4439,595394
2,868.5,18654
3,1093.3,6446
4,681,1447
2,1316.6,35538
4,176.8,37
5,354,66
6,200.9,8
5,394.3,671
3,7280.4,129208
3,3356.3,39467
5,1154.7,2791
6,472.6,65
3,979.6,9512
3,3702.1,33076
3,5172.6,76288
4,1159.4,8174
4,1306.1,5882
5,622.2,560
3,411.7,1204
4,164.5,19
2,2722,83401
9,2058.7,4053
5,1604.4,4856
4,3141.4,18365
4,1482.6,3652
6,2102.9,11215
4,838.5,1107
2,1441.5,16905
6,2071.5,7049
4,226.3,59
4,606.4,1851
6,454.3,300
4,1187.4,2733
6,274.6,43
5,1316.8,5551
3,1057.7,7741
5,1548,3768
6,409.7,197
5,292.5,123
4,1798.3,8995
2,412.3,5473
2,808.9,17814
2,585.8,7554
3,339.3,535
6,1920.8,7051
4,600.4,1037
7,2411.6,7474
4,617.1,2249
4,679.3,1853
5,6254.9,50615
2,502.9,3434
5,608,1349
8,743,518
4,3365.8,35249
6,2329,5051
5,554.5,551
4,425.2,1064
3,2884.3,116445
7,330.6,161
2,7612.5,437233
3,434.1,8564
4,4197.7,31308
3,808.4,4787
5,9087.4,116601
6,251.3,39
2,1687.3,36243
2,387.1,3517
4,1025.9,4083
9,1466,1048
4,166.6,15
4,2548,15881
4,231.9,282
5,273.7,124
2,3096.6,48286
7,1359.4,2893
6,265.9,115
6,3626.6,16407
5,1696.4,6006
4,506.6,844
3,3676,422578
4,1626.2,6875
5,277.7,189
3,284.6,2859
4,284.2,162
5,374.5,503
5,2476.7,9912
5,1117.2,5046
2,413.6,8231
6,1210.2,1944
4,5095.6,67396
6,219.5,18
5,1896.5,11841
5,408.5,624
3,1495.6,9054
9,357.6,25
4,2578.2,29208
5,9420.2,365033
5,2960.9,23286
3,674.7,1565
2,290.9,1516
2,1027.1,16279
3,243.1,115
2,2744.1,62948
5,381.3,188
2,759.4,3807
6,2277.2,5723
8,508.4,230
7,182.3,2
6,267.3,7
5,466.7,241
3,744.4,2005
4,255.4,323
4,6541.8,99701
4,1274.6,4619
3,981.2,4254
5,3079.9,19788
2,399.5,4086
2,252.6,572
6,568,363
2,6296.7,185824
4,1198.1,4227
3,431.1,4957
3,306.7,700
6,171.8,15
4,2474.4,29139
6,1143.3,1921
7,1745.6,3327
4,537.5,1833
6,5262.5,32327
5,281,294
4,683.4,887
6,658.4,702
2,1197.7,22316
2,1343.2,17394
9,456.3,692
6,1953.5,4535
5,400.7,1055
4,266,327
7,286.1,29
2,5400.7,369819
5,315,712
6,1574,2644
3,197.4,83
7,2646.5,5366
5,551.3,355
3,290,83
5,1406.3,3751
4,5146.7,59837
4,365.4,716
5,371.8,883
9,405.7,206
8,1639.6,3749
6,2996.1,9695
3,1802.8,19777
3,2297.2,15334
4,416.1,605
7,1216.3,1302
5,1734.5,7524
7,570.5,186
4,6943.7,92840
4,6326.7,85274
5,406.1,1041
4,943.2,4067
5,4931.9,367932
3,632.3,5481
3,786.6,1480
6,1346.7,1846
3,1690,15355
4,3536.2,188612
2,347.9,4447
5,164.1,6
5,694.3,1527
9,562.5,79
6,1040.8,1516
5,2247.2,5171
4,376.5,226
7,584,829
3,2037.1,169557
2,296.3,1517
7,406.7,277
6,609.4,428
3,279.8,161
5,3232.9,12716
5,1892.6,8781
3,707.3,1836
3,557.7,3413
2,207.9,545
3,718,1624
4,1378.9,10281
2,810,9231
4,5918.1,68182
6,350.1,372
3,407.2,1312
6,803.4,1597
4,160.1,27
3,2900.1,55421
4,2893.9,29261
5,3131.8,13886
2,153.9,100
3,368.6,535
4,2366.6,13579
4,1522.5,7058
5,164.1,74
5,299.6,46
3,584.7,1000
3,176.8,42
6,420.5,1568
4,1539.9,12942
4,2109.3,19381
6,463.7,92
4,1728.4,37429
6,346,68
4,754.3,2115
3,295.4,650
3,802.1,2680
3,573.3,2352
3,1174.8,7999
2,12188.6,371974
2,4770.3,126691
5,2042.9,7163
7,707.3,2403
6,1099.6,6213
6,622.3,898
5,251.6,66
2,2300.6,34972
9,280.3,23
3,233.3,119
7,1801.6,5786
2,429.3,1526
5,3394.1,20312
3,4681.2,105140
3,483.8,551
8,6362.9,20299
7,371.4,208
5,2846,9407
4,410.6,207
5,254,34
3,1302.6,14951
7,1046.9,1450
7,453.2,13
4,6452.4,886534
4,2436.1,24295
3,594.1,1264
4,216.4,85
12,162.4,2
3,8868,156510
5,1310.7,4120
2,12529.4,657923
2,391.5,3307
2,1112.2,25351
5,429.1,135
6,1014.7,727
6,230.4,59
4,432.5,1533
7,1347.7,688
5,4489.9,36039
6,273.5,75
2,789.1,10003
3,931.4,2442
4,386.6,585
6,1963,4749
5,152.3,10
3,4752.8,160621
4,3201.5,20066
5,1163.2,1443
3,2985.7,70406
4,1316.3,4039
2,3066.1,49557
6,2192.2,6146
5,302.5,52
6,1221.5,1208
4,1334.2,7299
6,1613.2,3443
7,341.8,21
5,7471.6,63864
5,634.5,436
9,1993.9,1094
3,328.8,581
4,326.5,315
2,239.3,344
2,2466.1,41924
3,1794.1,31107
5,1062.1,1845
6,145.9,23
3,195.3,74
6,252.3,318
3,288.9,321
2,252.5,1345
2,2507.2,43147
5,653.1,430
6,3027.9,17236
3,583.5,1790
2,686,9345
9,172.3,16
4,608,933
2,600.6,2711
5,1567.2,6624
2,3800.4,177419
2,3346.4,61746
4,3437.5,110232
4,2145.4,11243
4,2109.2,14237
6,251.8,1
9,5910,18608
4,662.6,446
5,233.9,65
3,3219.7,39031
6,2185,6870
4,2228.2,102455
3,1013.7,7523
4,1650.6,16747
5,1418.9,2943
4,2269,12438
2,259,707
5,1480.3,6674
4,236.6,209
5,196.6,1
2,477.3,4693
5,504,2017
4,1688,6712
2,1067.8,10353
2,13050.3,631590
4,627.2,1671
5,2414.4,9633
3,382.9,1230
4,808.6,3023
3,1917.7,16269
5,776.7,1535
2,2836.5,63329
6,374.8,90
5,408.3,632
2,6634.7,498798
5,2589.6,14633
5,312.8,100
2,1768.9,29658
3,678.1,1884
5,802.2,1281
6,1246.6,4215
5,1115.5,3565
4,5409.8,54136
5,2676.9,14865
2,266.8,652
3,1463.4,7820
3,2413.1,24807
4,4554.2,46451
5,164.8,9
3,2384.2,30272
7,395.8,137
3,423.3,861
6,514.6,3006
5,598.2,900
3,219.6,127
5,336.6,234
4,4531.6,37852
4,1917.3,17446
4,15831.9,1026177
5,405.5,374
2,1402.8,16073
6,444.5,282
6,864.4,732
5,1706.8,4572
9,2370.3,4652
7,421.3,1085
5,3695.7,21871
3,2160,24673
6,2488.7,4355
4,731.8,3140
7,4007.6,11829
2,243.2,8796
5,1329.8,6215
4,278.6,235
4,779.8,1826
4,3058.3,29028
5,480,372
5,4574.6,40911
7,355.6,193
3,2001.1,12131
4,1442.2,8759
5,256.1,885
7,3920.7,21968
5,262.7,302
5,387.9,194
3,3481.2,42433
3,814.4,2526
2,8838.1,333723
5,310.5,609
2,287.7,847
6,486.2,210
3,2079.3,16748
4,2683.9,18371
7,437.6,627
3,210,197
2,233.6,490
6,2881.5,11422
5,2503.4,9748
2,1022.6,9294
3,179,22
5,5329.4,35727
6,136.8,6
2,374.1,2669
2,2764,182030
3,316,286
10,3355.6,2764
5,248.4,429
5,1178.8,2993
3,1377.8,10029
5,1440.2,2741
2,2032.6,35803
4,654.4,3096
6,2078.1,5828
6,3729.2,33262
7,1151,6007
5,360,871
3,6058.6,145029
10,1944.6,1377
3,364,2248
6,482,139
3,716.6,2451
2,548.6,9464
8,1640.8,3755
4,481.2,740
5,437.6,613
6,548.6,270
4,1891.5,9536
6,2956.9,13186
5,2290.1,5303
3,3634.7,43888
7,355.8,681
4,4008.1,31230
6,479.6,59
5,235.6,18
2,137.1,81
3,550,5461
5,1496.6,7356
5,401.3,1404
2,2128.4,26340
2,2391.3,60485
3,9965.2,191811
5,3329.7,20692
6,227,11
5,362,1075
6,663.1,251
8,1167.6,611
3,259.2,1108
2,814.6,10719
3,3600.3,152611
5,730.6,3021
4,6706.9,78764
2,444.5,8228
6,484.5,930
4,1113.4,7649
5,5089.7,37374
2,638.2,11130
2,258.8,411
5,3881.6,37968
6,4233.8,14009
5,565.1,533
4,5236.6,66834
3,1101.7,6389
4,1704.1,7161
6,2168.9,6497
4,1276.5,2837
5,1587.6,4000
4,282.3,114
5,1575,5513
3,1632.8,28231
3,292.2,354
2,682.5,7690
6,1745.3,2759
6,204.2,92
5,285.6,52
2,5899,193883
4,18897.4,571895
5,246.2,122
2,2495.6,52292
4,303.3,141
6,412.7,499
7,3097.3,11118
4,1477.1,4816
3,1763.5,25307
5,1630.1,3579
2,320.8,4505
4,2351.3,16084
3,2051.3,22063
8,257.4,55
7,1179.5,2829
2,11840.2,1218987
5,2133.7,4878
5,1957.7,6899
5,804.2,1715
4,1920.9,10552
8,401,64
2,2351,50223
6,449.9,152
5,1047.3,1481
2,12758.7,451060
8,2788.6,5769
4,312.7,628
4,1264.3,4888
4,253.8,511
3,433.6,662
2,242.9,701
7,2214.6,5581
5,648.7,439
5,2766.1,13591
3,308.8,1148
6,1243.8,1733
5,453.8,1425
3,1119.9,57526
5,1298,3679
3,1825.7,12152
2,2982.7,85627
4,3947.4,43449
5,467.6,799
3,352.1,3960
6,444.9,1204
6,252.8,52
6,1829.1,3780
6,302.2,72
4,881,2509
3,643.7,1466
4,4143.4,44260
2,2434.1,37108
2,766.6,11155
5,1479.8,3091
4,1798.6,7502
5,2974.7,19478
4,2231,11888
3,800.8,2955
5,1021.3,2385
5,2366.2,4762
6,1523,2522
3,5183.1,146481
3,6312.3,98046
4,800.8,3467
2,1159.6,13907
7,6674.5,43045
3,1508.3,13612
3,4094.3,57098
2,2220.3,69167
4,293.6,314
3,2119.6,40810
4,1267.2,2501
5,2163.8,9046
6,663.7,831
4,376,859
2,2311.6,34034
3,1431.1,32058
3,498.4,3091
7,736.8,358
2,489.2,30008
3,1776.4,15104
6,361.6,118
4,1189.1,5930
6,941.3,750
7,412.7,71
4,1086.1,2793
4,2395.1,20254
6,1345.4,3944
4,4058.4,63111
3,176.2,172
3,3251.8,739604
8,571.6,342
4,178.9,1644
5,699.9,805
5,2230.6,5921
5,356.9,2521
5,773.8,2222
3,348.8,3250
3,2445.3,21549
2,900.7,5772
4,2134.9,20280
3,1011.9,5749
3,4811.8,64236
3,212.8,374
5,188.2,75
5,1169.5,9985
4,944.9,8682
9,1025.5,575
6,1749.9,4758
4,346.4,238
6,4264.3,31028
4,2107.2,15920
5,577.9,933
2,742.5,14882
6,183.3,1
6,2816.4,14172
5,683.8,1097
5,540.2,787
5,920.8,2501
6,1670.9,2935
8,3405.3,7960
7,793,402
4,290.2,142
3,283.8,641
2,1671.2,31310
7,1391.2,1378
6,476.8,93
4,519,508
4,2540.3,37509
4,158.5,106
3,1997.9,14563
3,10689.9,724258
8,349.8,3
2,7391.9,176687
2,1297.1,16909
5,3024.7,24745
6,277.7,35
5,891.9,3444
3,747.6,2399
5,959.2,2009
6,1552.5,2202
4,464.8,464
6,2255.7,19662
2,1610,369864
5,2861.3,13908
5,925.8,2707
4,290.1,185
2,206.3,686
2,6379.1,265831
6,1211.5,1280
6,203.7,61
8,192.6,65
7,384.7,94
9,765.3,82
6,293.6,110
5,1933.4,13296
5,1075.1,1889
5,261.4,10
3,2835.6,39500
2,977,36129
3,1414.9,13749
5,490.7,713
6,457.6,15
7,1315.3,2578
5,222.1,8
6,790.5,672
3,4178.1,155307
3,4279.9,331145
3,1466.6,17995
4,2089,8819
5,1243.7,3278
5,874.5,1039
4,1191.5,3959
3,3516.1,37894
6,196.9,31
4,346,402
6,1081.4,2941
2,1967.6,36218
4,1829.1,10278
2,1853.5,27457
3,181.9,35
5,340.3,92
6,354.3,132
3,606.4,1592
9,2008.3,2413
2,1965.1,76427
3,4988.7,82864
10,619.4,54
5,716.3,1801
9,168.2,3
3,3029.7,379848
6,363.4,280
5,2072.6,6241
4,2972.4,18298
6,7268,153913
3,1484.9,9303
5,3970.8,29075
2,1184.1,10465
5,512.5,2648
6,1360,1985
6,328.4,290
4,1625.4,6649
4,1517.2,6720
6,1238.9,2602
5,575.8,110
5,824.2,976
4,7637.4,94929
5,1270,5959
4,283.7,1618
3,2245.1,38196
2,1220.1,14071
5,301.5,228
3,662.2,1744
5,763.2,1693
4,3167.6,27100
4,2036.8,14117
4,598.3,770
4,5212.4,233147
4,2389.3,22357
5,1361.5,5000
2,286.1,896
8,219.9,142
5,157.9,94
6,594.5,207
5,166.9,23
2,877.1,15757
5,859.6,4267
5,515.6,570
5,7885.9,71863
4,477,868
6,248.5,21
3,369.1,1156
6,1331,1444
5,658.3,1178
4,330.5,669
2,233.4,633
4,1734.6,8683
5,999.9,6981
3,234.7,114
2,5934.4,697422
8,4598,16284
2,236.5,2877
5,177.5,138
6,1881,6092
2,7796.8,243882
6,812.4,1443
6,197.4,23
4,2576,13714
4,157.1,211
5,2698.4,13746
4,325.3,196
4,790.6,783
6,424.1,141
5,145.3,0
5,2258.7,12195
4,1628,6412
5,255.7,91
6,639.5,1048
2,10667.7,311542
6,629.6,374
4,202.5,148
4,1561.5,9590
5,305.1,86
4,316.2,422
3,259.3,308
6,199.5,5
4,2607.2,470677
4,6000,63075
4,625.1,3245
8,1087.6,1595
5,1992.2,11006
3,511.2,4432
3,264.2,361
2,3776.7,102733
5,210.2,3
3,1117.5,4256
6,2329.3,5814
6,417.5,636
6,1917.9,6100
5,330.2,55
2,10652.2,299795
2,963,17518
5,1994.7,12142
6,2149.2,2711
2,2624.9,81764
8,299.3,19
4,1320.2,3287
8,805.1,1309
3,2021.2,19378
8,1108.4,1658
5,1223.5,2196
7,309.4,38
3,1630.8,12365
7,984.3,549
7,221.8,80
4,1278.2,6183
5,686.6,913
6,2643.6,10547
8,448.2,403
2,441,3807
5,672.9,340
3,274.4,927
5,2028.6,7253
5,994.5,1043
4,731.1,3189
3,1448.3,339075
3,1326,13494
3,374.6,2315
4,233.4,87
6,1930,5711
2,2101.7,25649
4,259.7,42
6,220.1,49
5,2188.3,10112
6,2775.1,9627
3,156.9,17
7,704.4,344
6,470.1,274
3,249.4,548
5,266.1,79
7,647.9,295
6,1188.3,2486
5,3634,17496
3,220.4,79
4,9280,267207
3,372.1,1495
7,2207.8,8626
3,211.3,158
3,873.9,1679
3,474.8,941
4,497.7,878
5,393,83
5,6434.9,62126
4,187,35
3,1555.4,8216
4,1383.3,4704
5,4721.8,37601
3,1031.7,2638
6,888.1,940
3,1937.3,18599
8,322.6,57
4,2164.8,10186
5,812.9,4874
5,869.1,1449
3,993.2,4250
4,1111.7,5477
6,238.5,80
3,2726.1,29534
3,492.7,605
7,453.4,942
4,1703,10984
6,335.1,47
4,1711.6,16654
8,3406.8,10817
3,418.2,902
3,322.2,368
4,3077.5,25531
4,1864.8,25801
5,1753.5,3998
2,8677.4,571653
7,245,866
6,655.5,571
3,3364.1,405284
2,1376.9,18462
5,256.6,105
4,1566.9,10059
3,402.5,559
4,693.3,1273
3,242,49
3,614.8,2445
2,1182.9,18350
7,2219,3305
4,4852.5,58203
3,10317.5,240275
3,1193.8,6256
6,1165.4,2921
6,243.8,68
5,5102.6,364324
2,625.5,9133
4,363,335
4,337.2,206
4,1118.2,8663
4,416.1,2484
5,2246,10136
6,1735.9,5748
6,785.7,3256
3,9074.3,164891
7,588.9,695
7,658,173
2,429,1886
7,1993.4,1667
3,565.8,2276
8,423.3,345
6,539.6,1031
3,275.5,540
5,905.6,1159
3,2095,30704
5,533.1,131
3,731.6,3265
5,2084.4,13557
2,17127.7,739745
6,1535.6,2810
5,4820.2,28139
8,654.6,342
6,1603.1,6474
6,807,725
5,1351.4,3550
7,1422.9,1687
4,4578.8,37902
3,832.4,2862
4,797.1,2016
2,770.7,9585
6,267.9,76
3,195.3,143
5,11737.6,903312
2,391.2,9216
4,155.4,67
4,8789.4,478756
4,1280.9,3336
3,1051.4,20986
5,1184.6,2467
4,272.7,118
3,8823.7,413103
2,522.4,2708
3,256.1,392
6,448.9,332
3,644.4,8194
2,338.7,4411
3,319.3,1396
6,3337.5,12489
4,200.3,134
3,632.1,3453
5,476.3,244
5,669.3,504
6,1118.7,8659
5,939.9,3058
9,832.5,217
4,705.9,3273
5,1267.4,2089
4,299.6,428
3,3669.5,46829
5,354.7,1273
4,8245.1,187798
5,1552.7,13390
3,544.6,1211
5,417.5,574
5,990.5,1372
5,644.6,893
6,1830.9,4576
2,1316.5,12697
2,5086.2,144492
5,551.9,501
4,173,38
5,1880.7,6368
3,797.3,2176
5,849.2,1863
4,258.4,757
2,1594.8,31387
4,1879.1,10535
3,332.4,521
6,423.5,83
7,1376.3,2633
3,11339.6,973610
5,7458.3,398225
3,6475,132631
4,2836.4,29285
3,1509.6,6958
5,915.4,3110
4,741.6,1177
6,744.9,284
2,709.3,12106
3,199.1,235
5,312.5,78
3,1894.9,18456
6,222.1,185
6,4509.7,21693
3,857.2,5180
2,5030.9,210453
4,256.8,757
7,3143.7,11850
4,648.9,6543
4,1118.6,3849
7,481.2,34
5,261.6,54
5,2921,11698
6,1892.7,2393
5,8873.2,129997
5,2314,8915
5,1835,6320
7,702.2,1240
4,2930.7,19632
5,852.2,725
6,4592.9,26256
3,1575.9,13432
6,305,12
3,2620.3,27396
6,1857.3,5275
6,935.7,1216
2,6220.2,179939
4,1054.4,4121
4,295.2,90
6,813.3,476
8,438.1,39
4,3111,20390
3,2793,42264
7,1031.3,983
3,5065.5,89642
4,196.4,62
3,387.7,1853
5,442.5,212
4,9516.7,164101
6,373.9,412
6,2454.9,5379
3,1684.7,10058
3,10610.9,211752
3,2444.1,18609
5,3444.5,26173
5,2139.3,10921
5,937.3,2242
3,284.3,163
6,1150,4033
3,2400.5,32775
7,379.6,638
3,226.3,263
3,224.7,323
4,384.9,320
2,923.8,7481
5,1749,5076
5,1392.2,8577
4,4334.8,34331
3,2062.4,14333
5,1627.5,8115
6,242.2,37
6,1633.6,3253
6,917.6,1526
2,119,47
3,2609.2,38739
6,2225.7,3263
5,2260.8,9185
5,3990.1,30604
3,3491.3,57367
6,1837.8,7635
4,5870,67521
2,215,826
5,4420.4,39130
6,442.5,273
2,10709.1,357711
2,1811.3,22915
3,1781.3,15656
7,712.8,608
2,1622.4,18240
4,681.7,1105
2,4440.5,81124
3,889.3,7848
3,146,141
3,190.6,137
7,204.4,34
7,269.7,38
3,2528.6,25067
3,172.9,68
6,2812.8,15484
6,1694.1,1506
3,1243.9,13539
3,335.3,1990
5,1276.1,3166
2,2913.3,51318
8,1701,3020
4,1860.5,13079
4,351.3,451
2,1174.1,20353
3,1619.6,10416
3,661.6,4045
8,1796.2,1904
5,338.8,994
6,366.7,167
3,409.8,1862
5,1485.6,10572
3,1343.7,26917
3,298.4,519
4,1334.8,4415
5,1276.5,1746
5,708.5,823
4,662.1,490
5,458,1608
4,718.5,434
6,1450.4,3747
11,3176.3,4045
3,2024.1,13124
3,486.8,4393
4,4018.9,29549
2,318.1,1494
5,2016.4,5433
6,296,223
4,4895.1,175625
4,900.1,4977
3,1771.8,11283
4,565,1993
3,692.6,2106
2,1802.7,80074
5,300.2,1021
4,1858.2,13748
5,924.9,2324
5,2301.3,9267
10,4976.6,9071
3,1702.2,21578
2,209.2,957
3,248.6,432
3,286,468
5,1128.4,4324
4,792.7,7566
4,494.8,528
6,241.4,5
4,514,1006
4,494.8,664
5,1012.2,4730
4,4459.6,48460
2,638.1,4857
4,165.5,61
5,2114.5,7475
4,783.3,6575
5,1988.5,6836
2,155.2,55
3,1192.6,9650
9,1051.5,1759
5,904.9,1806
4,236.7,92
6,1280.7,7731
2,1215.9,20742
6,2339.3,16469
3,989.8,4340
7,310.3,53
3,1086.2,7052
6,3963.9,21203
7,204.4,53
4,285.3,205
6,637.4,1315
5,207.3,21
5,647.2,924
4,639,1348
4,534.6,1490
11,1114.3,186
8,402.1,197
14,1859.5,706
7,1301.7,924
3,296.9,1374
3,346.8,162
3,381.1,681
8,646.1,177
7,171.1,0
4,615,511
3,471.9,1172
3,2886.1,55804
6,1893.4,4899
6,163.5,0
7,588.7,377
2,537.6,7899
3,19580.5,2018529
3,403.3,1592
8,2556.8,4664
7,258.3,73
5,9333.9,98910
3,1081.2,8107
5,218.8,256
6,472.6,163
4,1296.1,5609
5,994.4,1761
5,1201,2211
5,5828.4,63812
2,1311.4,9754
5,1146.8,6808
4,276.7,930
4,176.9,42
6,442.7,487
3,3686.4,44708
4,138.5,44
2,2700.2,71304
4,322.4,347
2,555.6,6604
3,1286,9293
4,1012.6,7158
6,3917.3,20657
3,745.7,4992
4,1230.1,6144
5,1345.4,1948
3,339,1469
6,2349.5,6123
5,1910.5,8004
2,500.1,3709
14,1675.9,363
3,2317.8,19422
3,535.4,7197
6,363.6,533
3,1173.9,16907
5,2196.3,5361
3,2478.9,30375
2,423.4,3356
4,2328.3,28882
2,163.6,188
9,889.8,405
4,1654.4,12488
8,5333.7,20572
7,240.9,38
9,753,204
6,551.9,90
6,594.1,100
4,647,2620
3,154.7,102
5,1444,3202
4,363.8,400
4,162.5,75
6,2577.2,6736
4,1897.8,13516
2,232.9,1321
2,228.5,601
6,884.7,730
5,703.5,442
4,316.1,450
3,5451.8,106644
3,844.4,5959
4,169.8,28
2,3223.2,42318
2,2068.1,45774
3,6818.3,117887
3,4724.7,63136
2,691.7,5537
3,1368.4,13915
2,149.2,371
3,213,42
2,1075.5,9024
3,3544.9,40963
3,597.6,2195
2,1929.7,52271
3,1148.1,4549
2,178.4,126
2,1102.5,14104
2,820.5,5743
4,1161.9,3278
2,2477.6,29664
2,788.6,3437
3,9894.8,1064007
2,927.7,12271
2,339.9,1717
2,539.5,2923
2,628.7,3624
2,1062.9,7918
3,500.9,559
4,694.4,376
2,5441.1,112812
2,396.4,1654
2,6037.2,168888
2,1614.3,17448
2,950.2,15279
3,481.1,852
3,1395.3,10766
3,1890.9,15172
2,4024,70768
2,231.9,191
3,227.6,19735
2,176.2,106
2,373.1,1823
3,607,1396
3,1245.4,4264
2,1089.4,15172
3,341.5,740
3,1596.1,17393
2,238.9,178
2,2752.9,41744
4,208.3,79
3,669.7,1254
3,975.8,2713
2,1190.2,11656
3,1765.9,8733
3,481.9,1758
2,180.6,535
4,262.7,280
3,168.4,135
3,1018.6,5810
2,5976.7,134580
4,4251.3,25468
2,259.3,241
2,1509.4,17622
2,363.7,5254
3,196.6,120
6,545.1,490
2,2551.8,47120
2,1075.5,11203
3,1342.6,10286
5,413.2,382
2,2019.1,27560
3,225.9,235
5,2718.6,11737
2,391.4,1030
3,2173.3,22156
3,248.2,283
2,282,1418
5,1464.5,1456
3,743.4,1413
3,4216.4,71389
2,209.1,896
3,270.7,827
2,534.1,2869
2,364.6,955
2,1126.2,9098
2,1416,15711
2,1605.3,16589
2,1710.1,24132
3,1423.6,5796
4,844.7,1805
2,222.3,1033
3,219.1,163
2,733,4627
2,862.7,5693
3,212.4,215
4,7291.5,98264
3,3180,59664
2,223.5,1130
2,366.6,1490
3,175.1,125
4,1465.3,5309
2,1003.6,7018
2,346.9,1502
2,9300.2,215138
3,2786,25794
3,2295.2,20709
3,651.8,706
2,10695.8,639109
3,403.4,2054
2,434.7,16399
3,569.6,1008
3,687.7,1739
4,5682.7,82260
3,315,239
2,775.9,6259
2,281.3,1864
2,423.4,3445
3,5243.4,65712
2,297.5,773
2,2818.1,49291
3,3228,32125
3,187.6,125
3,2022.3,350492
3,1365.9,12032
3,276.4,160
2,313.1,2146
2,1258.5,14529
3,205.5,40
2,273.9,1361
3,1737.5,11718
4,769,3312
2,1489.1,13167
3,3854,44712
4,2129.1,19291
2,830.7,4844
3,6401.3,102583
2,342.2,1680
3,3048.1,46684
2,434.6,3294
2,1059.3,8350
2,469.2,1898
3,292.3,490
3,4799.1,89405
2,395.1,2685
2,3122.6,233222
4,511.7,3221
3,248.1,238
2,139.7,127
2,140.2,85
2,622.5,2814
2,1057.4,7228
3,5524.7,623564
3,3159.3,29178
4,227.6,33
2,2049.1,40589
2,159.7,228
2,7673.9,551690
3,163.6,162
2,616.4,14844
2,678.3,22170
2,745.3,7803
3,1464.3,14595
3,229.5,70
3,1514.3,4767
2,253.2,446
2,180.1,232
4,461.8,467
2,425.1,1809
3,4234.3,57079
2,194.8,360
2,1142.4,13118
3,1056.6,3614
2,2965.5,41494
2,469.6,3643
3,285.9,213
4,717,1417
2,209.9,139
2,418.1,2236
3,622.9,1255
2,360.2,1930
3,519.3,1028
3,1128,15392
2,1253.3,24769
2,1772.5,27282
4,3439.5,24304
4,475.2,353
3,412.9,2830
2,405.7,1791
2,325.9,4359
2,360.6,2028
2,551.8,13674
3,668.3,9467
4,1643.7,13292
3,923.9,3879
3,2457.7,189727
3,2913.7,31880
3,988.2,3835
4,1118.9,2782
2,583.2,2287
2,929.6,6683
2,2358.4,35544
2,149.5,150
2,594.9,3612
2,242.1,1136
2,1654.5,27709
2,5863,181244
3,636.9,3606
2,502.2,2482
3,192.6,84
2,4440.2,75793
2,160.1,86
2,199.8,223
2,611.7,22834
4,430.9,1463
2,5757.1,146160
3,781.3,2358
2,163.1,90
2,5170.9,474193
2,148.5,31
2,1548.4,43929
3,904.1,1879
2,693.8,4942
2,178.5,368
4,4329.8,37246
2,618.3,4614
3,420.2,681
3,4460,64726
3,865.7,6804
4,532.9,781
5,874.6,1978
3,507,551
3,415,1140
3,9301.7,182120
2,507.5,2070
3,974.2,2851
4,716.1,2208
2,301.8,647
3,429.6,1317
4,258.7,55
2,1103.2,14571
3,1991.6,436998
2,205.1,337
2,1139.3,13188
2,550.1,4897
2,2535.6,39529
2,329.2,1053
2,699.1,3467
4,251.4,475
3,269.6,133
4,552.3,2555
3,283.7,1093
2,1181.4,18021
4,496.4,398
3,275.9,2420
2,284.2,785
3,345.2,561
3,464.2,1336
2,570.3,6720
3,1332,4867
2,168.8,209
2,370.7,2788
2,668,5381
4,183.2,19
3,409.6,362
2,1647.1,18355
3,144.5,159
2,132,25
3,1194.1,10225
2,421.8,8647
2,272.1,699
2,4064.8,80359
2,1734,27069
3,447.9,920
2,1288.8,18408
3,296.3,1021
2,1252.4,11757
3,496.4,435
2,3301.5,92219
2,320.3,529
2,230.6,234
3,3681.8,32995
2,776.3,24614
2,292.8,606
3,3620.8,36365
4,198.7,67
4,245.9,113
3,3472,46105
2,2544.1,59417
3,3330,37629
3,1427.7,11810
2,368.2,1679
5,3541.5,28046
3,1497.7,28157
3,1804.9,22718
3,1402.5,23609
2,197.5,1203
3,2412.1,32099
3,457.2,617
5,344,50
2,897.9,8412
2,375.9,2086
3,277,402
2,453.1,2059
3,139.6,61
2,597.1,3427
2,309,2869
3,210.9,268
3,2592.7,26195
3,167.5,42
3,921.2,6599
3,1125.1,42707
2,329.7,1285
2,1337.2,12889
3,2159.9,13341
4,453.3,6969
2,1533.4,42885
4,1069.5,6657
2,191.7,293
3,752.1,3557
4,782.9,15693
2,319.7,1173
4,703.4,1940
3,957.2,3172
2,629.5,2744
3,374.3,341
3,714.2,1492
3,2333.6,45618
2,277.6,1264
2,419.4,1001
4,191.7,18
4,406.7,1767
4,1612.9,5125
2,904.5,15733
3,10331.2,511337
4,263,103
3,720.5,2230
5,611.4,1874
3,320.6,548
3,1713.3,11567
3,305.3,107
4,220,29
2,251.7,1244
2,176.1,169
2,5270.2,124614
2,8514.4,750818
3,270.9,582
3,1090.7,5219
2,503,2975
3,539.2,626
2,521.4,4622
2,259.8,650
2,897.5,4913
3,2531.7,15951
2,223.1,1002
2,191.4,299
3,1471.3,7444
3,3723.4,47312
3,232.8,146
3,7501.6,646562
2,136.4,105
2,121,6130
2,217,415
2,352.3,3456
2,1068.6,10463
3,215.9,256
5,1183.6,5913
2,1769.1,19464
2,2114.3,36191
2,387.9,3062
2,1351,12783
3,668.7,1501
2,322.7,936
2,306.1,960
2,2532,50509
3,742.2,3007
4,619.2,2709
2,8229.6,221919
2,4378.6,85557
2,14060.8,552892
4,825.3,2486
6,214,56
2,942.6,23544
3,3175.7,28212
3,1481.7,16087
2,336.3,1272
3,5846.9,245468
3,299.1,355
3,265.5,324
2,824.1,5956
2,1117.9,9179
2,288.2,2505
3,1159.1,6025
3,920.8,5577
2,124.5,75
4,1286.3,9689
2,302.9,802
3,257.3,120
3,4861.2,67036
3,2196.2,211238
2,6152.9,199013
2,391,2390
3,167.7,128
3,210.4,124
2,2001.6,30814
2,418.5,4563
3,529.6,1261
3,255.6,3576
2,2240.1,34593
2,364.9,4808
2,1548.7,18096
3,630.1,2604
5,716,3163
2,229.4,303
3,815.5,5087
3,2370.1,33828
3,278,299
2,162.5,214
2,1488.4,21475
3,516.7,3225
2,832.8,6544
3,5011.3,57761
2,465.5,3677
3,627.9,3243
2,140.6,277
2,1265.8,15522
2,634.7,5730
2,195.5,442
3,557.8,400
2,989.2,7258
3,278.4,549
2,477.5,1682
2,531.7,1640
3,243.4,607
3,1063.6,114072
2,753.9,7093
2,327,798
3,1209.7,6959
2,223.4,743
3,541,3656
2,1928.4,21323
2,210.6,466
2,253.5,2817
3,835.1,3036
3,884.5,4227
2,7150.4,196656
3,201,464
2,1357,13012
4,1171.5,4594
3,365.5,1497
3,1326.5,9800
4,309.7,761
3,1429.2,6236
3,1105.9,6762
2,879.6,4331
2,11950.7,1125497
4,212.7,255
3,838.9,4139
2,568.9,7287
4,361.3,39
3,506,392
3,1156.5,3884
2,127.7,46
2,1089.9,11712
2,3520.8,61149
3,261.1,454
3,1462.1,12891
3,1284.1,16942
2,152.4,252
4,2788.5,19634
4,131.7,11
2,7562.4,168847
3,361.9,408
2,323.3,1582
2,276.5,726
3,438.6,990
2,492.1,5404
3,7925.7,134828
4,162.1,29
2,732.5,11640
3,2735.6,70526
4,770.4,2860
5,1144.6,2659
2,3166.7,66823
2,2125.4,39345
6,4579.3,25389
3,435.1,2223
3,344.2,1625
2,4265.9,107122
2,3305.7,50630
5,348.1,410
2,625.8,8701
2,313,1093
2,579.4,3091
2,2244.1,21774
2,684.2,42118
2,1383.8,25809
2,233,754
4,453.2,363
3,219,232
3,675.4,248113
6,7783.7,61450
4,410.9,303
2,310.6,695
3,10299.5,298016
2,1796.8,28917
4,4759.4,43416
3,1518.5,12347
3,746.5,3763
4,160.8,110
3,1124.5,6758
2,162,69
3,2448.9,33822
3,5325.6,88475
3,294.8,1456
2,4808.7,93611
3,523.5,1760
4,1195.7,3754
2,6429.1,140250
4,846.4,2784
2,2715.8,56965
2,2223.4,33925
2,1959.2,33487
2,6689.1,169116
3,7575.9,147935
2,252.8,638
3,2495.7,22114
3,2645.8,55541
4,2280.4,10552
3,288.6,1434
3,2629.5,52310
3,240.9,102
3,1086.4,9912
5,441.6,499
2,3816,80793
3,496.9,976
2,347.5,1567
4,318.9,1709
4,874.3,3827
2,530,4258
2,172.6,849
3,318.6,1050
2,210.1,849
3,1896.8,11604
2,1167.6,12544
3,264.4,274
3,382.3,2644
2,773,8413
3,437.3,1233
3,561.7,1161
2,449.7,2270
3,620.9,2105
3,263.1,489
2,2735.8,53308
2,1384.4,12350
3,1909.8,15388
2,790.1,3905
3,276.4,917
3,765.6,3482
3,13247.4,1244480
2,179.9,484
3,254.5,2731
3,788.5,5074
3,5506.3,126511
3,784.6,3578
2,3884.6,163438
3,1874.9,34288
2,1409.2,12622
4,665.2,6226
3,2950,24163
3,492.2,2486
2,2902.8,75779
3,804.5,1621
2,1161.7,18283
3,2324.1,15338
2,241.1,437
3,258.4,135
2,3074.6,48726
3,1304,12263
2,298.3,1050
2,235.6,482
3,1098.4,4845
4,327,158
4,476.5,629
3,1693,12206
2,4172.3,95044
3,10885,262338
3,364.6,1016
2,354.6,1289
3,1368.8,7783
3,4152.4,38564
2,543.8,8255
2,1802.3,18659
3,451.6,4411
5,226.6,77
4,1671.4,31167
4,180.2,89
4,521.5,824
4,497.3,256
2,214.6,598
2,1297.7,9463
2,1620.7,20047
3,423.4,1128
5,318.9,142
4,468.8,594
2,695.4,2856
2,255.7,800
4,1609.6,6180
3,314.5,1308
5,1771.6,5201
3,526.7,1174
3,255.3,433
2,607.5,42641
2,360.9,2860
4,383.3,1308
2,425.4,2001
2,387.6,2169
3,556.5,1392
2,1139.8,10589
2,431.5,1950
2,490.3,4493
2,12284.2,913549
2,2482.9,39569
2,337.1,6554
4,635.2,1203
3,2225.1,29691
2,12663.7,1039566
2,286.7,20331
4,623.6,880
3,1105.9,5229
2,244.5,968
2,419.3,3583
4,235.6,88
2,223.9,733
2,394.6,1583
3,1290.1,9329
2,1180.1,10414
2,603.1,8479
2,486.6,3671
3,144,69
4,1037,2456
3,4802.1,378593
3,1721.1,12090
3,1187.2,7375
3,361.4,293
3,518.7,691
2,1563.2,19652
3,235.2,644
4,277.4,380
3,192.5,159
3,6130.9,84485
3,674.4,1633
2,5466.3,112370
2,188.7,441
3,687.2,3798
2,3889.2,63868
2,354.5,31258
3,3574.6,61974
3,361.5,214
2,667.4,4562
4,1810.1,3660
2,1691.1,18068
3,7529,119932
2,1496.9,41321
3,1442.3,14350
2,383.1,2982
3,382.4,189
2,224.1,279
2,1031.8,9384
2,977.7,12744
2,1262.8,10295
2,881.1,13685
2,795.2,10687
2,165.9,92
4,617.2,610
2,358,1019
3,1159.2,9655
5,441.1,324
3,1241.7,8625
2,285.5,1232
2,794.1,10425
4,648.4,2143
2,412.3,2916
2,2710.9,51872
3,517.4,1716
3,8832.7,613507
2,936.9,7753
4,472.4,288
3,1597.9,10264
3,155.1,489
2,339.3,683
2,223.7,276
4,285.3,40
2,418,1804
2,602.1,2516
2,1895.9,25627
4,214.1,87
2,201.2,334
2,321.7,1337
3,1197.9,4139
2,1350.2,15197
3,340.3,277
4,951.4,2345
3,799.3,5731
3,1971.6,16343
2,433,2327
3,698.2,2286
2,291.8,1123
2,272.5,488
3,7130.1,135189
3,2389.4,21252
3,5687.7,108467
2,579.9,5562
3,10200.8,424825
2,370.7,1465
2,1422.8,14753
4,1395.5,4448
2,624.4,3883
2,799.7,4139
3,423,2362
2,1950.1,46239
2,1688.9,28598
3,179.3,80
3,1188.7,8227
2,1282.7,24233
2,7634.9,505957
3,1802.2,19677
4,1999.4,6629
2,228.2,1218
2,180.8,538
4,367.3,818
4,5864.8,149454
2,405.9,2787
3,1003.2,17793
2,9014.2,953251
2,254.8,1123
2,912.3,5646
5,706.5,4079
3,635.7,3072
4,1207.5,4144
2,571.8,4697
4,1729.6,10892
2,343.2,723
2,1558.8,15885
3,2164.3,18133
2,7294,180748
3,1682.8,6628
3,221.1,315
2,805.2,4863
3,349.6,700
3,914.2,3109
2,4519,99758
3,3369.8,30206
2,723.8,9489
3,2141.9,14174
2,1276.7,17017
3,2209.8,22491
2,1788.6,20432
2,135.1,38
2,717.6,6838
2,820.7,9705
2,150.5,184
4,813.5,2515
4,843.1,2662
2,1311.3,18664
3,221.6,66
2,2316,596285
3,950.5,5335
2,271.8,323
4,1025.3,2570
3,598.8,1486
2,191.8,656
2,5222.7,122914
2,1969.7,32007
3,351.9,318
5,1323,3968
2,371.7,2429
3,165.6,51
2,224.2,304
2,264.9,383
4,3906.4,37744
2,449.8,7249
3,323.6,1692
3,2831.4,20529
2,348.8,1204
2,278.7,786
4,320.1,1470
3,225.9,244
3,359.3,547
3,533.9,2697
2,5901.7,115968
2,719.7,10901
2,254.5,889
4,1078.2,7912
2,2886.6,403662
2,712.3,3573
3,2439.2,11141
4,2722.8,24326
2,190.2,250
4,1295.6,11849
3,2858,27208
2,623.2,6567
3,790.3,1933
3,1127.6,2935
3,324.8,1054
2,251.5,1216
2,218.2,451
3,1872.7,16631
2,270.5,552
2,429.7,10763
4,573.1,594
2,4971.8,139653
4,595.7,377
3,248.7,175
3,3013.8,24101
2,423.5,3851
5,513,886
2,297.7,1732
2,727.9,9826
3,1350.9,7805
2,226,376
2,1300.4,31486
2,20333.9,1018537
3,721.1,2685
2,485.7,1343
3,511.3,2197
3,318.8,244
2,2061,36082
2,3807.3,239086
2,371,3130
2,272.9,990
3,4162.9,48044
2,912.5,18210
3,1166.6,6500
3,5046.9,90924
2,195,285
2,170.4,161
2,2490.6,32318
3,1892.2,14796
3,1314.5,29162
3,4252.6,49221
3,254.2,129
4,176,172
2,574.8,4013
3,2899.7,26231
3,963.6,5024
2,766.2,124522
3,691.2,1276
2,2036.2,23240
3,506.6,5752
3,166.9,44
4,455.8,1908
5,3436.7,30198
2,924,7801
2,224.6,256
4,492.7,627
2,218.7,1361
2,2827.4,88096
3,141.8,195
4,2387,16789
3,782.8,1883
3,1700.2,14839
4,195.8,17
2,1961.7,21586
2,858,212864
2,242,1137
3,198.3,2
3,1023.3,9965
2,437,7551
2,740.2,5029
3,885.3,2504
2,143.4,45
2,2587.3,44488
2,1100.8,17161
2,372.8,1936
3,186.4,12
3,2283.5,17850
3,885.3,1947
3,144.9,85
3,386.5,1188
2,411.8,10720
2,1147.8,10860
2,537.9,3092
2,132,87
6,1082.5,463
3,181.7,235
2,277.2,1243
3,1794.9,10749
4,707.8,1081
2,1741.3,46401
3,452.4,272
2,1509.1,16508
2,341.1,2418
4,1864.2,10527
3,643.6,2173
3,1253.8,7447
4,664.9,2892
3,796.2,2904
2,3897.5,105737
3,863.3,3387
3,468.8,2082
2,6640.3,157097
2,1749.4,28092
2,1887.5,77229
2,2783.7,42255
2,2164.6,43480
3,258.4,132
3,1288.3,6348
4,1305.2,3673
2,1383.8,18093
3,551.4,993
3,1861,18107
4,184.8,26
3,1944.7,17934
2,1253.8,23076
3,5632.6,89819
2,375.1,1178
2,221.9,291
2,304.1,984
3,259.1,246
4,471.4,375
3,183.7,56
3,1512.4,7433
3,150.4,6
4,1838.5,7401
2,261,798
4,813.8,1513
3,193.2,28
2,1015.2,29533
3,2329,14969
3,192.9,128
5,1134.7,3397
3,533.2,1368
3,2321,14387
2,2268.8,44567
5,1553.7,3016
2,648.3,5302
2,4898.9,101322
3,1934.5,14790
3,2160,20738
2,1451.4,11238
4,518.6,1342
3,964.5,3293
3,412.7,657
2,1316.4,12394
3,693.6,1828
2,626,4189
2,5617.4,797081
3,3881.8,61885
3,4428.9,49901
5,1422.8,3088
3,279,156
3,274.6,319
2,328.7,630
2,460.7,1250
2,268.8,617
4,546.7,418
2,269.7,1388
2,307.6,1952
4,1713,8368
4,349.9,268
4,2041,20479
2,861.9,12193
2,5691.9,199460
2,357,2043
3,827.7,5221
2,2134.8,28373
3,180.3,52
3,7835.9,190818
3,895.3,4360
3,271,686
3,529,589
2,183.4,687
3,1224.5,3631
3,1099.9,6937
2,964.5,6328
2,7980.5,184483
4,577.3,795
2,224.6,1567
3,2478.7,20084
4,482.1,4608
2,143.5,36
2,721.8,2918
2,5579.1,665027
2,9211.6,370075
3,1945.3,12741
3,3594.7,35000
2,4207,218657
4,3060.4,24641
3,1528.3,38038
2,179.8,461
2,3509.8,72175
2,158.6,193
3,1506.8,12989
2,273,441
3,1126.3,5252
2,9321.7,260946
2,2608.9,62369
2,238.6,1445
2,10560.3,2722436
4,182.6,91
2,14605.9,565488
2,4430.4,93857
4,164.1,246
2,3431.4,120186
2,768.4,6867
3,1692.3,19163
4,3165.2,24405
3,558.6,881
3,422.4,948
2,307.5,766
2,660,5594
6,394.6,458
4,1855,7801
4,1488.7,10555
2,514.7,1611
3,379.2,2933
3,4606.6,49719
2,2718.6,41027
3,1345.4,8001
3,312.5,272
3,4100.2,67934
2,194.8,135
2,3772.3,59588
3,2603.3,22687
2,244.3,496
2,2143.8,31373
2,240.6,1424
3,302.8,363
2,4385.9,78886
2,1087.5,13547
2,1682.9,19677
2,5614.7,537876
4,958.9,3274
3,212.2,859
2,530.5,2744
4,4148.1,51893
2,7045.7,216324
2,1838.8,19127
3,598.4,884
5,408.4,840
3,846.8,2998
2,1975.8,29146
3,9333.4,164737
3,521.6,1873
2,631.9,2949
2,176.1,187
2,587.3,1524
3,498.1,2561
3,1212.5,8788
3,6165.9,80139
2,1024.6,7915
3,635,3913
2,561.6,7558
2,368.6,1928
3,2530.7,27750
2,987,16352
3,353.2,1048
2,684.7,3611
2,5541.6,139021
2,224.9,465
2,309.6,1596
3,3070.3,33733
2,666.5,3938
3,463.9,1133
3,410.8,4167
2,280.2,385
3,4016.3,48309
3,1393.5,9231
4,1393.1,17773
3,214.3,38
3,365.5,1844
3,451.8,1753
2,1792.5,16762
2,429.7,1772
3,631.4,7716
4,597,1729
2,963.3,11537
5,875.1,2452
3,3191.2,28422
2,524.9,4494
5,837.4,1324
2,1976.8,23016
5,1000.4,1731
3,4051.1,39677
2,264.2,204
2,1407.5,11830
3,1128.7,5469
2,663.4,19787
3,408.8,8912
4,590.1,435
3,1960,12858
3,546.1,1456
2,2631.5,54549
2,192.8,228
2,245.3,793
3,3896.5,37262
4,1681.9,9207
2,305.7,1530
2,850.7,3708
3,318.8,5057
4,222.6,17
4,1384.9,7345
4,605.4,1990
3,539.4,1681
2,5917,163396
3,753.4,5085
4,699.5,2501
2,716.5,3379
2,213.7,189
2,1062.5,7459
2,532,2778
2,1790.9,18124
2,462.2,5901
3,337.9,349
3,1803.4,93756
2,644.7,5289
3,539.5,2067
4,685.7,3324
2,135.5,159
2,2461.4,63990
2,1649,24051
5,439.4,1431
2,172.4,62
3,402.4,907
2,118.9,4229
6,441.4,66
3,1548.9,10339
2,335.7,1603
2,612,5825
2,171.7,145
6,320.5,85
3,891.9,3609
3,2571.8,37463
3,1077.5,8639
3,202.9,376
2,809.6,5629
2,1282.9,20123
3,819.4,5171
4,261.1,209
4,2413.9,49070
4,9860.3,508043
2,5051.8,135277
3,292,564
2,333.2,1958
4,225.3,46
2,1775.2,176713
2,973.2,6427
3,357.9,356
2,1462.9,12808
4,2266.6,25221
4,2754,33130
3,216.8,129
2,397.8,983
4,678.8,3704
2,3232.8,148750
2,572.5,2730
3,1522.5,8678
4,2768.2,12896
3,1472.2,8834
2,261.9,253
2,329.9,4325
2,1560.3,124968
3,1136.6,6583
2,227.4,785
2,4670.7,148764
2,175.4,48
2,262.1,590
2,1518.8,552095
2,458,2050
2,203.5,738
2,273.5,2299
4,721,1212
2,706.8,32101
3,1377.9,11324
3,818.5,2387
3,1288.6,9683
2,568.7,11519
5,1085.8,2527
3,4294.1,53046
3,1561.7,7496
4,2033.5,65775
4,1337.7,5026
3,129.5,27
4,1081.1,3785
4,737.3,1847
4,1024.8,4055
2,355,1876
2,8173.2,310834
3,244.2,167
2,555.1,4049
3,630.2,2984
2,256,1764
2,1521.4,20503
3,7584,135849
2,4379.3,96155
2,1582.6,32743
3,193.4,205
5,534.9,265
2,1441.3,15378
2,275.9,780
3,692.1,1940
2,146.3,218
2,1913.1,22157
4,13795.5,271247
4,4070.3,35306
2,240.9,3440
3,239,267
2,679.5,4475
2,9274.8,385580
2,513,2616
3,793.7,3811
2,948.8,10923
3,561.2,1444
3,1082,8462
3,294.7,196
3,173.2,47
2,616,4342
3,2064.4,12151
3,191.2,57
2,850,7146
3,393.2,353
2,1880.1,21388
3,1105.5,6232
3,6497.1,94012
3,183,28
2,546.3,3846
3,536.9,860
3,184.9,138
3,303.6,1116
2,223.5,537
4,305.4,1190
3,192.2,62
3,3204.8,35831
2,573.6,8502
3,1264.1,5288
3,1426.5,7326
3,2207.5,36672
3,180.7,258
2,280.4,806
3,834.2,21103
3,513.8,1351
4,2129.1,20021
3,1208.6,9956
2,1265.7,10893
3,399,1911
2,129.9,32
2,4935.5,119124
3,564.7,1693
3,1145.1,54397
2,1198,8748
2,302.2,655
2,9045.3,244848
4,7714,519061
4,6958.6,267978
3,1237.8,9213
2,1523.6,33095
4,356.8,868
3,134,5
2,343.6,3150
3,255.2,992
3,1338.6,12484
4,496.5,406
3,407.7,487
4,400,611
3,236.8,380
3,596.8,1504
2,858.6,6967
3,1011.4,4062
4,1445.9,4405
3,353.4,1952
2,340.5,1012
3,270.3,459
3,718.9,3312
5,222.6,143
2,174.1,255
4,412.1,341
3,1419.9,9135
4,3318.1,34906
2,1039.8,29099
4,3122.8,44869
2,511.9,2740
3,677.1,3911
4,177.1,236
4,164.3,52
3,1804.9,18351
3,1279.3,8689
3,738.4,3508
2,410.8,3043
3,775,9865
3,1775.1,21324
3,358,1295
3,364.7,209
5,620.1,1152
2,333.6,812
3,175.3,264
2,199,1577
2,368.7,2995
4,858.9,2414
3,1027.3,23269
2,302.1,1062
2,648.6,3514
2,403.3,2369
3,238,139
3,3448.5,41235
2,932.1,6604
3,216.7,112
4,233.2,443
2,318.6,839
3,827.9,4321
2,620.8,3403
3,269.6,120
3,239.1,894
3,340.2,368
2,558.3,3253
3,5788.7,76586
3,412.1,1595
3,252.8,129
2,9983.4,378864
2,1690.1,20526
2,289,1720
3,243.1,150
3,161.7,157
2,173.7,223
4,2182.2,11059
3,850.2,3608
2,542.6,5603
2,317.1,2935
2,433.3,1787
3,341.1,530
2,3991.4,71912
3,348.3,2802
2,308.6,713
2,793.2,4596
3,7810.9,119004
3,7175.5,146566
3,140.2,11
3,216.4,247
4,6032.2,55895
2,348.6,1394
2,2149.9,28496
3,539.6,531
3,1272.4,4634
2,800.9,9123
2,145.7,20
3,319.3,1841
2,19506.5,1374711
2,3517.5,60463
3,1394.9,13499
4,986.3,1983
3,330.3,2246
2,203.5,513
4,378.6,675
4,519.1,375
3,336.8,791
3,147.2,250
3,746.9,5064
3,3949.9,48346
4,365.3,178
3,674.9,3013
4,547,899
4,613.5,1013
2,8383.1,319305
2,143.3,51
3,932.4,7306
3,224.7,427
2,482.9,2320
3,2231.3,19168
2,633.2,5173
2,278.5,501
4,340.2,334
3,1159.3,6590
3,262.9,340
3,3553,40097
4,1993.3,5795
2,119,22
2,299.6,427
3,2079.1,31724
3,2626.7,22771
3,318.9,3073
2,1262.2,16512
2,203.2,2039
2,10927.7,1171064
3,537.1,1741
2,419.7,1258
3,598.9,1870
4,284.2,250
3,2554.6,17014
3,564.3,1654
3,304.3,464
4,1769.9,5737
2,741.9,2120
3,1826.4,17497
4,555.5,1230
4,469.2,1534
2,945.6,10641
2,1040.3,17257
2,210.3,681
3,1503.8,4807
3,1223.9,9640
2,1603.2,20760
4,780.5,938
3,1395.6,5770
5,7953,96452
2,361.9,9094
2,793.4,7165
4,4468.8,225617
3,333.4,1150
2,595.1,2575
2,199.6,500
2,702.1,4213
2,1388.2,13597
3,244.3,482
2,239.5,1375
3,7477.1,118076
2,225.9,466
2,773.3,9707
2,1076.7,15997
3,1129.1,5988
2,7937.4,276856
2,452,5516
3,1225.4,3913
3,177.6,101
2,943.7,5851
3,779.6,2211
2,433.5,2954
2,9747.4,555919
3,725.8,3199
4,3244.7,26115
3,218.3,93
3,6442.4,102007
3,161.6,16
2,497.4,2175
2,912.9,11340
2,1247.1,117307
2,1948.5,15444
3,2314.3,12392
2,448,1255
3,2549.9,20321
5,227.2,118
2,5085.9,127895
2,488.3,3344
2,173.2,169
3,170.2,30
3,414.7,1476
2,1218.7,10859
2,6586.7,141187
2,457.9,6792
4,410.8,518
3,560.7,1320
3,257.7,556
2,3920.4,76111
3,1283,20320
2,2095.8,34454
4,328.2,136
3,643,1110
2,1358.2,13036
2,345,769
3,1700.9,16330
3,625.9,4519
3,296.7,318
3,1742.4,8523
2,663.6,3634
3,298.1,1344
6,1136.6,1810
4,501.7,353
3,1641.5,12821
3,239.7,39
4,316.3,388
3,3076.1,40183
2,303.1,1087
4,1143.3,3552
2,336.5,1879
3,4357.7,64705
3,338.8,4520
4,638.2,1333
3,480.3,2080
3,1229.6,8189
2,1681,23064
2,570.7,2431
4,1929.6,10882
3,1984,24462
3,1207.5,9864
3,554.8,2114
2,1679.3,139927
2,1214.2,13522
3,1139.4,6452
3,217,131
3,202.7,214
2,128.4,38
4,998.3,17834
4,1891.4,9612
3,1504,4965
4,2063.7,9530
3,1951.7,72272
3,134.8,5
2,227.8,440
2,6833,151848
3,582.9,5438
4,413,899
2,164.4,290
3,6494.6,106967
3,684,1012
4,2867.7,15492
4,438.1,507
3,1786.6,11749
3,559.6,2792
2,1011.8,17872
2,354.1,2354
2,618.4,6150
4,547.9,1004
3,421.5,1364
3,812.3,9153
3,158,21
2,264.6,2997
3,2523.6,20974
5,250.1,139
2,398.6,2674
2,2230.3,29537
3,1158.7,8315
3,372.6,609
3,556.3,4898
3,253,354
3,1269.7,5416
2,179.4,146
3,156.3,59
2,10369.4,373127
3,161.3,99
3,434.6,509
3,1636.6,7286
3,2753.1,48989
3,2878.5,22470
2,335.8,1196
7,961.8,2423
3,347.1,1791
2,1590,20296
4,2972.9,22790
2,285.2,937
2,716.6,10753
2,723.7,6130
2,3295.2,331826
5,4581.4,28118
4,4145.4,39444
4,992.1,950
3,2218.6,20746
3,1367.6,16132
3,575.4,2616
3,157,147
3,689.5,3848
3,649.8,1820
2,2168.1,30674
2,829,17027
2,400.9,1176
2,332.9,2103
3,1756.8,19209
2,237.3,1955
4,864.9,2261
2,444.9,1798
3,1974.3,98866
2,192.3,147
3,2964.1,37383
4,677.5,1035
3,2439.2,15964
2,2376.4,31042
2,690.8,6105
3,3958.9,144893
3,2972.7,36281
3,259.2,278
3,4196.3,78421
2,510.9,4949
3,271.4,406
3,459.9,904
2,2386.8,41470
3,336.7,1080
3,234.6,259
2,4012.5,393703
2,215.5,865
2,529,2697
2,144.6,173
4,1758.3,15575
4,4482,174671
2,620.5,4447
2,282.6,564
2,8543.7,254507
4,526.7,1690
2,333,1043
2,267.8,1059
3,544.2,858
2,181.8,213
2,1328.8,13105
5,1138.5,4146
2,275.6,1804
2,585.6,2120
3,440.7,2949
2,215.4,253
3,1941.4,16879
4,1834.1,7953
2,16623.9,951889
3,1336.9,12068
4,5429.3,51706
2,270.7,645
2,2049.4,49770
2,270.4,1021
2,535.6,4376
2,608.8,3813
2,947.1,10983
2,678.7,7164
3,245.6,330
2,198.9,175
4,4210,40921
3,205.1,43
3,1165,3847
2,908.4,11524
3,1526.8,8457
4,5638,59053
3,1188.5,7585
2,304.8,1724
2,492.1,3636
4,402.7,198
3,1677.3,13482
4,4887.3,40237
2,1315.4,27337
3,444.6,1469
4,528.2,1436
3,508.1,3544
2,701.8,17246
4,3994.3,60364
2,1004.3,10779
2,271.8,857
3,649.7,1238
2,530.4,16315
2,200.6,115
2,225,452
3,2437.7,18331
3,4062.2,42896
3,254.7,115
2,205.9,449
3,522.6,1808
3,266.5,194
2,4199.6,259096
2,6732.5,722511
2,1048.2,6747
3,156.2,53
3,438.2,562
3,2187.5,38817
2,548.9,5684
2,646.6,23501
3,169.5,171
3,335.7,268
3,163.6,199
4,1571.9,6589
2,1006,8725
2,6958.2,216691
3,354.8,1172
4,4551.8,58262
3,3314.6,32726
4,260,92
2,367,1807
2,238,275
3,4156.7,59181
2,225.3,688
2,882.9,8671
2,2459.4,36308
3,3702.7,33777
2,745.6,7180
3,192.7,516
2,2939.5,131468
2,359.1,7721
3,3068.3,41257
2,2459.5,357855
2,4840.1,89623
2,7900.7,422182
3,340.3,436
2,2509.6,45638
2,341.7,3042
2,1236.8,12387
4,374.3,258
3,4036.6,51598
3,1240.6,5752
3,6984.7,107678
2,3935.5,113236
3,1589.2,10490
2,498.1,16541
2,132.6,104
4,277.5,263
3,541.4,1948
2,262.2,511
3,473.5,2264
2,1915,46591
2,2056,34775
2,138.7,41
2,240.3,1565
4,1466,5082
3,1050,4915
6,1884.6,38569
3,1826.2,12748
2,378.6,1178
3,1109.1,2801
3,403.7,934
4,823.7,4708
3,287.4,1126
4,3219.5,21816
4,304,372
2,698,5272
3,2811.8,25138
2,137.8,43
3,4007.6,58143
2,384,2536
3,142.3,24
4,821,1706
2,1484.3,71453
2,595.3,4606
3,223.6,84
3,821.2,2862
3,227.4,81
3,1965.3,43788
2,250.3,369
2,893.7,5592
2,291.9,1018
2,685.3,3608
3,3664,63598
4,409.8,594
2,265.7,1137
4,325.4,104
3,731,2591
2,437.5,3595
3,4118.9,90325
2,279.9,1513
2,986.8,5307
2,1875.9,44478
2,824.8,9377
4,278,39
3,805.7,1356
3,204.3,99
4,244,74
2,422.4,1566
2,1474.9,16994
3,4699.2,232999
2,535.3,2870
3,758.3,4289
2,4213.5,79897
3,746.4,3308
3,744.5,3221
2,3970.5,73272
2,323.9,2807
2,1392.1,9692
3,8826.7,232581
4,6538.2,91902
3,1109,5456
4,944.1,9107
2,308.4,1176
3,4352.6,77104
2,692.3,2831
4,2069.2,17216
3,667.9,1343
2,2492.4,31784
2,819.3,10273
2,798.2,7457
4,866.2,2680
2,381.3,1177
4,610.7,770
2,311.2,1133
4,722.2,4272
2,481.4,16447
2,4183.5,78008
2,535.5,3916
4,955.2,2176
5,348.4,268
2,243,381
4,314.9,176
3,513.3,3766
2,815.4,5070
4,409,552
2,190.7,311
4,212.8,80
2,364.2,3327
2,5660.2,182926
3,514.5,1089
3,899.3,3716
2,248.6,575
3,7546.9,134575
2,2813.2,65882
3,1203.6,4481
3,1520.8,6919
3,861.1,8923
2,443.5,4496
2,212.5,406
4,2651.7,16483
2,133.9,161
4,2965.5,23693
2,558,4670
2,7097.9,493787
4,382.7,436
2,163,357
5,1173.3,1688
3,559.3,1461
2,134.4,111
2,227.7,658
2,966,5657
2,5524,114862
4,1176.3,2864
3,1701.3,9659
3,162.8,248
4,337.8,253
4,346.2,2248
3,706.7,2489
2,7022.7,152289
3,305.5,558
2,298.6,2901
2,2102,40810
2,2734.1,63967
2,481.6,1403
2,249,391
3,1675.3,20686
2,355.7,2120
3,268.3,1203
4,569.9,1501
3,2565.1,21006
2,309.3,3092
3,326,834
3,10083.5,347615
2,236.6,982
2,200.1,952
2,351.2,736
2,1014.6,4939
2,16258.3,1004471
5,385.2,572
4,286.9,161
4,7741.9,96100
2,233.7,580
2,205.9,737
5,4756.8,43198
2,385.6,1774
3,5396.9,86918
3,394.1,311
3,337.3,391
2,415.4,3132
3,2233.9,24626
3,248.1,981
2,6493.3,142325
3,291.6,3899
3,517.8,3198
2,6491.1,203146
4,833.8,5478
4,328,1491
3,596.1,1548
5,259.2,30
3,1203.8,6762
2,283.6,765
3,3124.5,29190
2,214.8,372
3,303.9,1047
3,1473.4,5279
2,309.5,1029
3,431.5,566
3,391.7,2496
4,435.3,1262
3,2836,231591
3,6109,247153
3,476.9,823
2,386.9,1478
3,4816.5,57554
5,1497.9,3529
2,4265.8,99058
2,146.3,209
3,753.5,5689
2,421.9,18940
2,21354.6,1377887
5,451,1461
2,754.4,10895
3,2635.8,27621
2,239.3,1207
4,2654.9,17700
2,3012.7,268454
2,1309.7,18550
2,1602.6,15059
2,2210.7,49028
4,231.5,194
2,317.2,1089
2,1973.6,25450
2,1578.7,21928
3,1769.5,19540
3,547.2,1553
4,8818.4,367118
4,163.1,21
3,685.7,1653
2,533.7,6429
4,392.9,273
2,317.6,2999
3,1900.7,22433
2,209.2,258
4,843.1,4290
4,2471.4,8777
3,179,31
2,595.1,3586
2,257.3,467
3,527,1430
4,1285.3,5589
2,1991.3,102911
2,977.3,12766
4,2726.2,15023
3,346.4,570
3,1203.2,385736
2,252.1,1502
3,2740,21445
3,1159.6,3917
4,4371.5,36149
2,766.8,7369
2,794.7,4818
2,603.6,7548
5,843.4,3002
6,4634,22470
2,4876.6,112522
3,1616.3,9104
3,676,3141
3,1316.7,11047
2,8481.7,766260
3,4088.9,71821
4,1026.1,7876
4,5047.7,47104
2,299.1,1974
2,428.3,1293
3,300,50
4,848,941
2,697,6940
2,219.3,458
4,332.9,92
4,2643.6,13263
3,1173.4,5235
3,2303.4,19994
3,283.3,350
2,7041.7,163912
3,3203.2,357309
2,1996.5,28178
2,458.8,4198
2,157.4,165
2,778.4,5144
2,342.1,1338
5,551.7,8823
3,2622.3,19210
2,1639.5,18505
2,443.2,1936
3,287.8,174
2,592.6,7572
2,347.4,4168
4,599.4,2128
2,363,1144
3,123.6,8
2,1149.2,11620
3,162.7,126
3,3061,32095
2,180.7,1016
3,443.5,1692
3,434.7,1763
2,1283.4,39379
2,3300.6,61594
5,1626.4,4878
2,1187.6,10283
2,319.3,751
3,566.8,1872
2,1943.2,22929
3,1246.8,8021
2,1742.3,19381
4,431.5,841
3,4447.7,79461
2,685.5,6400
3,168.1,193
3,8144,136390
2,264.3,2988
2,329.2,3484
3,741.2,2941
2,401.8,2331
2,456.7,6219
3,166.2,78
2,1086.1,13370
2,276.5,925
2,578.1,6715
3,19552.2,2566081
2,8280.9,388762
4,2415,48965
3,353.7,773
2,1209,19057
2,403.1,1003
2,10647,674032
2,1277,16788
2,2188.3,204731
2,218.4,387
3,461.4,875
4,5071.2,41565
3,179.2,10
2,1354.1,14374
2,2804.1,64060
4,600.5,3143
2,354.6,1314
2,926.2,7425
4,158.8,7
4,1138.5,33723
3,290.5,591
3,1216.2,5848
2,237,568
2,196.9,131
3,7387.2,120003
2,751,6268
3,295,376
2,2460.7,39670
2,3597.4,60608
2,2263.1,28211
3,157.6,13
3,209.6,40
4,366.6,1511
2,288.4,2236
3,545.2,1948
4,5859.9,81993
4,544.8,767
2,1392.8,38081
4,989.5,988
2,1035.4,18038
3,3958.5,62502
2,8389.7,225669
3,562.2,4003
2,1518.5,28987
3,438.8,657
2,410.4,1087
2,1650.3,29367
3,182.2,67
5,2149.7,8864
2,1314.7,16661
2,198,514
3,727.7,1892
3,1819.5,9981
3,3219.5,34724
3,805.6,4719
2,1934,26562
3,951,7604
3,539.4,1476
3,1245.6,7108
2,679.9,6656
3,669.7,1452
2,911,10090
2,611.7,2925
6,4731.5,28768
4,569.8,839
2,268.1,1617
3,378.1,939
4,213.3,252
3,248.3,402
3,357.3,311
4,1270.8,9717
3,144.5,11602
3,2583.9,22143
3,4512.7,58420
3,4078.1,59749
3,1364.1,5416
3,2752.1,26701
2,650.9,6501
2,293.3,751
4,282.2,321
2,1029.8,18619
2,482.9,1452
4,293.1,213
2,422.1,3243
3,943.2,3108
