elements_per_query,time execution,size_intersection
4,13691.6,122182
4,1883.1,5598
5,4379,8589
5,2714.1,4071
2,20731.1,633784
3,1644.3,10115
2,1579.2,8866
4,1938.3,3505
3,20997.5,354326
5,383.2,61
5,9431.6,67822
6,1586.7,686
2,965.1,13094
2,3198.9,28457
4,10860.7,88411
3,842.2,1439
3,2918.5,9285
2,603.8,1369
3,2991.5,30261
4,2697,5614
5,5350.7,14955
4,1904.5,5116
2,357.6,1718
5,1681.7,1840
5,592.4,82
2,1898.2,20361
4,2279,5298
3,323.5,403
4,371.5,215
2,153.9,144
4,3713.9,11023
2,315.2,316
4,433.4,131
4,5604.9,39542
3,273.5,220
4,1220.4,1781
5,1251.5,1146
3,1995.9,6685
3,517.5,503
4,2041.2,2691
4,1491.4,2176
2,417.7,1626
3,1989.8,6082
3,434.1,337
2,1092.5,26622
4,2031.6,3663
4,513.2,85
3,896.2,1017
5,12203.5,75264
3,984.3,858
3,395.3,793
4,1179.5,855
4,1023.5,936
5,2150.9,8606
4,364,446
4,708.6,1055
4,5012.6,21169
5,728.7,418
5,244.5,35
4,1009.4,2420
3,158.8,13
3,1647.6,6587
2,1319.1,9346
5,1647,1478
4,676.2,865
3,16730.1,248618
4,576,1064
5,3410.2,7566
2,140,29
3,966.6,1735
4,3019.7,9160
3,933.6,1701
3,6145.8,46192
4,1825.8,6684
3,600.3,1668
5,1730.9,3856
3,365.2,123
6,266.9,21
6,1372.7,2167
2,339.5,893
2,345.4,709
4,1182.2,1180
3,609.6,491
3,145,51
3,297,316
3,2087.2,13144
4,1407.4,2604
3,431.5,295
4,13640,119846
3,262.1,174
5,509.1,108
4,6620.2,55058
3,3816.2,16490
4,565.1,204
2,2172.9,26939
4,2693.6,4468
5,2208.3,1670
3,3799.7,25686
4,9347,57863
5,411.3,242
4,1014.9,1843
6,471.6,369
3,4274.5,33287
5,892.1,492
6,6814.2,13848
3,230.8,58
4,193.5,19
3,312.9,334
3,194,106
3,1903.4,8759
4,2616.9,8721
4,504.1,51
4,3316.1,6290
3,3334.5,31819
6,778.2,391
2,313.3,304
8,310.8,40
2,202.9,329
5,154.7,15
5,5329.2,30737
5,1549.7,2560
3,1646.2,4137
6,3443.5,5693
4,9876.9,268298
4,5571.5,26927
3,4063.6,36177
7,400.7,8
4,6733,47416
4,1567.1,3302
7,1407.8,739
4,1442.5,5775
2,525.6,1732
5,318.9,94
2,3255.9,68385
3,1596.7,4884
2,1635.2,12300
4,183.7,17
3,9381.7,134424
2,3067.1,45304
3,600.5,2674
2,286.3,1506
4,1414.1,8305
4,493.4,753
4,740.8,861
4,255.5,22
5,1692.8,1997
6,1729.5,961
3,306.2,97
3,411.9,1954
4,446.5,352
3,631.3,2225
3,1403.5,1982
3,635.9,1297
4,2435.2,7791
5,557.7,90
2,265.6,574
3,784.2,1555
4,4990.3,21022
3,420,354
4,953.7,1251
2,2575.9,27720
5,2898.6,18482
2,2398.5,31485
4,1554.6,2325
5,1297.4,863
4,2184.5,2764
3,3174.1,30027
4,3609.1,21676
2,521.6,1907
3,205.5,256
4,5649.9,23194
4,772.8,486
3,508.8,235
5,6046.3,14852
3,938.6,4344
3,286.3,633
4,299,90
3,594.5,3455
4,3349.4,10986
4,1521.1,2382
4,1685.2,3406
3,3368.6,21736
4,270.6,216
3,722.9,1910
3,811.6,5461
4,2375,7789
3,377.5,857
6,593.9,76
4,11021.7,90485
3,1717.1,5913
4,1226.7,781
3,668.5,1255
4,4075.1,24027
5,1881.9,1881
3,328.8,68
2,683.3,5579
3,628.9,1904
4,849.4,1200
3,260.8,123
4,762.5,776
2,321.5,979
4,421.7,200
3,659.7,1378
2,5991.2,83222
4,835.8,665
5,3661,9161
4,4040.6,10088
4,688.4,449
3,335.2,84
5,424.7,113
3,326.8,209
4,792.9,150
3,4175.6,31262
2,549.7,2281
2,2340.8,33769
3,415.2,424
3,2163.4,11129
2,5556.1,210750
3,1113.9,8549
4,230.1,83
4,1253.6,3031
3,888.3,1917
4,1580.4,3983
6,529.2,321
5,991.1,1417
2,1583.6,15617
3,258.3,172
5,7044.6,65405
3,1425.4,2696
2,927.2,6082
2,831.5,3571
3,1155.2,4415
3,435.5,341
3,431.9,1950
2,1759.7,11905
3,5158.6,35467
4,1227.7,4066
3,742.2,4315
3,673.1,821
3,6000.4,47755
2,1217.2,9015
3,533.2,586
5,1927.1,1631
5,462.7,56
5,592.2,1396
3,192.4,366
5,1835.6,2394
3,4951.4,29170
5,249.2,16
3,784.1,2080
3,690.6,3688
4,4135.5,11084
3,862.4,2876
5,772.8,599
6,4145.6,5424
4,2190.6,4187
3,760.1,2264
2,1102.1,7515
3,6750,242829
5,711,1238
3,735.6,909
3,462.1,441
4,632.4,639
4,415.3,554
5,6196,26614
4,715.4,1213
3,1528.4,10073
5,260.1,69
3,604.7,4029
3,1712.1,3757
3,501.3,539
5,854.1,386
5,442.8,174
2,2181.8,30251
3,1839.3,7968
3,286.5,364
3,1986.8,10601
5,4204.3,8294
5,649.3,304
2,241.5,1170
5,857.2,533
5,356.6,32
3,170.1,116
3,646.6,1791
5,255.9,6
5,211.9,4
4,1348.4,5332
5,1269.7,2858
3,215.2,18
3,20852.2,582266
2,414.6,3962
3,3384,45443
2,367.4,4899
5,2148.3,2236
2,855.1,2618
4,148.2,2
3,8642,115985
4,2656.3,5605
5,334.6,58
3,345.2,246
3,331,245
2,4827.3,88536
5,728.5,740
3,997.3,6939
3,755,2024
2,51120.7,3644511
3,723.2,1853
4,651.1,768
4,414.4,124
4,2382.9,7929
5,775.6,308
4,2012.2,3733
4,2376.1,4739
5,551.3,84
3,340,157
3,1028.9,2434
6,1255.7,462
3,8075.2,74184
2,13712.3,302800
5,455.9,310
4,322,222
2,10223,520347
4,2094.4,3780
2,3293,45600
4,849.7,1302
3,6405.2,67778
2,4461.4,104479
3,1056.8,9753
3,1403,4824
5,766.8,361
4,849.2,2567
6,1053.5,328
2,258.1,1533
5,444.6,105
5,1361.7,1381
2,615,5093
5,344.5,71
5,850,494
3,733.9,2226
3,1243.2,5328
2,473.8,1599
3,293.7,513
3,763,7092
5,272,5
3,2671.2,24820
3,3168.8,14608
2,508.2,3330
3,879.1,2923
5,11135.2,48602
3,413.3,333
3,2767.8,12569
2,342.7,753
2,1480.7,9212
3,720,877
4,286.3,142
7,7258.8,12175
3,1031.1,8127
3,421.9,1002
3,2240,12329
4,2141.9,4527
3,2820,9791
6,4165.5,4825
4,922.4,1853
2,212.8,139
4,1681.4,2885
4,4012.2,13487
3,4376.5,33854
4,368.5,168
5,1432.6,1130
5,2292.8,3057
4,3218.8,19757
3,2073.1,12973
3,245.3,93
3,577.9,280
5,347.4,97
4,221.8,56
5,1061.8,3272
3,2612.1,11963
3,320.8,467
3,238.4,104
4,1338.1,1526
2,301.6,573
4,1569.3,2109
6,393.8,48
3,324.7,325
2,3629.4,27853
4,1580.4,3036
4,196.9,8
3,3843.8,29845
3,3879,38354
2,1159.6,6695
4,1042.3,6139
4,2649,4149
4,3822.2,12021
4,1258.4,1867
2,359.9,2903
4,842.9,1090
5,963.5,152
2,3819.4,33203
3,3497,13579
4,570.1,184
3,246.8,87
3,553.6,1206
5,705.7,195
5,486.5,74
2,1910.2,18924
2,393.5,1547
4,1726,1741
4,394,92
3,2281.2,11201
3,2441.1,12594
3,719.3,2851
3,493,281
4,1089.3,974
3,3482,41090
3,940.4,2007
4,1815.6,1958
5,459.8,328
4,913.8,991
4,1384.4,1306
2,678.6,3901
4,2555,9034
5,6703.3,29481
3,7242.4,82082
4,1442.1,4396
3,975,1628
5,362,28
3,223.7,217
2,4421.8,98326
5,2113.9,1962
6,3655,8139
3,2783.1,11147
4,429,1724
3,288.2,1257
4,1620.9,1099
3,582,741
4,4095,13387
3,1612.9,11732
4,193.2,31
3,2894.9,12657
2,12738.9,505459
5,3121.9,5608
5,1226.4,2214
3,304.8,830
3,1115,1414
3,229.8,18
3,2528.8,8438
5,703,624
4,2658.8,6069
3,1662.5,5218
3,487.3,327
4,1611.4,1940
5,488.3,1031
2,815.7,3936
4,438.3,29
6,248.9,54
4,1241.2,4887
2,11274.7,236055
3,462.3,386
4,300.9,153
4,790.1,408
5,2102.5,5041
5,3834.4,7167
5,558.1,199
3,481.3,471
5,166.1,6
3,3684.2,22141
3,939.1,2480
2,2731.9,24982
2,369.4,452
3,610.3,1208
3,581.1,1232
4,738.6,1501
4,4673.1,23344
7,3347.2,3842
3,5519.8,36519
4,968,1233
3,1162.5,3523
5,580.8,272
4,372.2,73
3,363.1,564
2,2438.6,48630
3,973.2,8729
3,5799.2,44739
5,16482.4,100860
3,348,404
4,1871.8,6139
5,3957.7,10102
2,273.4,1637
2,1959.3,18639
3,377.9,439
3,1645.3,6233
2,559.7,5992
3,5725.8,158698
3,275.3,695
2,886.9,11614
3,3443.4,40493
3,1469,5197
5,516.2,187
4,265.5,237
4,255.4,41
4,2141.1,4312
3,304.8,128
6,1744.7,2618
3,2508.9,34668
4,199,9
2,225.4,5255
3,906.2,3774
3,439.1,646
2,719.7,2122
5,223.2,2
5,1456.3,2011
3,1758.1,4523
2,5026.8,90411
3,357.5,366
2,2309.9,29686
6,356.1,20
2,1469.9,10654
2,339.9,3041
5,1174.3,626
7,1164,680
3,2360.4,26921
3,423.2,247
3,507.9,716
2,8839.6,406298
3,490.4,743
4,5358.5,20191
3,1305.7,5175
5,5208.4,18952
4,1137.8,2832
3,3234.3,109902
5,12120,94954
3,2887.1,17362
4,6398.8,24918
4,10661.9,82269
3,368.2,261
6,605.2,42
3,346.4,829
2,490.5,2097
5,592.2,386
4,306.8,204
8,684.5,183
5,2889.5,4203
4,1469.5,2906
4,4096.8,20650
3,1709.3,4917
2,318.4,1152
3,6504.4,60039
6,380.7,239
4,926,2775
4,383.4,47
4,6586.3,39998
4,1363.5,1764
2,8698.4,309558
3,7969.7,74090
4,225.9,213
2,319.1,2516
3,5965.4,38119
2,580.1,3689
4,2563.4,7576
3,1160.4,3827
3,465,724
4,2776.9,7082
3,3167.6,19941
3,530.7,732
2,599.2,2641
3,2930.8,15247
4,482.6,459
3,244.1,108
4,5731.5,32180
4,704.4,529
4,5466,19078
3,2521.7,16636
2,416.1,4701
4,2110.6,5577
6,346.6,5
6,1593.1,1723
2,276.3,813
2,2395.6,22294
5,213.6,16
5,270.1,19
3,4297.2,33695
4,296.6,83
3,859.1,1747
4,1437.2,3689
5,1638.3,3528
3,4233.3,43765
3,1429.4,12977
3,1119,9503
4,1917.7,8926
2,7356,127836
5,546.9,171
4,370.5,58
3,5459.8,33722
3,268,273
5,272.8,30
4,311.8,17
3,3298.4,14595
4,14122.7,137561
2,222.5,184
5,1600.5,1946
2,173.8,185
3,496.4,480
5,1068.7,1281
3,940.4,1083
5,1005.8,224
2,325.4,1723
2,1469.2,18286
5,2239,4003
3,2481.8,19921
3,3807.4,22224
3,7764.6,91153
3,118.2,42
3,1255.4,2969
5,1294.6,1192
3,4769.6,39657
2,268.8,394
9,2119.3,304
5,2432.8,1955
4,1467.4,4638
2,364.5,861
4,722.8,1526
3,348.3,200
3,5019,47471
3,6023.4,58072
4,1263.6,1284
4,3890.7,23544
3,585.7,1262
3,341.6,113
4,171.2,1
4,3132.8,10663
2,461.4,1202
4,4865.4,19306
2,230.2,254
2,496.1,4022
2,261.2,996
2,331.6,946
2,1086.6,6126
6,1419,1865
2,1336.3,8743
3,4445.4,50864
4,6082.3,85465
3,368.6,1671
4,2617.8,13593
2,1300.4,7592
6,734.4,264
4,2435.8,4741
3,1445.7,7188
3,2644.4,17449
3,737.1,2158
2,859.6,3354
4,4162.2,17819
4,1203.1,1542
5,530.2,284
4,3208.9,16869
5,3635.8,9723
4,2733.4,4152
5,573.5,61
3,433.2,763
3,733.9,858
3,13558.2,363126
3,401.4,305
2,919.6,8642
3,167,2
5,301,2
5,1768.5,2927
3,4116.8,22111
2,9671.7,150870
3,15359.6,234659
5,234.3,7
2,234.8,666
2,1288.3,13948
4,621.2,218
3,1421.2,9496
5,5009,18069
3,1113.5,1974
2,2955.6,24938
2,146.9,61
3,636.4,1952
3,416.9,301
4,414.8,121
3,611.4,3747
3,1579.8,8436
4,2303.8,7511
3,273.4,121
2,402.2,1621
3,888.9,5589
2,1023.4,12469
3,773.4,4345
2,399.1,2119
4,1188.6,5572
2,230.3,170
6,774.3,327
4,711.1,569
4,963.1,788
3,5227.4,34253
5,367.1,48
4,1385.7,1235
4,345.5,888
5,1888,2256
3,535.4,1921
5,2007.4,2508
3,6019.1,61564
2,1721.3,32202
4,3006.6,15154
2,1908.9,20349
5,1267.9,1034
2,413.3,2925
5,623.4,49
6,1444.8,993
2,3399.1,49415
2,961.8,12106
5,541.8,530
3,5533.8,119193
6,1742.9,1613
4,631.5,90
5,1374.8,561
2,266.6,463
2,1339.6,8285
4,4573.2,24000
4,734.5,920
4,571.9,308
2,2822,27955
3,844.5,22720
6,328.9,53
3,399.1,961
2,457.3,1701
3,3677.4,21629
4,3475.3,10142
5,2299.5,4137
2,12523.8,625261
5,438.6,145
4,2118,22501
3,922.9,23047
5,866.3,1375
3,1229.1,2377
5,1511.5,1008
4,531.8,1101
3,834.5,2368
5,2728.6,6190
3,577.5,2137
5,1662.6,1701
4,11749.3,96775
4,956.1,1230
7,5736.8,12621
4,4360.8,21257
4,719.7,910
4,3060.8,7690
3,16308.3,450387
3,312.9,1068
4,381.1,290
3,728.2,960
5,2053.1,5787
3,1235.1,2615
3,271,368
12,3276.8,1528
3,4978.1,45422
4,3291.4,9761
4,5157.7,21415
4,2152.7,6927
4,621.6,350
5,13925.2,103226
2,358.1,904
3,9365.2,100542
2,218.1,124
3,2963,15615
5,2504.2,4639
3,3811.4,26066
2,158,252
4,1880.4,4150
2,745.5,3930
6,4586.6,5490
3,793.6,838
2,3123.4,27377
2,869.4,3509
5,1222.7,432
3,414.1,2250
4,554.2,249
4,5194.3,27543
2,1177.6,11218
3,707.6,3102
3,663.5,1408
2,10588.7,482562
2,1352.5,7775
5,195.8,27
6,3496.6,9885
3,1191.8,3740
2,164.2,73
6,4182,8858
9,2305.5,1669
2,365.6,2839
2,223.2,263
2,2962.8,37247
3,822.7,10673
3,246.6,394
5,262.2,7
3,305.4,846
3,1845.6,4368
2,248.5,172
3,7570.1,143025
5,1210.9,2386
3,915.8,1172
4,1546.4,4048
7,860.5,809
3,1417.2,5114
3,971.9,5075
3,3919.6,26908
5,1500.5,845
5,492.9,65
4,1840.8,3006
4,316.2,288
4,1934.6,5000
3,727.8,1033
2,645.9,3058
7,1493.9,1096
3,442.1,1578
5,248.1,12
3,2676.2,9827
5,517.5,551
3,209.3,164
4,231.7,21
4,297,57
5,2442.1,3286
4,553,173
4,9137.5,62952
4,900.3,812
3,441.6,854
3,5101.6,51934
5,451.2,8
4,531.4,246
5,4155.1,7347
2,279.1,1297
2,17950.9,440676
3,1352.6,4391
4,714.2,966
5,234.2,7
4,596.9,371
5,8150.9,125951
3,310.3,381
5,1776.2,3565
3,218.8,38
3,206.8,246
3,864.1,1610
4,695.2,287
4,356.3,57
4,1191.3,2877
5,5926.7,25516
4,158.9,42
4,3449.6,8212
3,274.4,598
2,297.4,514
4,1687.4,2394
2,1427.7,17158
4,1817.9,4947
4,395.6,122
4,406.8,868
5,604.3,838
5,5773.2,25700
4,1042,1717
2,608.3,2868
3,1511.5,11376
3,1325,5628
3,168.1,24
4,6710,34709
4,3309.6,21773
4,235.3,21
3,383.1,623
6,1555.1,2466
9,2781.2,2044
3,5377.6,36726
3,15534.9,294086
6,727.6,171
3,3696.9,16873
6,1117.9,706
3,1636.1,7101
2,2915.4,23451
3,14952.1,594383
6,1886.9,2098
3,1682.3,7962
5,782.6,597
3,417.6,198
3,8613.9,117432
5,837.6,1672
4,790,281
2,285.8,753
3,711.6,3197
2,664.2,2545
3,1035.6,5590
4,411.8,484
4,692.8,1182
6,6244.8,13147
3,298.2,707
4,2227.5,11423
2,575.9,18625
4,175.2,4
4,1371.2,2327
6,2272,3011
3,1544.1,6080
3,1157.5,5712
3,18679.1,300930
5,5812.1,21902
2,277.2,1256
2,13148.3,388838
2,9386,168528
3,2936.7,17191
4,524,558
4,1303.6,1661
4,1422.8,2192
2,3168.2,29028
4,1831,2810
3,382,341
4,892.8,1386
2,218.8,797
4,261.6,102
3,2563.2,8818
2,188.3,410
2,708.6,2727
4,412.8,450
2,6278.6,100165
4,1167.7,2667
3,511.9,1458
3,3347.8,23265
3,290.8,449
5,446.5,578
8,4593.5,5806
4,257.6,314
4,4068.9,12688
3,2076.4,11463
4,869.9,526
5,7942.6,30625
3,679.1,3228
4,778.3,589
4,2041.4,6799
4,873.6,1449
3,658.2,1424
3,176.4,739
4,4565.3,19831
3,21899.6,691444
4,869.4,2573
4,2302.6,7413
8,1317.1,612
3,1156.3,1798
4,1649.4,2540
6,818.5,77
4,1327,1629
5,3346.5,13188
2,25918.6,1054459
5,592.2,507
3,2526.8,20561
4,1406.2,1224
4,2079.2,5714
4,10582.8,117772
3,3567.9,24223
2,747.6,4243
3,565.7,479
3,1276.6,2179
4,4534.5,15385
3,288.6,229
6,3406.9,3969
4,667.6,306
3,5475.8,256583
2,382.4,2715
6,4913.9,11236
2,527.3,2382
6,195.7,0
3,1416.1,8231
2,2050,16208
3,3621.8,24473
5,219.7,81
4,6481.9,82607
5,447.5,67
5,474.6,254
4,1317.2,2050
6,255.9,17
5,3225.8,6188
3,2090.7,6349
2,3653.9,48943
2,550.9,8805
3,767.3,875
5,2248.6,2837
2,946,24598
5,4064.7,9693
4,796.1,1111
3,2395.8,8460
10,5087.2,4593
4,579.5,1015
2,1104.9,5794
4,289,78
2,605.9,4771
4,1327.1,1910
2,371.3,1599
3,388.3,104
2,271.1,940
2,616.4,4937
2,266.6,1572
6,169.3,1
2,305.2,1070
2,12960.4,513413
2,284.7,1292
4,844.3,1398
3,651.8,1019
4,512.7,182
4,1400.5,2682
4,5841,31023
2,1483.8,29184
2,20858.6,592433
4,289.9,12
7,868.6,1267
3,254.9,90
2,836.8,4455
6,2576.8,2053
3,633.7,5051
6,550.5,225
4,1007.4,479
4,1063.9,462
2,362.7,954
2,443.3,1821
3,4115.6,29146
4,1749.5,5362
4,19251.4,312284
2,318,948
4,1159.7,1017
4,2966.2,6577
4,536.5,160
2,130.5,59
5,656.5,484
4,2936.4,9952
4,5362.7,16752
7,362,48
3,438.6,493
3,512.7,534
3,223.3,160
3,3853.7,37794
4,2771.2,5227
4,1451.3,3449
4,1493,2433
6,1132.6,474
5,1154.7,848
5,2224.5,3423
5,520.9,45
4,16071,431499
5,869.9,969
3,21677.6,1025381
4,757.6,547
4,2226.2,4942
5,1071.8,859
3,453.9,592
3,221,33
4,328.5,26
4,5287.1,62499
4,3260.8,16677
5,1197.9,2089
3,1400.6,2299
2,9847,187426
5,1950.8,1362
2,726.3,3633
3,6046.5,53444
4,1486.7,1442
2,882.8,4878
4,325.1,88
3,1220.5,22874
3,267.4,142
4,2412.7,4844
2,708.6,2950
4,846.2,976
3,987.4,2499
4,295.2,420
5,740.5,234
3,9282.8,110559
3,1197.2,4481
3,331.6,229
2,221.9,1515
4,870.6,1103
3,3968.4,22691
4,282.1,88
3,8011.7,83976
2,680.9,3624
4,4364,25122
6,701.4,277
8,441.6,1113
2,1355.5,52251
4,10440.3,142264
3,1138,5761
4,949.3,1382
3,418.4,738
3,6400.4,69601
3,938.3,895
4,719,859
3,484.7,614
5,918.3,233
3,456.2,522
4,2969.8,8651
4,3842.3,16334
4,1709.8,3124
5,1244.9,1066
4,189.4,4
4,451.5,258
2,1637.7,56987
5,315.7,35
3,271,318
2,919,4256
3,558.4,536
4,254.7,63
2,5319.7,82457
4,1603.7,2997
2,225.1,192
5,740.8,446
5,1528.5,1614
5,436.9,69
3,256.3,152
5,921,404
4,3009.3,14251
3,263.9,257
3,3498.4,20185
2,5098.9,79784
3,665.9,1502
4,1221.4,2479
3,3324.8,34434
3,3248.2,25561
3,226.5,83
4,425.1,685
2,245.8,680
4,2031.2,3757
2,5056.4,61415
4,17394,198941
4,3296.2,11182
3,830.6,1523
5,11358.8,47709
6,2747.5,5667
6,339.6,14
2,3919.3,146244
2,8014.5,130532
5,5441.8,27800
2,173.6,91
4,3030.9,7206
3,310.2,1752
7,814.4,317
3,9724,115372
4,1901.2,4327
3,2537.4,12068
2,317.3,685
3,6630.5,57336
3,2311.6,6141
4,2500,6935
3,399.5,824
2,273.4,791
2,3454.9,39598
5,2797,4379
4,647.2,1086
5,762.7,1232
3,373.5,88
3,17287.7,255123
4,3004.8,11684
3,228.3,157
4,542.4,313
3,1546.3,3425
6,974.9,743
5,387.4,464
5,1545.6,928
3,1465.5,4984
2,326,968
2,1758.7,41526
8,1052,532
3,403.1,1535
3,288.5,212
3,1844.7,11904
4,744.3,5189
4,7209.6,44386
5,2474.2,2923
5,560.3,106
5,669.5,299
3,1948.4,12427
3,1099.5,3274
4,21216.8,468492
3,522.3,1268
5,3822.3,9671
3,2687.8,15604
4,786.6,1153
4,696.2,277
5,448.7,340
4,1518.4,4091
5,4547.1,11562
4,4090.3,30346
2,43061.5,2452383
3,2117.2,13693
4,1418.2,4366
4,638.9,218
10,798,84
2,682.1,2715
5,440,15
5,1139.1,892
4,268.7,255
5,236.1,3
4,585.6,373
3,498.4,2551
2,1457,7949
5,510.6,178
3,7278,61444
2,1070.2,7997
3,6632.7,70640
3,1008.1,2520
3,327.6,351
4,1311.5,5937
2,549.6,1086
8,5646.2,5250
2,190,99
3,560.9,2000
3,120.9,0
5,210.4,3
3,353.8,728
5,297.4,105
3,11192,113191
3,1337.5,8929
4,3270,8841
5,1638.4,2517
4,3217.1,13189
8,2008.7,491
8,2405.3,2369
3,1059.6,7959
5,1700.9,1887
3,490.8,654
4,1226.1,2682
3,4786.8,31144
3,272.9,465
3,2693.3,26337
4,2333.6,9090
3,3556.4,22128
3,1321.3,5070
4,255.3,156
5,368,816
3,2900.2,19009
4,448.8,60
5,4429.1,7072
3,145.1,49
3,895.1,5848
6,3020.7,3526
3,702.5,2552
4,1039,1542
5,723.3,523
6,10564.5,56514
4,311.7,585
3,608,617
5,2328.7,2823
2,198.2,4456
3,201.2,762
3,643.7,2632
4,1101.6,1281
4,275.5,122
3,453.7,2413
4,1638.8,2526
4,590.4,1180
4,951.2,587
3,3340.6,14570
5,594.5,180
3,850.7,3893
4,1852.4,11679
3,2582.2,21485
6,2570.6,2460
7,3047.7,2242
3,715,1098
3,3222.3,50562
6,778.2,173
4,1869.9,3794
2,343.8,1698
5,280.2,12
4,1460.6,2693
3,203.1,182
6,531.9,351
4,585.7,418
3,701.6,1093
4,541.8,1020
6,482,443
5,735.4,1573
4,5185.1,25610
6,1905.9,1362
4,538.7,694
3,887.7,1252
4,2610.5,5802
4,3696.3,9618
4,292.5,170
2,356.9,1113
3,3141.9,18451
5,7091.3,28396
5,1521.9,3258
3,655.2,2949
7,383.9,16
4,15380.8,137938
2,3543.4,162859
5,6795.3,45383
5,522.4,279
4,761.6,364
3,2316.6,6140
4,4610.9,16092
5,2887.6,6228
2,652.4,6990
3,953.9,1216
3,10649.3,112600
4,8640.2,76869
3,1718.2,10215
3,5206.8,44886
5,10016.1,54380
4,1903,5319
4,11046.2,201617
6,12015.5,46343
4,3112.2,7067
3,1404.8,6264
4,5368,23475
6,3703.3,3980
6,519.8,279
2,14914.2,373468
6,2967.9,3119
3,15454.2,301359
2,690.3,3828
4,670.2,730
4,855.4,1118
2,561,1902
5,4611.2,15337
4,272,112
4,978.6,1260
4,363.2,299
2,1201.6,8919
4,382.6,76
5,1485,1018
5,509.4,144
4,501.9,1122
4,3716.9,14486
3,699.3,1872
4,526.5,721
2,1261.9,12985
3,3875.1,30217
3,262.8,548
4,702.7,731
4,2233.3,7391
3,816.6,828
8,3035.7,2667
5,1636.4,1220
6,896.6,408
3,389.9,642
3,3820,23698
4,674,538
5,659.6,162
5,2275.5,2500
3,405.9,964
4,1976.5,10172
4,3035.2,6948
3,623.3,548
6,897.1,1693
3,864.6,1708
2,2926.5,22258
4,954.8,1051
3,310.2,704
3,1321,4129
5,125,4
5,1578.1,6502
4,3492.9,13293
3,562.8,1273
6,417.1,116
6,201.2,4
3,829,10722
4,196.9,21
4,9860.9,69026
6,1713.3,1777
3,533.7,926
4,1916.3,3007
4,905.9,2746
3,3622.2,37226
4,194.4,16
3,1432.5,5774
5,3827.4,6766
4,678.5,931
5,1407.5,611
4,401.7,1297
3,495.1,398
4,1376.9,986
7,663.3,146
5,1035.6,1072
4,363.4,126
5,431.8,132
4,620.2,900
3,770.1,2040
2,610,5181
4,579.5,882
4,3138,8967
5,750.7,1974
8,11563.5,39460
5,592,588
5,3708.6,12078
4,3375.8,14865
4,814.7,1300
6,329.3,32
3,274.5,308
3,2221.7,21158
2,246.9,890
3,1234.7,5285
5,3162.7,6618
5,9882.8,59920
11,6132.1,2727
3,193.7,28
3,1523.8,8865
6,1209.8,586
4,2116,3084
4,5201.8,23606
4,431.7,226
3,1389.4,6235
4,142.2,7
4,1606.1,2278
4,9376.6,67800
2,13091.1,700818
4,4007.7,13534
3,2354.3,8687
2,4473.5,101661
3,262.6,51
6,5841.6,14033
3,620.4,365
5,1508.3,1208
3,7477.8,73570
5,719.1,506
4,2112.7,7055
4,7302,39336
2,1616.8,11702
2,1305.3,9340
4,299.4,242
4,263.2,15
5,382.8,57
3,412.7,1618
4,418.5,833
4,970.4,1278
2,4651.7,101326
3,298.8,245
4,1082.1,2159
3,4560.6,40664
5,706.2,451
5,1063.6,451
6,10768.4,37951
4,797.3,1557
3,2187.6,12244
2,806.8,7548
3,2803.6,14595
4,248.6,172
4,1647.4,14687
2,5402.6,80656
5,1080.9,938
5,652.6,145
3,855.2,1396
3,995.7,1628
4,327.6,188
2,2463.6,16848
6,230.5,5
3,7564.3,51467
3,286.1,232
3,2258.2,12715
3,590.5,1830
3,3081.9,18215
3,239.5,126
5,470.6,60
3,444.3,572
2,406,1270
3,415,814
2,23915.8,725781
3,1433.6,7865
3,9566.6,133505
3,1153.3,2013
3,3805.2,18669
6,1144.3,252
5,642.9,211
4,1973.6,7266
5,3614.6,9014
3,223.4,913
2,423.4,3221
3,455,1104
6,1492.3,1972
2,1197.4,6807
3,3571.4,33548
3,531.9,554
6,1010.9,364
2,172.9,97
3,849.3,6251
4,14732.5,191475
6,2861.5,2825
4,1635,6777
2,2680.5,27656
2,287.8,1037
4,1649.5,8322
3,380.6,719
2,2837.5,28275
5,663.7,53
5,1200.8,910
2,5411.4,73065
4,4619.4,36137
4,3207.4,12664
3,6910.4,67769
3,3894.7,34945
4,811.9,1273
3,2470,13217
7,6391.3,18807
2,320.5,2975
2,209,266
4,2693.2,5788
2,1320.8,7160
4,142.3,1
2,2070.4,26815
7,11065.6,45895
7,1355.8,245
5,148.6,1
5,1471.7,686
5,785.1,641
5,942.6,917
3,3357.7,34577
4,1251.1,2639
2,278.7,1116
4,1236.9,8097
3,8352.4,103027
3,138.2,61
4,6457.8,27070
3,1090.6,5384
4,364.1,363
3,4208,37549
4,150.1,60
3,2052.6,12032
4,1420.4,2405
5,6376.1,25536
4,454.2,71
3,322.9,357
2,212.7,863
3,13474.4,411802
4,848.5,664
5,10998.2,46502
2,666.5,5500
4,564.9,335
6,402.6,126
3,3091.2,23343
3,2844.6,17534
2,1070.3,5763
3,980.8,2150
5,258.4,159
4,3071,6697
4,1211.7,1766
4,2477.4,5386
3,1125.8,2093
4,1342.1,2613
3,580.4,13857
5,3154.8,7470
4,2454.7,5888
4,1499.1,1073
2,678.5,3032
2,394.3,3048
3,642.9,5343
4,177.3,20
8,5891.4,7253
4,3034,6959
4,3328.5,10110
2,1706.8,20192
4,558,2884
4,1381.4,763
2,435.9,1107
6,2737,3061
3,682.7,3527
4,836.6,917
5,529.8,555
4,570.9,814
5,1188.4,827
3,777.6,524
3,415,104
3,2118.6,11926
3,1205.6,2771
5,644.8,735
4,2939.4,61759
7,1689.7,621
4,2516.5,12965
6,1181.9,1270
2,1251.9,11518
3,1454.7,2305
4,1345,7023
5,3264.4,7648
3,2446.4,13305
4,868.1,802
6,6002.4,12341
5,1701.3,5397
4,2147.3,7067
2,361.6,894
3,185.8,29
7,1361.8,1025
4,5583.5,22771
5,244.5,36
3,4283.5,29282
7,3549.8,3104
3,687,1589
4,953.1,1269
3,4953.3,35312
4,404.4,81
3,2482.2,12124
4,1161.7,1184
4,1880.3,2282
4,957.1,2926
4,1393.1,1741
2,651.1,1224
3,574.8,1226
4,579.2,722
3,1497.7,4461
2,927.6,4024
3,2226.1,16307
3,1495.8,8374
3,1003.2,5619
2,411.3,2043
4,1242.7,3320
4,415.2,729
4,248.2,96
2,213.2,532
2,205.2,125
4,4944.1,17002
4,572.4,454
3,887.7,3919
3,323,252
5,1077,706
3,959.3,1477
3,1171.8,6084
6,406.8,38
4,432.8,445
3,450.4,10346
6,4136.6,9473
3,396.9,736
3,466.6,598
3,322.6,325
5,364.5,33
5,231.3,68
4,1397.8,1501
4,20956.3,618684
3,421.4,567
3,799.1,764
4,4244.2,18993
2,3987.1,50283
3,210,114
4,4180.5,21134
3,9456.3,99643
3,4368.9,30855
2,3379.9,60805
9,5267.4,3134
4,4978.5,30112
5,658.7,388
6,2060.2,2344
3,1823.3,5406
2,737,2466
3,390.8,328
3,3525.9,16399
7,1317.2,264
4,693.6,1871
3,2615.3,7534
4,2918.8,7113
4,1513,1838
4,1873.2,4294
4,8358.4,59260
5,7927,28848
3,386.1,476
3,1043.1,1597
7,3985.3,7351
2,3847.8,44109
4,258.6,36
4,6965.5,65082
3,697.1,951
3,3038.3,65093
3,305.4,851
8,1894.5,1533
4,7842.1,70054
5,3269.4,6495
4,2420.7,5155
3,8903.8,316269
2,277.7,2111
2,6013,100554
2,2377.6,93351
2,289.8,2144
5,4049.6,13150
4,3726.6,12779
6,1136.4,329
5,1619.9,1083
3,9021.5,98348
5,6432.1,106070
2,514.2,2074
3,1709.7,5865
4,8402.8,61739
3,4006.5,21715
3,211.6,42
4,176.7,50
2,2793,63006
3,2064,5720
2,13790.2,960998
4,3312.7,24225
4,7291.8,36068
3,2450.5,14031
4,4963.3,17454
5,756,164
6,186.7,17
2,975.8,2719
5,468,64
3,448.6,327
4,868.8,1333
3,888.1,3794
2,684.5,5037
3,2191.3,24833
3,236.4,107
5,1322,432
5,204.1,18
4,3229.6,7933
2,1221.8,17687
3,648.2,954
4,1476.4,2118
4,640.2,264
4,1644.3,3318
4,9723.9,73290
3,4837.8,46451
3,234.8,293
3,422.6,981
4,207.9,9
3,3490.1,16138
4,2035.8,3206
4,526.7,1678
5,393.7,301
5,1061.7,763
6,498.7,461
3,1191.6,7024
3,1575.6,11632
3,212.4,230
4,1777.6,3335
3,1646.9,8084
4,988.5,1439
4,2418.5,5916
3,587.8,502
4,1991.9,3226
5,5602.1,14990
4,7723.2,46550
5,698.1,160
3,6735.5,262036
3,290.8,368
4,5062.9,21111
3,397.1,795
2,184.9,95
2,864,4373
4,336.7,156
4,3702.3,11232
6,2637.6,2369
4,370.5,97
4,8585.3,54047
3,451,1971
5,556.8,66
3,5740.2,172100
3,759.3,709
4,252.6,42
3,1491.1,3869
2,12056.2,225544
5,4590.7,7847
3,2195.2,4840
4,426.8,52
3,2143.4,26795
8,5430.7,8736
2,437.2,1281
3,703.3,1411
3,10978.6,288909
2,778.7,8111
6,1080.4,134
5,7213.6,65405
4,1386.9,2181
3,2484,10204
5,988.4,1749
4,5412.4,45391
3,2280.6,8776
5,2569.9,1917
4,879.7,3570
5,231.1,2
3,229.8,472
4,8125.3,49728
4,1952.7,6483
4,479.8,101
5,2808.4,4016
5,835.3,997
4,2897.8,16095
2,1117.3,8362
4,9741.8,70822
11,4563.7,1353
4,870.3,690
5,708.2,1717
4,16796,193851
2,718.4,16510
8,656,309
2,1581.5,11915
4,228.1,18
3,808.2,878
5,3161.7,9417
2,495.6,2319
2,525.8,1957
3,896.5,9910
5,2986.3,6904
4,5715.6,29298
5,3605.4,8625
6,578.3,6
3,233,146
4,10171.9,86999
2,349.5,671
2,372.9,1449
2,284.6,757
4,516.9,654
4,2584.3,6193
3,824.6,2141
4,298.5,18
3,17014.8,525835
2,535.8,1969
3,289.7,727
3,220.1,33
2,3949.1,164596
6,234.6,2
6,9724.7,34182
5,192.4,58
2,349.3,1325
5,7857.7,60448
2,2244.6,23521
4,1243.4,4428
3,4403.8,29559
3,194.5,122
3,527.4,669
4,1380.9,2818
3,1900.1,13794
3,746.4,798
4,1512.2,9604
2,3046.5,36971
3,602.3,690
6,431.1,24
4,770.4,829
4,3127.6,6891
6,284.4,5
2,4679.8,66927
4,1930.8,2906
6,1308.8,934
4,506.4,401
3,2480.2,11718
3,1234.5,5873
6,3564.2,4477
4,1511.4,2356
4,2057.2,3047
4,17656.5,406889
3,4085.3,21835
3,4547.3,41707
2,1491.4,18536
5,1955.2,4151
4,1911.7,3770
3,4059.5,83780
2,725.5,2869
3,422.3,573
2,4861.8,61711
4,949.2,278
4,1239.3,2632
4,228.9,64
8,728.9,53
4,290.4,30
3,811,1542
4,9413.6,65516
3,4488.5,22237
4,745.3,4730
6,2655.6,4423
5,3416.5,14172
5,6522,20722
3,587,662
3,333.7,211
2,659.4,2146
3,241.5,128
5,804.3,641
2,426.8,2574
5,2234,1296
7,6037.6,12423
7,575.1,355
3,188.2,12
4,1988.2,4460
3,1146.2,10436
6,3445.8,4690
3,1609.7,4093
11,1556.6,542
3,358.8,308
4,3276.6,9417
4,1392.4,3536
4,866.9,1115
4,3879.5,15959
4,578.3,372
5,650.6,291
4,2749,11098
6,1426,733
2,710.4,4508
6,740.1,79
3,1202.3,6553
4,894.8,623
4,396,313
3,6923.3,55323
4,1124.2,2279
3,357.2,502
4,3427.6,9482
4,2246,5392
3,2206.8,4527
3,4039.2,39458
2,1105.4,8150
6,1299,2876
4,564.7,932
5,3986.1,11827
4,1794.8,2933
3,26418.4,1281479
4,182.8,22
3,1055.3,2161
2,730.9,8496
3,8689.4,75414
3,613.7,664
3,2217.3,5668
4,284.2,182
3,483.3,3396
3,1419.1,5728
5,143.3,25
5,630.2,173
5,3615.6,11196
4,553.2,1669
6,1512.9,355
5,506.6,426
4,751.1,1969
2,523.9,2129
2,1732.5,11186
3,568.2,904
2,597.4,3967
5,404.7,302
5,249,43
2,1200.6,8867
2,212.6,157
3,3963.5,48180
4,460.9,187
4,3289.2,7137
2,4620.2,89846
4,790,508
4,987.2,2058
4,1178.6,2927
3,315.9,1597
3,3825.8,21986
4,817.1,1763
2,5223.5,60326
2,12628,606987
2,1854.1,27991
4,3558.2,13416
2,3505.7,63262
2,333.8,2388
2,399.9,1796
3,6692.3,52138
5,999.1,607
2,1907.2,20945
2,410,10115
3,369.3,430
5,394.1,56
3,3299.8,15605
4,418.1,214
4,1560.8,10801
2,2174.9,22121
3,300.6,353
4,1112.5,3861
3,618.9,696
7,490.8,5
5,812.3,1137
3,3268,18052
4,9575.5,76225
3,1753.4,5435
3,1554.2,6831
4,2709,6839
2,1501,14237
3,236.7,257
4,1908,4345
2,1005.5,14064
3,516.2,1084
3,386.6,2112
4,3589.7,10413
3,319,1750
5,16019.8,159603
3,915.9,4258
4,1580.4,6669
4,3126.4,10753
3,985.2,2851
3,683.6,2214
6,1837.7,2358
3,237.1,26
3,3862.9,30688
5,4243.9,24278
2,268.7,894
3,638.1,1076
5,3111.8,4759
4,155.4,1
2,1184.1,4268
5,537.2,65
4,534.5,658
2,397.2,4135
4,12342.8,98380
3,797.6,1285
4,2040,3525
4,515.4,383
5,9415.2,45786
4,3104.2,4176
3,219.5,301
3,3355.9,32848
4,4824.1,22051
3,1257.7,7124
8,5764.3,8095
6,203.6,67
3,168.2,29
7,567.9,59
2,334.9,802
3,1579.2,5494
4,1042.4,1790
2,468.1,4214
5,490.9,382
3,1290.3,1815
7,920,497
2,367.2,1923
3,2648.2,14461
4,443.8,86
5,1392,1234
4,3284.2,10897
2,6834.6,95756
3,6010,50321
4,587.4,808
2,1423,13024
3,324.5,270
2,1102.5,13652
4,848.2,1213
5,5486.7,24997
5,587.9,435
5,4136,6886
5,5689.7,20422
4,960,1247
5,6513.7,17399
5,11220.2,53311
4,3044.4,11065
3,236.8,58
4,1668.8,3407
5,569,156
5,555.9,734
5,2871.8,3120
3,1267.6,2978
3,893.7,1497
5,4626,16315
2,719.8,9823
3,317.6,166
3,411.3,518
3,1872.6,6636
3,4796,159264
4,493.1,4192
2,360,1722
5,1755.6,2197
2,287.9,780
4,2789.4,42841
2,2266.3,23628
2,291.8,819
3,290.6,1021
2,256.2,819
3,1165.3,2568
3,8446.4,83525
5,394.2,86
5,13312.4,82110
4,1270,1512
4,374.5,374
3,1828.9,13491
7,2689.4,1894
5,471.5,106
7,565.2,148
6,3494.6,4220
4,1356.8,1435
2,1840.7,11096
2,1732.5,11949
3,1123.3,3004
4,15631.9,167542
4,4994.7,24820
4,4181.1,17789
4,1482.8,5206
4,631.7,820
5,226.3,137
5,3628,5783
3,1079.1,1859
4,198.5,57
2,696.1,8513
2,277.3,1468
3,8742.5,300599
3,8234.2,73354
5,415.1,75
2,192.4,322
3,3197,30188
2,4190.9,53987
3,1877.6,6508
2,4593.2,238383
4,269.4,63
5,1917,4272
3,968.6,2496
5,1388,891
3,6409.8,47366
4,1839.5,1903
5,421.7,88
3,2560.8,12263
3,330.8,331
4,265.1,50
3,227.4,43
4,1735.1,1346
4,1677.1,3852
4,917.4,795
6,1409.9,1185
4,3944.6,18169
3,861.8,2922
2,10004.1,243919
3,6063.6,78434
4,2340.3,3009
4,884,1030
4,549.5,201
3,3399.7,23449
4,2195.8,5614
4,806.9,538
3,348.3,536
3,901.5,3838
4,6682.4,36455
4,3109.5,25949
3,587.9,537
3,258,53
2,231.9,206
2,233,1128
3,423.4,665
4,549.9,264
5,2477.3,2203
3,131.2,8
3,2340.8,8237
5,441,499
3,4926.8,28684
4,276,30
3,2631.2,12852
3,4486.4,37691
2,1557.6,16212
2,660.9,2003
2,469.2,2095
5,2105.2,2258
5,187.3,1
4,977,2466
2,408,3443
3,280,160
3,116.8,0
2,888.4,5128
2,1248.4,8307
4,971.3,1018
4,657.2,1643
6,1153.6,2060
4,259.7,224
4,594.5,89
4,404.4,391
2,810,4597
4,1638.1,1266
12,246.8,3
3,1766.8,5798
3,430.5,635
6,3014.8,4354
2,1599.2,11068
3,262.4,102
6,319.4,10
3,197.2,15
2,618.6,1384
3,1519.2,4340
7,1229.4,293
2,3951,41177
5,2028.4,6378
4,411.3,135
4,6790.6,59293
4,1896.9,5583
4,471,948
2,6177.1,81988
3,3371.5,21625
3,333.6,847
3,1019.1,7230
3,1508.7,6751
2,5840.1,86041
4,505,157
6,328,204
3,3966.5,36755
5,898.5,1407
3,365,238
4,308.7,207
4,452.4,76
3,3700.5,16441
4,490,205
5,551.6,89
3,665.8,1774
2,273.4,1164
4,3572.8,10020
2,449.5,4517
3,3311.2,23466
2,1406.4,7865
9,1388.7,53
2,564.8,2407
5,255.9,26
5,2182.8,2719
2,22714,1654388
5,9552.3,138462
6,4558.8,8392
5,1957.3,4811
2,28636.5,1305347
7,4265.6,3491
2,10461.4,198848
5,2372.4,3965
6,4337.5,6782
3,4621.5,33331
2,3062.8,43562
3,1100.1,1309
3,864.6,1369
3,4488.2,32011
9,933.5,135
3,752.5,19735
5,5838,20774
3,469.4,1052
2,2309.6,16065
4,3958.8,12339
4,1638.7,3540
4,650.8,1144
4,172.1,25
2,174.5,158
5,824.9,145
2,148.1,111
4,2258.4,4026
4,1543.9,4107
4,558.8,298
3,1277.9,6637
2,299.4,623
4,186.8,7
4,338.2,178
7,2650.3,1831
4,4834.8,20890
7,1596.5,497
5,210.8,18
4,956.7,594
4,341.3,84
5,2989.7,4358
3,257.6,643
3,2003.4,8515
2,451.2,1382
4,2765.9,6491
3,5218.6,52711
6,1890,602
5,613.8,417
2,3575.5,45386
2,6173.5,106167
3,509.2,648
4,1155.5,1242
7,4067.7,4272
3,832.9,3096
4,1056.1,6571
2,3997.7,217303
3,19188.4,667826
3,534.6,890
4,305.5,31
2,866.1,5676
4,1445.7,1376
2,2252.5,14704
4,565.2,207
4,396.9,189
5,608.2,603
3,8081.6,114392
3,4343.8,30976
9,464.7,52
3,434.6,1839
3,2005,17139
6,598.8,806
3,436.2,217
5,224.6,12
2,1123,16755
4,2750.5,8091
6,205.7,10
2,623,3963
4,2024,3442
3,302.6,687
3,946.9,24715
5,439.2,206
2,2418.2,18600
3,5725.8,36044
4,414.8,102
2,198,136
3,320.3,917
5,557.2,253
3,2778.4,18369
5,20739.4,396539
2,1429.2,16660
4,3751.9,17129
4,2858.6,5287
4,569.4,223
5,1171.1,634
6,1028.1,2355
2,747.3,7117
2,3237.9,115872
3,353.6,682
3,1195.3,2899
4,1206.5,1560
3,229.2,46
3,6885,59208
3,295.7,619
3,216.4,24
6,4237.1,7821
2,274.8,652
4,1060.2,3188
4,1029.6,457
3,1057.3,1452
5,1182.9,732
5,138.3,0
2,242.1,205
3,786.5,752
4,11087.3,88419
2,4499.3,55758
5,1322.3,5930
2,2024.6,24180
2,3008.8,33196
3,4313.4,29923
7,3581.1,4516
4,2336.6,7473
2,448.8,2487
4,4660.8,17984
3,2277.9,13065
2,2972.1,40565
2,205.8,1508
5,2073.4,1154
2,414.8,2104
8,786.7,145
3,24091.8,1115353
7,8901.1,27082
3,203.4,39
3,724.2,1143
4,6337.1,41568
3,203.9,23
3,247.6,123
4,5194.1,30195
6,1878.2,984
5,681.1,420
4,1532.1,4673
3,403.1,301
4,4844.4,15343
3,398.4,763
3,207.2,25
2,4057.3,55185
4,657.4,786
4,3166.2,25801
5,720.1,107
3,2845.6,30548
2,189.2,117
2,10928.7,567341
3,4212.3,46140
5,535.2,972
3,161.4,303
4,2884.6,12663
9,1738.6,410
6,2966.4,3582
2,1061.1,6408
4,707.5,496
5,414.8,20
3,2931.4,16971
4,1723.2,2072
3,499.2,752
8,603.8,79
3,5614.9,56716
2,158.7,494
2,7204.9,117229
4,2526,10183
3,4326.4,144612
3,531.6,305
5,975.6,422
6,2029.6,2306
4,1262.5,1833
5,5635.7,38003
3,511,3298
3,171.5,69
5,1678,1416
2,424.4,1250
3,222.1,21
3,6284.4,102993
3,5286.3,44371
8,14833,37948
2,695.6,2438
4,521.5,641
3,2291.6,6215
4,292.5,132
4,585.6,437
7,2571.7,2615
6,1617.8,897
5,1938,2519
4,5866.4,33122
3,619.4,2664
3,1454.7,4162
4,1112.1,215
3,962.7,2039
4,370.8,1422
4,219.5,9
4,2396.5,9473
3,707.4,1799
5,901.4,591
4,281.4,55
2,4555.6,73810
3,643.2,3251
7,1461.3,885
4,896.7,284
6,545.1,13
7,556.6,82
4,554.7,623
6,347.3,9
3,439.7,377
3,1266.8,3645
5,874.4,836
4,3023.1,8699
6,437.2,72
4,4492.8,22969
5,308.6,41
3,189.1,167
4,1302.5,6032
4,348.9,936
2,739.4,10512
4,943.9,2319
4,288.7,389
4,247.5,188
2,961.2,7901
4,304.9,265
2,4336.6,41970
3,1611.2,8372
5,4104.7,12426
2,1549.8,9757
4,1806.4,4380
7,1188.8,542
4,2537.3,15270
4,16235,207325
6,1206.7,507
3,304.6,589
2,436.5,853
2,349.7,252
4,4747.6,27113
3,766.8,1189
4,768.1,695
3,608.5,761
2,2411.2,17133
4,415.3,578
4,764.3,432
2,1254.6,13618
2,234.1,743
2,568.2,2713
3,8801.1,91104
5,269.2,48
4,1649.1,1931
14,9471.6,3809
2,218.1,438
5,4573.9,10033
5,4786.3,31271
3,1636.6,5233
5,705.5,433
2,4562.7,173598
2,476.7,735
4,635.4,540
2,898,5193
4,517,456
4,1792.8,4142
4,405.5,229
4,6174.4,21642
3,4213.3,22147
3,917.3,1927
5,865.2,256
5,4269.6,7651
2,491.7,1011
3,613.2,1332
2,893.3,13471
3,1849.1,3992
5,718.3,575
3,3259.4,37596
4,693.7,256
4,1886.8,2461
4,6148,33858
4,727.4,575
2,2741.8,26823
5,1900.4,2298
3,1673.9,13162
5,2969.9,5929
5,251.7,3
4,1118.5,3167
2,663.5,5703
6,257,22
3,997.6,2735
3,1222.5,3513
4,1522,2234
3,607.4,329
3,1357.3,2967
4,1895.9,2567
2,40331,1898636
6,2869.5,3515
2,1706.5,17147
3,730.4,1579
4,508.5,223
3,2748.6,12419
4,5862.9,31313
3,420.6,1478
3,204.4,68
3,234.7,18
4,669.6,283
3,863.7,1703
5,2443.4,2572
2,164.3,270
2,1472.7,17739
3,9327.4,96140
5,2565.3,4894
5,3891.3,10376
2,284.1,380
2,1400.5,10686
2,1620.9,16158
3,147.4,23
8,2304.7,1211
3,155.9,36
3,439.1,966
5,2082.2,2243
4,931.7,2176
2,329.1,1170
2,685.5,4343
2,345.3,747
5,303.3,17
4,3210.7,10971
4,1090.7,2398
3,702,1340
6,246.2,15
3,657.2,943
4,897.5,2481
7,9281.4,25003
3,660.3,1769
2,12113.2,612900
4,4314,17533
3,1644.7,4879
3,2827.1,15735
2,13990.6,526642
4,465.2,969
6,1055.2,409
2,715.1,2687
3,2495.5,9938
5,4618.7,19514
4,4246,22479
4,932,597
5,254.1,10
3,3065.6,18651
4,1434.2,4308
2,573.3,3646
4,178.6,16
3,1964,5599
4,245.9,42
3,1430.6,7024
3,349.9,675
4,1247.8,4686
2,737.7,3000
7,640,168
3,614.4,1278
3,1066.4,2907
3,640.2,928
5,763.6,687
4,1040,1486
3,2596.1,66802
3,293.5,88
2,1698.6,9999
2,405.2,1625
7,757.6,459
6,404.7,156
3,30451.6,1758524
5,4686.9,14317
2,605.4,2270
3,2767,12991
2,547.5,2550
2,152.5,90
4,324.7,47
6,3941.5,8084
3,1099.9,3626
2,394.2,1319
3,2131.2,7141
2,1667,21512
2,768.8,3739
4,3992.6,16314
6,1319.3,1012
2,6293.1,79943
4,3489.4,6262
5,693.1,60
2,176.3,382
3,184,29
2,3836.3,83896
2,1092.4,7247
5,1340.4,701
3,433.7,550
4,10306.7,66440
3,207.5,107
8,474.6,23
5,2419.9,4955
3,3491,18617
4,232.1,57
4,1057,2099
2,431.1,739
2,1294.2,11325
2,820.3,7015
6,743.9,165
8,13020.3,30175
4,1675,3636
5,298.2,33
4,708.2,1075
3,518.4,3179
3,11655.3,265686
2,387.8,2736
4,3442,10546
4,465.1,443
3,1433.5,2817
2,924.8,3482
5,865,2424
3,1212.4,5133
5,370,84
11,448.8,15
3,2872.2,11340
3,2505.1,7363
8,599.6,40
4,3210.2,14308
2,3137.4,51852
4,5291.4,20286
3,371.9,676
4,1985.3,3237
3,1198,11212
3,2654.2,9446
4,198.3,104
4,150,160
3,5008.7,40955
2,720.1,2921
2,926.5,4892
3,184.7,78
4,2771.5,8455
3,1105.6,5273
2,9557.4,272882
3,487.8,305
2,419.4,3485
3,7495.2,90209
7,3605.6,5774
3,4941,34725
4,3811.9,26410
2,5715.8,298091
3,648.7,882
3,440.1,899
3,2963,16985
2,8403.1,124829
3,496.5,2393
6,392.7,66
4,2974.3,9486
3,1080.4,2065
3,407.5,1574
3,3974.8,77393
3,469.9,3563
3,729.5,2026
2,890.9,9005
3,604.4,1705
4,469.7,180
2,669.7,7041
6,384.1,46
6,950.5,892
4,938.6,1269
6,776.8,415
2,468.3,1233
4,1302.7,6330
4,3894.9,11447
4,4940,32040
3,541.9,1944
4,5735,30569
3,412.7,759
3,244.7,139
2,995.8,4731
3,388.2,536
3,585,1006
3,1301.2,3542
4,495.9,1475
3,274.4,186
3,847.1,1537
3,1468.4,4060
4,3824.2,17308
3,1071.7,5711
6,509.2,158
4,1600.8,2778
6,482.4,278
4,292.7,35
2,770.5,4730
2,1691.7,19195
3,206.3,154
3,2969,16315
3,456,2193
5,457.2,237
3,921.7,8773
5,649.3,219
3,149.3,30
5,5321.9,16140
6,1643.1,911
7,214.2,4
5,834.6,1191
3,598.8,2284
3,215.5,25
3,1566.4,3922
3,1253.7,1246
5,4522.2,21383
5,2480,5406
4,3317.1,11222
5,180.1,0
6,532.8,23
2,728.3,2383
3,361,1162
3,384.8,485
7,1741.3,851
4,7846.6,52927
7,191.8,0
3,2329.6,17689
4,3622,10635
4,982.3,1636
3,532.2,205
2,236.6,573
4,497.2,442
4,387.9,484
6,4650.2,11549
4,2617.5,11948
4,3990,20693
3,1312.5,2688
4,3008.6,7089
3,5991,50019
4,6238.2,43986
3,3886.3,20496
4,10427,70395
4,1342,1748
3,1801.5,5380
3,916.9,6906
3,12407.5,164772
2,252.6,289
3,213.1,43
3,2958.3,17459
3,2388,13702
7,167.4,20
2,258.5,803
4,731.9,493
5,16705.7,153139
2,1405.1,15599
6,2576.9,7804
4,3800.9,12603
4,2829.7,12494
6,637.3,222
2,2094.1,19023
4,808.4,845
3,22653.5,1034428
4,6102,35909
2,5645.6,159534
5,9534.9,44983
5,5895.7,11337
3,14999.2,543700
3,1697.7,9709
8,10040.9,18031
2,373.8,997
2,640.6,6913
4,1419,13017
3,662.6,324
4,1141.1,978
6,538.7,181
5,374.4,336
2,2795.6,23082
5,422.7,546
3,1349.5,4978
3,422.9,790
2,2182.2,17938
5,7661.7,30211
2,331,905
5,2961.2,2779
2,348.7,1988
4,654.6,1088
5,4218.1,20206
5,283.5,79
2,6022.5,82723
3,244.8,126
5,412.5,255
2,2132.5,28012
3,2062.9,3911
2,245.4,413
4,3643.6,12959
5,1224,4879
5,1720.4,3538
5,2452,2830
4,2483.5,9545
4,2194.5,2332
4,181.7,41
6,931,161
4,1116.8,1216
7,2381.7,1231
3,1120.8,6105
4,1044.5,1274
3,988.9,1565
4,1075.3,1536
3,949.8,1450
3,550.2,643
3,509,117
6,1203.5,376
4,5502.2,22856
3,243,184
3,3518.3,19051
5,361.1,98
3,542.7,2277
5,577.8,471
3,257.6,76
3,1133,4992
8,9220.2,21737
4,3486.7,17959
4,463.8,416
4,131.7,10
2,1808,59550
5,1291.1,594
2,919.7,3264
6,276.1,56
5,426.2,65
6,1171.6,622
5,1717.3,5364
3,449.4,570
9,354.5,1
3,3674.9,63618
2,126.6,2
7,1154.4,274
4,371.7,74
4,3446.8,12708
3,184.7,267
4,3643.7,22036
3,303,106
3,2736.6,11284
5,1578.2,2384
4,2822.6,6235
2,2351.3,41818
3,3089.4,109152
3,247.1,94
4,2195.6,7554
3,1030.6,3324
3,455.3,931
6,1399.9,384
3,323.3,148
3,8583.5,93922
4,227.6,67
4,529,161
4,1041.1,629
3,1853,7545
4,9465.2,54734
4,844.2,530
3,10182.1,134794
3,959.9,1682
7,1937,3941
3,2478.3,9996
3,295.2,45
5,799.3,1454
3,5796.7,81631
3,298.7,612
2,239.9,1099
3,311.9,230
3,937.4,1605
5,781.4,178
3,3244.5,22699
7,1151.6,346
3,413.4,594
6,218.5,2
5,502.9,527
4,472.2,164
4,340.9,216
4,3509.7,17545
3,2239,7383
3,12579.8,154281
5,1282.2,1750
2,1065.6,6268
5,940.8,716
5,341.7,3
4,870.1,718
10,247.3,1
3,1545.1,4312
7,1204.6,577
3,436.7,769
4,1511.1,7788
2,3095.8,36640
6,4729.1,6080
2,576.6,2047
5,1828.4,3645
6,2910.1,2230
3,8317.2,88648
3,303.7,234
5,450.5,350
3,6877.6,84270
3,6296.7,79069
6,2473.5,6397
3,3098.1,14239
2,201.2,118
3,575.4,1283
3,193.5,91
3,1432.3,5061
4,465,318
6,263.6,3
2,161.3,111
3,6549.2,53867
3,281.1,243
5,584.3,5261
5,1243.1,1569
5,4863.4,11694
3,319,57
5,704.1,1335
4,462.6,352
2,2156.3,29006
3,164.4,154
2,270.3,972
2,2516.1,28155
2,2008.2,19083
3,207.9,214
3,688.3,1012
3,159.4,141
5,6897.9,37517
4,3247.1,13863
3,979.4,20672
5,1701.9,2498
3,862.7,4363
3,215.2,77
3,699.9,1015
3,274.4,329
3,480.6,658
8,7497.3,12514
4,1120.4,2917
2,417.6,2644
7,1985.4,673
2,701.1,11286
6,1934.6,2801
3,1996.4,6806
3,1678.8,3523
5,2473.3,3187
3,3013.5,15838
4,1088.5,1588
3,7382.1,268493
7,3168.9,3002
4,408.7,368
3,822.9,2626
5,1841.1,4403
5,1330.6,2107
3,1036.5,2483
3,579.7,1504
4,4355.2,14904
4,3301,9738
5,1097.9,816
4,2169.3,9325
3,1608.1,4116
2,690.6,2323
7,484,267
5,1254.3,1086
2,3223.4,39814
3,1421.4,331
2,7595.7,118435
3,1855.5,5636
2,363.2,816
6,5576.8,10158
3,409.4,933
4,343.6,209
4,600.1,557
4,6610.9,33865
5,576.2,382
5,664.1,404
4,231.2,212
3,1097.9,4346
7,6098.8,14652
2,806.8,4207
2,203.1,440
2,586.4,1703
2,19430.3,1264548
5,194.8,37
5,416.7,235
3,6044.8,67654
3,8683.9,97605
5,1449.6,1695
3,749.5,575
4,1581.6,3041
5,2197.6,5237
7,6870.1,15486
5,240.7,2
6,623.8,1858
5,956.2,1105
3,2338.1,11698
3,4755.1,45480
3,941.3,1242
2,1046.7,5480
3,1002.4,1624
3,2036.7,7560
4,402.4,327
4,793.4,666
3,607.9,590
4,5603.7,34264
4,658.1,461
3,1912.5,11947
3,321.4,1277
5,1508.7,2138
5,131.6,2
6,351.8,8
3,192,331
6,237.4,0
3,1052.6,1285
3,2665.5,17036
5,745.7,144
3,1963.6,9969
4,4964.1,19990
4,1139,1369
3,1499.8,6066
4,4166.5,12269
5,2711.7,10732
3,299.5,1126
3,2421.7,7470
5,1691.4,1932
4,212.8,5
3,276,350
3,468.6,1633
5,10363.9,56961
4,420.9,667
5,3471.6,9831
3,3169,13806
4,21328.2,428921
5,1905.7,5621
4,574.8,1049
2,521.6,2694
5,461.5,98
3,1250.9,4367
4,699.1,569
5,414.6,37
4,2918.9,7038
2,2334.6,106293
3,365.4,173
2,439.4,3549
6,459.4,53
4,399.8,456
3,382,624
3,2119.5,9804
4,5654.5,34833
3,6051.2,196856
3,662.6,2410
4,1898.8,2713
2,403.2,1710
4,5536,25229
4,1827.7,2579
3,764.1,1016
3,451.1,502
3,788,5000
2,586.9,2710
3,641,1240
3,1669,7423
4,514,357
3,1602.6,5787
5,6820.4,31617
2,973,2819
4,1130.7,1592
4,6002.3,31407
3,1614.8,11111
5,519.5,35
3,1221.7,3102
7,3461.7,2733
2,355.9,1578
3,5404.6,64223
3,264.6,254
2,1049.1,4070
3,4058.3,27773
7,258.2,10
3,1014,1661
4,923.5,1554
5,267.5,11
4,1132.4,1832
2,390.3,4596
4,3809.1,22948
5,2251.1,6058
7,633.8,86
2,354.9,1126
3,251,140
3,912.8,3301
3,6675.5,49346
3,3655.6,26275
5,5469.8,17870
3,6600.5,72326
3,649.5,727
2,292.2,3403
3,384.7,393
4,189.3,7
2,2383.1,23994
3,751.2,1706
4,2010.1,4140
4,4536.8,17490
6,1009.7,723
3,723.5,7193
3,761.1,1123
5,1881.3,4673
9,6149.9,8333
2,305.6,949
2,4162.8,43752
3,2296.2,12875
3,2499.9,10693
3,411.6,822
3,214.9,84
4,306.1,420
3,373,796
3,1519.3,9405
2,684.6,3777
4,338.5,586
3,3276.5,26274
4,868,897
3,4790.1,83819
4,365.5,95
3,862.6,2222
2,280.1,283
4,3198.7,7238
5,492.6,626
4,1058.5,1521
4,2661.8,7397
4,278.6,29
3,828.4,2697
4,801.1,456
3,3469.5,11048
3,1046.6,3087
4,325.8,73
4,3880.3,12736
4,2079.4,5518
4,8580.3,48152
2,12086.1,600762
3,1922.4,16960
5,523.3,1244
2,224.8,442
4,405.1,296
3,844.9,4178
3,2502.3,9605
5,8944.3,48363
2,565,1359
3,409.3,1884
5,197.9,15
4,1258.8,3103
3,756.7,1013
6,9300.9,35115
5,664.7,86
3,1117.3,5365
4,236.9,17
4,2936.6,8393
2,16682.6,405529
3,2356,11863
4,3324.8,4732
2,295.2,484
3,807.6,5579
4,3469.8,21136
4,4132,14870
4,540.3,1142
3,446.9,389
4,1410.9,4603
3,816,1086
3,1027.4,5485
4,3017.1,14925
3,261.5,78
3,1359.2,5042
5,1476.7,775
5,1389,1888
4,398.2,69
4,3786,21074
4,578.8,294
3,1127.6,2709
5,1536.2,550
5,226.9,22
2,825.2,3156
4,4393.8,12357
2,2739.1,23988
3,3882.5,33432
3,1581.4,4756
3,4737,30999
2,261.6,1531
3,805.7,2031
3,6991.4,71819
3,739.3,1605
3,333.9,100
4,1910.9,3933
4,2996.1,7025
2,3922.8,78667
4,1961.3,6410
3,272.6,128
3,2663.1,8913
3,273,1219
2,361.2,961
3,1821.7,10962
3,10381.2,333190
4,2557.7,6867
3,4639,24311
3,3737.3,28518
2,210.4,414
4,1248.8,978
4,1028.6,1605
3,1590.6,5435
4,5820.9,23189
5,1576.5,2072
5,913.2,739
3,685.7,6046
6,762.6,529
4,849.9,537
5,266.6,75
4,2047.3,3218
3,200.2,70
2,411.2,6507
5,8834.6,51353
3,373.8,917
3,960.1,1353
3,272.2,522
5,3743.2,6518
3,5862.8,50220
4,375.4,113
3,1140.2,4092
4,2019.9,2314
5,1738.1,1282
2,391.1,1027
3,995.6,1938
4,11720.1,95858
4,700,650
4,856.6,1004
2,3963.9,47535
4,191.3,0
3,1737.2,4985
4,3742.3,8033
2,197,376
3,239,77
4,878.1,664
4,5331.4,25979
5,1928.5,2604
2,3183.2,46734
4,2597.8,15032
2,453.7,748
7,3143.1,1448
3,3158.2,10401
8,480.7,129
5,1864.8,1864
3,357.2,1065
4,367.2,417
2,269.4,1274
4,220,16
2,363.8,829
3,1400,2736
5,1525.1,987
3,1638.7,12191
3,590.8,1018
3,471.9,1732
2,2921.1,42095
4,2285.8,6432
2,453.5,1028
2,18983.9,904103
4,1015.7,2071
3,11921.4,180229
5,2954.3,7099
4,5609.7,21964
4,1068.4,1078
4,1447.5,2553
3,2491.7,25614
4,570.2,1037
2,374.9,3359
4,7555,47343
3,1135.2,2955
3,1040.9,3072
4,2911.7,8671
2,1946.4,37094
6,184.5,34
3,4903.7,27441
3,9060.5,92620
3,222.6,126
5,310.6,34
3,3211,26619
2,316.3,1268
2,2266.7,39028
5,1292.8,1525
5,1042.8,1031
2,332.7,524
5,876.9,204
4,720.1,221
3,536.3,666
2,398.8,1154
4,508.3,641
3,566.5,1135
3,337.8,627
7,1498,498
3,7047.2,58916
6,1461.2,324
6,1867.4,940
2,751.6,3463
11,329.3,73
3,420.4,449
4,1902.6,38912
3,1211.6,6336
2,2818.1,123324
3,189.3,22
4,1796.2,3716
2,236.3,893
2,1677.9,11145
3,6304.6,175715
4,453.6,320
2,175.4,443
4,953.8,1557
5,664.9,260
3,4425.3,36600
2,358.3,1046
2,2232.4,45454
3,789.9,10251
4,885,1152
5,183.9,3
2,1441.7,56651
3,418.3,212
5,4857.1,14462
13,468,5
4,239.2,224
2,1598.4,28386
3,623.9,5424
3,1044.8,4090
4,944.8,3604
2,13668.5,559157
4,1172,1465
3,1235.8,7791
4,354.8,303
2,537.9,1318
7,2683.4,5891
3,1691.9,7188
4,219.4,9
2,1311.4,8899
6,1001,861
5,3422.8,4548
3,427.9,717
4,1426.9,1355
6,5002.7,8475
3,2082,4211
4,1891,5554
6,1718.6,921
4,390.8,480
3,1650.4,13012
2,270,509
3,384.6,502
3,277.4,575
4,997.7,5328
2,1645.3,9272
3,211.4,55
4,1650.4,2199
3,895.3,1290
4,7616.7,50078
4,3585.4,12608
7,501.8,882
4,1339.3,792
4,2110.4,4707
3,3879.9,37355
4,695,1115
3,2965.2,26688
4,514.7,803
4,577.6,483
3,351.4,414
3,15929.6,588405
3,227.7,155
4,184.8,93
4,6660.5,35225
5,1140.7,542
4,1068,6357
3,483.3,786
4,483.1,485
3,2787,10137
2,508.9,2951
3,765.3,1207
2,275.7,997
4,4353.7,23475
4,2157.9,5355
3,385.2,1822
2,7469.2,177449
5,19554.5,161402
4,2214.4,3700
6,2790.7,11673
2,411.9,2025
3,546.3,1341
3,233,32
2,460.7,1324
3,397.9,1333
4,2026.8,5586
6,5086.6,14205
4,682.7,979
4,3080.4,7779
5,1044.3,568
3,671.3,641
4,1835.5,4042
5,521.7,82
3,10874.1,131106
4,678,716
2,347.3,305
6,498.4,156
4,563.1,648
3,6059.3,42245
3,1211.9,3453
4,508.9,472
6,2770.7,5228
4,1344.2,9745
11,6111.7,2897
3,416.8,206
4,2091.4,6077
5,900.8,512
4,7515.6,46560
3,1366.5,3670
3,449.1,1282
5,5134.9,23614
4,2853.1,6882
4,761.7,370
4,1103.8,3336
4,658.8,512
3,979,1822
4,5749.4,28886
3,317.1,255
4,3727.7,17394
2,526.3,4657
3,226.6,249
5,2010.6,1985
4,1188.4,2168
4,3347.9,17438
5,1254,3154
2,579.1,2662
3,1182.5,1699
8,2244.4,2002
4,1594.3,4719
3,510.2,1407
6,9656.9,38137
3,490.6,785
3,1416.4,3763
2,1707.8,8822
6,355.4,33
3,398.8,648
3,192.3,116
3,558.2,2693
6,3625.6,4006
3,8690.5,85420
2,311.4,1172
8,1422.5,447
4,1628.5,5706
3,377.2,334
5,676,69
3,336.5,257
3,1440.3,6163
4,1071.8,2011
5,1521.6,2998
2,735.9,9192
3,325.4,109
3,1221.9,2999
5,2221.9,2520
9,1732.8,925
2,12845,271930
2,6693.2,311713
4,373.5,37
3,18487.6,697927
3,17652,289164
3,572.7,722
3,3223.7,26677
3,3168.9,27179
4,631.9,192
8,9289.3,29914
4,436,217
5,1303.1,6727
4,1167.7,3357
3,864.1,1719
4,1092.6,970
4,1471.8,1801
3,790,1767
3,861.8,1967
3,1354.7,9379
3,769.3,2298
3,791.3,1809
4,933.9,598
4,1615.7,186
4,545.3,299
3,1504.3,10216
8,2154.4,474
3,1632.8,4571
5,2155,3308
3,2721.5,8925
2,609,22049
5,249.1,167
2,1102.9,9075
4,710.1,808
5,1944.7,4333
2,363.1,1286
6,827.1,749
4,673.8,1053
3,721.5,857
2,12675.6,637471
5,966.2,1114
3,506,1203
3,3308.8,27719
2,518.2,2040
5,170.5,24
4,2651.7,4499
3,3604.3,19366
2,273.6,2993
3,836,1102
3,487.4,1214
4,3645,23939
4,1416,2623
4,4945.9,17894
3,5248.8,37755
6,2835.1,3596
3,238.4,237
4,3616.3,12951
5,744.9,771
3,3515,22382
5,522.7,1035
2,750.1,4179
4,3953.9,20513
4,1072.2,1386
3,2788.3,12443
4,335.3,85
3,404.2,165
2,800.2,3882
3,1438,13272
4,1602.9,3042
6,398.5,54
4,492.6,690
5,3639.6,16171
4,906.9,1200
2,1324.7,6156
5,839.8,355
10,526.4,43
3,654.3,871
4,2450.4,6089
3,1376.1,20596
2,4843.5,59311
3,2358.3,10252
4,1132.7,1797
2,2172,22177
4,1022.6,877
4,10883.3,97269
3,309.5,319
4,1935.1,5634
6,1299.4,1266
2,367.6,971
3,14427.5,580526
6,1006.3,1383
3,1234.9,2340
3,1059.7,3265
6,898.9,279
5,602.9,456
4,1100.5,1272
2,158.9,516
4,1895.4,7849
3,901.4,6149
2,367.1,2716
2,903.1,5303
4,301.7,113
3,344.4,764
2,23663.5,1665786
3,1197.2,3106
2,579,5623
3,1040.8,2294
3,1325.1,17069
3,1685.5,2955
4,456.2,930
5,318.1,105
9,4275.8,2637
4,329.8,195
3,1888.7,5292
4,3891.4,14649
9,783.8,86
5,1000.5,2064
2,469.1,859
4,336.8,105
2,302.9,813
4,681.3,1334
3,253.4,169
2,3857.6,56423
2,3015.4,30260
2,1470.3,13853
2,593.6,2323
5,217.5,128
4,6179.2,41948
6,2415.3,2816
3,1359,10349
4,1199.9,1364
4,458.8,724
4,596.1,777
4,609.4,713
5,771.5,414
2,1123.2,10460
2,620.4,2491
4,1611.2,2875
3,1234.8,2547
2,542.5,1852
3,621.6,607
5,1400.1,2022
2,598.2,4498
6,831,420
3,4887.1,58942
2,622.1,3468
2,858.2,12230
2,497.3,3193
3,1025.1,2990
3,647.5,5207
4,1564.8,6055
2,41602.6,3028779
4,9627,64507
3,1927.7,6208
2,15685.5,553695
4,1925.3,3692
3,696.5,1981
8,461.6,70
3,1239.6,5045
3,1156.9,3299
5,859.1,206
5,1391.1,1920
4,1126.1,673
2,838.8,4105
3,5647.6,29830
3,561.6,508
4,333.9,549
3,194.7,17
3,454,1096
3,5326.5,53705
2,290.6,665
2,393.1,3521
3,5278.9,33558
5,3041.7,10556
5,4224.1,13047
4,7538.6,46399
3,7528.7,68331
5,8755.7,52474
3,496,2031
3,2010.1,6049
4,7299.1,42007
7,3864.5,3903
3,4075.6,19556
3,2766.5,37332
4,621.9,542
4,9158.5,84664
7,722.7,425
5,2805.1,2785
3,1224.3,11159
4,1115.7,2530
4,9998,70001
5,5992.4,20619
2,432.4,1168
5,7260.5,92844
2,614.3,8623
5,1123.4,1410
5,403.8,347
3,5200.6,38870
3,1309.8,7418
2,1224.9,8262
2,701.5,6067
4,3459.3,15135
5,1293.8,1313
4,13290.6,102744
4,961,547
4,350.5,183
4,245.4,13
4,629.2,293
4,16513.7,167230
2,236.5,751
4,578.7,1072
6,721.8,245
2,288.2,6942
4,2744.5,6915
4,1704.4,2815
4,3410.8,13437
4,5246.9,29885
3,722.8,1164
3,278.3,243
5,587.7,284
2,3639.8,45798
3,1368.4,3354
2,1933.1,13965
3,11824.2,199977
4,1554.9,5563
4,3074.4,6863
2,580.1,8228
6,728,213
6,471.9,203
3,2322.6,8228
5,593.4,334
3,7269.6,91321
4,449.1,225
5,397,34
4,403.9,297
4,1217.8,1909
4,1605.8,1743
5,2906.3,4150
3,1565.9,3817
7,1601.4,792
3,529.3,997
5,3300.6,4324
2,16345.3,348831
3,950.4,1190
4,446.8,421
5,1663.4,7453
3,4180.1,25776
3,398.7,147
3,388.8,834
5,1792.2,3209
3,4069.7,40198
6,523.1,481
3,1373.4,4606
4,1371.1,2873
3,227.1,819
4,715,2969
4,739.6,939
5,4142.1,10535
2,3112,30565
2,885.1,5693
3,1068.1,2569
5,5857.7,20705
4,2963.4,13027
7,476.7,91
4,631.8,312
4,462.7,230
4,544.7,252
5,919.3,1188
2,2256.7,12659
4,7202.2,38401
5,417.3,645
7,7436.1,18776
3,171.4,37
5,2811.1,4598
4,2521.8,10244
5,685.9,240
3,994.8,1749
2,153.4,103
2,982.1,7906
3,611.8,5214
3,2600.1,15245
4,272.6,75
6,1773.6,864
5,361.2,91
5,138,10
3,182.4,183
4,253.7,15
4,731.2,878
2,187.2,106
6,3524.1,7802
2,11878.2,229168
3,462.5,473
2,709.5,2636
3,712.5,2138
4,340.5,245
3,4435.8,26595
2,10914.6,246886
2,219.3,668
4,555.4,538
3,1867.6,12982
2,250.7,537
3,612.8,879
5,3553.9,8043
2,6807.3,129091
3,3400.7,25422
4,2522.1,10403
4,368.6,244
3,892,3326
6,457.2,232
3,350.9,576
5,1822.6,1801
3,240.5,147
3,302.7,156
2,1541.6,9228
2,1944.5,21338
2,257.2,854
2,2774,58008
2,338.1,6864
6,531.3,72
7,554.5,96
3,391.7,1420
6,424.2,138
4,3844.3,14765
4,1406.6,1988
5,559.3,750
4,451.8,318
4,3609.2,12556
3,575.8,2765
3,4146.3,30242
4,1252.1,7264
5,360,142
6,538.9,123
4,235.8,100
2,1061,6095
8,6892.6,10755
5,2112.3,3595
4,1438.1,3050
2,471.5,898
4,258.4,143
4,407.5,364
3,906.7,1313
4,8491.9,258274
4,2038.5,7394
5,1980.5,1943
4,3441.9,10451
3,2041.2,16725
2,11274.3,200121
4,404.4,326
3,6145.4,51464
5,596.9,728
2,216,220
3,1697.6,7012
3,10875.8,127059
6,1558.7,1010
3,688.8,1382
4,1312.9,1695
4,1085.1,2494
5,1457.9,876
3,772.3,1257
2,393.5,1400
2,480.8,1915
3,1384.4,3109
3,297.5,408
3,338.2,83
3,2463.6,24873
4,596.9,140
3,1930.3,7105
2,374.8,1480
3,551,280
6,437.5,15
4,4063.1,20586
3,3772.8,23962
2,476.6,2371
4,3746.1,13351
2,547.1,1500
5,1842.6,3578
4,885.8,3232
4,193.7,12
3,1214.3,3839
7,41330.2,496167
3,20539.2,696985
5,333.4,42
5,2265.5,2529
4,349.5,147
6,250.4,31
3,1658.4,6586
5,2960.8,4198
5,4090,7832
2,2634.8,22874
3,418.3,543
4,7736.2,51606
4,2011.7,13400
5,2239.3,5615
3,1523.9,6231
3,1187.5,3255
5,570.2,73
4,1687.4,7734
2,531.6,1356
4,634.8,338
3,1186.3,3035
6,406.7,112
5,2867.4,4615
3,10391.3,119931
3,431.7,552
3,291.7,370
3,417,804
3,261.4,248
4,16824.4,298870
4,1786.5,1756
2,1107.8,8469
3,536.5,1279
2,245.3,725
4,888.1,2558
4,6813.9,31858
4,5536.5,22681
6,3465.7,6060
2,244.7,1270
5,1133.5,1155
2,255.9,568
2,957.2,6108
3,1071.4,8964
3,1028.9,2948
7,2589.7,2717
12,830.4,299
4,2528.7,4340
3,1918.7,9502
3,699.1,1325
3,3255.3,28127
4,7575.8,45970
4,8598.9,55800
4,453.7,148
3,426.8,961
3,345.3,236
3,541.9,1383
3,456.1,1019
5,660.5,99
3,2938.2,13614
2,397.8,1462
6,792.2,289
3,919.3,6964
4,597.7,208
2,459.3,2394
2,2550.9,20582
3,1915.1,11362
2,390.3,871
3,534.3,1098
5,16430.3,121196
4,462.6,101
3,2251.4,11809
2,987.3,6149
4,8232.4,65496
3,1190.3,4902
3,1022.8,1518
2,2905,47490
3,2716.7,32607
2,1394.6,9070
4,1012.2,501
4,247.2,18
2,1129.3,8370
4,1096.5,711
2,5944.4,70784
5,722.6,334
3,945.5,1586
3,445,2888
3,1485.4,5727
3,2347.5,13605
5,1202.5,404
5,4419.1,10118
2,815.9,2931
3,754.3,3915
5,3381.3,7094
4,2890.7,5435
6,589.3,373
4,529.1,937
3,218.5,113
4,250.2,93
5,399.8,83
3,250.4,185
5,4097.9,9118
4,1830,2804
3,3153,13460
3,744,2822
4,301.7,16
3,2487,19362
5,2431.1,5698
3,1083.4,3545
4,1630.4,1887
3,194.9,81
4,392.1,1476
4,1018.1,2682
3,2495.1,15538
4,3778.5,19657
4,2395.3,5514
8,1128.9,175
2,170.3,101
3,596.9,521
4,647.6,863
3,363.3,434
4,1466.9,1802
3,349.6,326
3,1746.8,4313
5,1430.4,1775
3,1657.9,4444
2,738.1,6419
2,163.9,87
4,1435.6,1451
6,2101,1234
2,10375.7,194255
5,447.2,84
4,2021.6,4599
4,4164.6,12946
3,1597.5,6747
3,305.4,90
3,961.1,4095
4,3164.2,9453
3,2333.2,13704
3,855.5,4336
4,737.6,315
3,1737.1,7999
3,4966.7,52755
4,4788.7,20850
5,11329.6,80864
3,3036.7,16342
3,398.3,1534
3,521.3,1336
3,180.5,54
6,2111.4,1727
4,396,548
3,864,3693
3,979.8,42570
5,272.4,1
4,3263.2,11697
2,1809.8,11427
4,1294,2114
5,3529,7782
3,5796.3,35951
5,790.8,136
4,2137.8,3444
3,4394.9,37925
5,3322.2,10262
3,184.7,51
2,8378.4,138931
5,178.9,3
4,399.3,53
3,1059.8,2918
3,435.5,163
4,5806,23215
4,202.8,13
3,1794.1,8138
4,2437.1,6027
5,1543.5,2286
8,331.5,0
6,590.5,13
2,361.7,2925
6,159.8,1
3,3678.9,30100
4,8559.1,45157
3,868.7,911
2,363,1677
2,671.4,3373
4,2830.1,6773
2,3568.5,86701
3,2155.2,12189
5,2508.6,3418
4,1090.8,2948
4,766.8,1227
3,570.8,223
4,1023.9,393
3,1392.2,13362
4,1706.5,8821
5,2645.8,5982
4,2571,8298
4,2824.6,8759
6,212.5,30
2,578.9,4684
3,1408.2,3601
2,567,2263
3,1864.6,10578
4,356.5,67
3,3573.5,23282
3,209.4,327
4,812.7,867
3,454.4,374
3,2788.7,9299
3,5427.9,42712
3,5903.7,46862
3,1079.4,2435
3,3145.8,15655
4,244.7,98
5,461.4,82
3,420.4,497
2,148.9,21
6,1037.3,324
5,4122.9,7302
3,2194.2,9529
4,2495.3,5724
4,760.9,771
4,2569.1,5832
3,1816.5,13463
2,2319.5,35628
4,2415,7565
4,218.5,39
6,3017,7918
7,1583.1,825
3,287.9,295
2,198.5,433
4,6639.9,33505
5,3863,8084
6,2520.1,1711
4,9003.4,92508
3,867.1,3795
4,529,253
4,993.7,1313
5,448.9,334
3,2463.7,11332
2,539,4404
2,1301.5,12153
4,681.3,865
3,3778.2,25158
4,412.2,517
3,491.7,2222
4,2379.1,12335
2,184.6,218
5,1926.3,6178
3,4797.5,47172
5,251.2,61
3,1566.2,12878
6,845.4,164
2,11242.5,205793
4,1076.6,2217
4,3726.2,8428
5,1308.6,1226
5,4522.5,14540
4,321.8,109
5,233,40
4,1196.3,4184
4,224.6,27
2,6136.5,93647
4,7720.4,62894
2,4807.8,88729
3,7839,72107
6,2295.2,3932
6,1980.8,1492
2,791.9,6667
5,1041.8,1505
3,460.1,311
4,1068.4,960
3,1295,3740
3,2661.8,31424
3,2335.1,20917
3,363.9,201
6,315.9,201
5,1028.5,658
5,791.6,300
4,1624,4503
3,373.5,658
5,1767,2696
3,6543.7,62380
3,1171.9,2437
6,683.9,185
2,1614.6,11253
3,2032.3,16012
8,509.4,90
3,537.2,389
6,627.5,100
5,2456.1,4196
2,154.8,489
3,3097.8,13201
2,285.2,142
3,254.6,686
4,345.7,84
4,3078.7,11474
2,16366.8,376694
2,10523.1,175776
5,1086,709
5,256,18
3,2747.6,9268
3,5002.2,35908
2,270,1190
2,12965.7,367314
2,485.9,1951
3,4092.7,26743
5,7414.6,27639
6,1689.2,777
11,2797.9,891
5,5020.7,19886
3,1374,9404
3,1521.6,3774
5,1155.7,2064
6,216.8,2
4,626.3,1157
3,1072.7,2839
3,427.3,673
7,1798.5,486
4,334.2,19
2,2652.6,60054
6,4314.5,6127
4,3884.6,28972
2,2464.9,27781
4,803.1,566
2,1185.6,5563
2,470.3,2744
6,467.2,26
7,3284.4,1910
9,7404.5,11039
2,256.4,437
3,8420.7,109837
4,715.6,2671
6,2590.2,3628
5,917.6,516
2,521,2000
4,391.2,52
3,977.2,3273
4,7464.4,53768
4,1010.7,5099
3,15896,234677
3,3595.8,31956
4,2233.1,4326
5,1873.4,6535
5,364.9,55
4,7659.9,46354
3,748.2,1137
6,2758.7,3944
2,224.6,373
5,327.7,89
4,1099.9,1659
5,6130.9,30148
3,450.9,622
4,663.3,117
3,502.8,1256
4,3120.7,12131
3,12741,143977
4,405.2,165
5,1357.6,1299
2,1683.5,23390
2,1549.2,16456
3,4676.2,29803
3,183.7,153
3,920.1,4142
3,671,2834
3,1799,6446
6,571.2,147
4,1526,1949
3,2766.7,15847
3,232.6,214
4,3325.3,14277
4,1635.2,2468
3,847.4,3628
3,2791.7,12849
4,2973.3,6794
3,1198.8,3663
3,3732.6,27857
3,733.5,2290
3,307.7,801
2,2428.6,51514
4,2871.8,8683
4,3779,14852
4,1213.3,1512
5,1139.9,567
6,1256.8,527
8,1375.7,1109
4,726.2,615
4,745.9,130
4,684.4,1085
4,5845.9,63321
2,604.8,1045
4,1032.3,1054
2,225,557
2,379.3,990
4,563.9,358
3,652.5,570
3,1113.4,1607
4,3694.4,16319
4,7586.8,208512
3,202.2,197
3,436.3,166
7,2113.3,1624
2,178,1300
4,1103.2,1328
2,2439.8,23188
2,757.4,3843
4,545.7,652
3,701.3,7693
3,419.6,180
2,254.8,913
7,807.5,84
2,869.4,4905
3,3321.5,20044
2,2430.9,24039
4,1241.9,1886
2,821.4,3419
6,574.4,53
7,1019.3,339
4,6349.8,28146
6,1885.3,3037
3,225.4,73
3,2901.5,8930
2,7609.2,153074
5,1160.8,841
5,536.8,542
2,3272.2,34216
7,2839.1,4600
4,547.2,528
2,683.4,2826
3,8598.5,293012
3,2310.1,20487
10,1849.2,409
4,478.3,236
5,681.4,133
2,4154,199061
3,5403.8,53348
3,199.5,87
4,653.3,660
3,299.6,284
4,6952.6,133487
3,393.8,1082
2,470.5,1353
2,216.6,188
3,870.7,6859
4,1155.6,986
2,261.8,661
3,3618.5,19324
2,546.8,1128
4,801.6,731
3,3046,11328
4,900.3,2553
3,3477.8,20297
6,393.6,110
4,1542.8,2837
6,3557.7,5617
5,1817.6,2040
3,449.4,852
3,3284.8,20693
7,3831.5,5581
4,421.1,385
4,2242.2,6312
3,1206.4,3235
4,1107.9,1645
4,1228.5,2295
3,1362.8,16756
3,1076.4,2329
6,731.1,174
3,3339.6,21048
3,489.6,1588
4,1269,2277
2,2121.7,17882
2,1141.8,9404
6,628.4,52
3,6502.6,210912
4,7235.8,42887
4,3450,15543
4,2492.4,6458
5,3456.4,11040
5,5611.8,29209
3,672.1,3400
5,9338.9,253690
4,242.2,169
9,3905,3076
5,1774.5,3912
4,594.1,285
3,1354.2,13270
6,1316.7,1434
4,361.9,363
4,13848.8,128296
5,13277.2,98081
4,369.9,49
4,1573.8,3968
5,7549.3,30387
8,2077.8,802
3,1456.3,7547
5,4046.4,13008
2,643.8,5261
4,188.7,1428
4,642,238
4,1268.5,1523
4,3706.3,11537
3,5541.6,37278
3,503.1,346
3,2879.4,13292
3,3204.5,46530
2,261.3,2016
4,183.8,133
3,367,1096
4,3051,7195
4,442.9,567
3,14319.4,192123
4,10247.8,71318
4,3431.5,7465
4,2819.9,6933
5,436.9,242
4,2445.5,5400
2,929.4,7429
2,501.9,4104
4,3066.5,8367
2,343.1,2697
3,201.3,457
5,397.6,69
2,1027.6,6904
3,5834.9,55124
2,1131,5861
3,806.6,2869
3,5957,54130
2,151.6,69
3,201.3,235
6,905.9,762
2,4857.4,72344
4,596,382
4,3406,18268
3,3076.8,18302
2,983.8,4627
3,327.3,1458
4,574,271
5,953,378
4,1704.1,4392
4,2044.2,5221
3,450.1,356
6,537,631
5,438.2,33
4,1846.5,6566
3,427.1,4642
9,1829.4,360
3,1132.8,5575
2,518.1,5450
5,133.7,0
3,1196.7,4107
3,653.7,3850
8,1735.6,1255
2,1098.7,5441
4,5362,25877
3,605.5,644
3,427.5,1051
3,351.1,805
4,343.1,531
3,1423.3,4907
4,717,560
3,3381.5,35575
3,171.7,3
6,2589,5249
2,281,320
2,931.6,6080
4,320.3,45
6,864.4,186
5,1935.8,2886
3,4194.1,22880
2,7339.5,138547
5,7102.2,21369
3,5879.2,38212
3,387.4,1004
2,511.7,2328
3,2793.6,15101
5,762.4,1603
5,537.3,1482
5,4601.5,9731
4,722.4,700
2,5310.5,103327
4,347.3,442
6,1519.8,604
6,1170.1,243
4,1087.6,1046
4,1183.4,2006
3,275,377
4,4536.2,12757
4,268.8,294
3,223.7,403
2,216.9,591
5,1922,1472
2,623.7,1927
5,1003.8,685
8,2879.1,1930
3,3814.9,40706
5,16340.2,141410
4,377.8,757
3,7089.4,70968
5,1996.3,1666
5,1016,4124
5,521.6,176
8,459.2,380
4,300.4,44
3,2882.6,20432
6,852.2,1266
6,1058.3,675
2,831.4,5188
4,345.6,141
5,2120.8,4321
3,811.2,790
3,8290.9,97458
4,580.5,2539
2,1148.5,7093
2,375.3,1504
3,1281.1,3057
2,131.8,7
4,4218.5,17385
2,1252.6,19414
4,641.8,294
7,5482.7,9467
2,649.9,2307
3,1201.5,8257
4,246.6,208
2,404.4,4547
3,324.9,693
4,202.5,63
2,136.6,340
4,39740.7,1583682
2,36695.3,1889081
3,1699.6,5778
3,472.4,4520
3,15236.5,498060
2,426.7,936
3,1838.7,22338
5,1317.8,461
3,493,2846
2,805.1,3360
6,1147.6,626
4,301.5,97
3,523.8,1080
4,4497.8,20312
3,579.2,514
2,356.5,825
4,761.3,913
2,552.1,7398
5,6010.2,23620
4,1920.3,3430
3,3588.2,14661
2,668.1,4001
2,5880.9,97784
3,729.2,1992
6,2770.6,3366
3,540.7,2525
8,2485.5,1640
3,2828.5,8755
2,476.4,864
4,1049.6,408
4,342.2,30
3,14517.8,514741
5,3571.4,8388
4,245.6,339
3,1248.7,2498
4,2043.3,3176
5,395.3,423
2,215,613
2,471.6,820
4,894.1,1249
6,4034.8,7704
5,4130.1,18068
5,202.8,47
5,934.5,2110
2,477.4,2662
3,4993.2,32794
5,338,36
5,435.1,33
5,9588.6,41207
5,16061.7,111828
4,1635.4,1841
6,2916.3,4575
2,2374.9,23612
2,656.6,2517
2,362.9,1916
4,496.8,479
5,1902.3,4708
2,2247.9,17686
3,4117.9,29884
2,1064.9,3559
4,3816.7,14004
6,3468.9,4764
3,180.8,54
3,553.4,1978
6,1020.5,137
5,2455,5529
4,14996.5,135301
4,2792.7,5605
3,852,1403
6,692.9,27
3,868.1,2376
2,1199.3,17062
7,1244.8,564
3,17128.4,673899
3,1183.8,5955
4,4201.8,18883
3,328.9,426
3,1278.2,6450
6,843.8,188
2,608.6,4502
3,9184.1,320918
5,600.5,1430
4,5940.3,22346
4,699.2,659
2,17557.9,863547
2,2295.5,31272
3,218.2,22
4,247.8,54
5,1823,1153
3,1181.3,1647
4,2520.3,8970
4,4344.3,20851
5,587.7,686
2,237.9,722
3,8757.4,87761
4,729.2,831
2,3487.7,59795
3,273.8,198
4,1221.6,1296
5,3945.9,6896
3,1170.1,2996
5,1779.4,5284
3,1318.1,2505
5,4544.7,19637
2,8128.2,121340
3,2708,11179
5,2740.8,5308
3,5673.7,38693
6,2137.1,4702
4,3673.7,16866
5,507,405
6,1476.2,703
2,2739.2,138055
4,333.6,290
5,4168,8642
3,3109.4,13547
3,3116.6,15049
5,3997,12849
4,657.8,185
4,4336.9,16843
5,890.6,1159
3,284.1,203
3,471.1,503
5,752,1147
8,6234.7,8570
4,1396.5,6510
4,4694.7,20614
3,412.8,1374
4,333.6,141
5,2144.4,9284
5,1673.4,4555
3,5443.5,128507
5,880.5,579
6,255.3,42
3,137.1,276
3,3735.4,24696
3,9679.9,201865
3,752.7,2041
2,239.7,474
3,1243.4,7752
5,3920.6,96235
4,1333,976
4,171.9,61
3,2506.9,17039
2,198.2,190
3,709,3300
6,497.1,170
4,835.2,1120
5,156.2,12
3,933.1,4260
4,1109.8,1521
4,504.8,183
5,1354.1,653
5,12769,58384
7,886.7,444
3,477,420
3,705.7,1514
3,3666.6,25824
2,42955.8,2452383
4,321,68
4,1731.2,6337
3,382.3,106
5,1860.7,1821
5,1443.6,1202
3,3613.7,16229
2,684.1,3272
2,260.2,818
3,141.7,30
2,974.3,12853
3,801.8,9928
7,516.5,32
3,1798.8,4030
4,973.7,1047
3,1419.4,5387
5,1088.4,2603
3,530.6,1607
3,1028.7,3527
3,483.1,599
3,918.6,3894
11,2008.6,1245
2,1465.3,9079
4,704.6,781
4,2153.5,5287
4,338.8,178
3,8842.5,88754
3,427,644
4,961,508
2,880.8,3231
3,232.9,379
5,1005,2650
4,8305.5,72533
5,457,148
3,669.6,1461
5,577.1,182
2,259.8,1153
4,1651.5,2662
3,3808.3,25121
4,755.8,1094
4,188.2,127
6,1807.5,952
3,8808.3,360332
8,285.6,1
3,3035,15994
2,637.5,5325
4,619,553
4,3845.2,16181
4,3222.9,14031
4,1195.3,1170
4,331,200
4,325.8,79
2,442.1,4830
2,1405.1,5686
4,749.4,1565
3,10748.5,111150
5,1370.7,2610
4,1382.4,2133
4,973.5,944
4,229.1,66
4,6251.9,161154
5,745.5,204
3,415.5,352
4,4353.4,20866
5,861.6,134
5,551.1,401
5,3726,10853
6,323.1,52
2,1138.7,13927
4,3966.7,13896
3,556.7,1385
2,685,2329
6,4248.7,5809
3,569.9,1194
2,2285.6,50121
3,341.6,667
8,3106.7,1879
7,2499.9,2273
3,523.7,1645
2,214.1,475
5,26173.2,446254
6,341.6,4
3,1381.1,3700
2,3351.8,45422
4,1431.3,23376
2,10013.4,187512
4,3485.9,24332
3,1646.7,9342
4,335,191
3,711.4,4102
4,9267,58712
2,819.2,5188
2,857.7,4092
4,39644.2,1583682
2,661,4709
3,1246.5,4612
4,6307.3,111426
2,1787.3,15830
2,1711.6,21449
3,495.5,290
5,2696.4,3847
2,292.9,775
5,7733.9,54301
6,3297,10252
3,804,3543
4,4654,17208
3,710,16065
7,1425.6,92
3,683.7,4530
3,2322.1,21977
4,3693.2,11584
4,916.3,1750
3,3312.3,23768
3,516.4,460
2,189.8,74
4,2849.6,9024
3,758,1566
3,10720,129249
3,221.7,478
3,708.5,2342
3,332.7,198
3,1059.6,1941
3,2171,11432
5,3793.5,10346
3,1523.4,4598
3,3071,30031
3,267.5,189
3,7853.2,65690
3,362.9,237
6,1154.9,569
3,15569.6,233712
4,1356.9,1978
2,864.4,6595
8,303.7,4
3,12523.9,368176
2,8419,144564
3,250.2,797
2,541.9,3442
3,359.3,735
3,11224.3,149854
2,176.3,92
3,6868.8,54936
3,1833,7801
8,1774.5,271
3,521.3,611
3,950.9,4249
4,342.9,50
4,442.2,406
5,1946.9,4082
4,8866.1,56908
5,517.8,293
3,220,53
3,2446.7,9976
3,6399.3,43842
3,1270.1,3898
4,2384.4,7793
5,5615.1,22437
6,2180.7,1520
4,1363.3,670
4,2138.4,3033
3,2095.3,5272
4,560.3,440
4,283.4,20
8,678.9,197
3,148.9,102
3,466.3,288
3,378.7,956
6,1110.9,313
4,157.6,7
6,1845.5,713
3,8477.9,81378
3,388,2841
2,1464.5,7603
3,1915.1,6616
4,407.8,60
3,1504.4,5437
3,32646.2,1242253
3,1477.6,4657
3,359.7,397
7,937,1918
2,759.8,3727
5,783.9,485
5,1945.5,2298
6,335.2,92
4,208.5,4
4,5876.7,27924
4,3860.1,13701
3,290.7,933
2,2187.3,28388
4,6785.6,34509
3,206.1,50
3,312,69
4,3155,7978
4,3208.5,6858
5,410.3,307
4,5794.6,27547
3,3003.2,20079
4,222,8
3,315.4,213
4,2106.3,2580
6,1244.6,1273
5,585.8,373
2,3104.3,31832
2,377.3,5740
3,247.4,1368
3,2888.5,8659
3,1003,5654
4,4256.6,18590
4,3442.4,5602
3,489.5,3559
4,770.3,366
4,1651.5,2790
3,3029.4,25976
4,1069.1,1131
4,4929.2,23449
4,1042.7,655
3,2847.2,95442
3,266.5,478
3,1120.2,2706
3,947.3,1975
4,1385.6,1905
3,2798.5,10899
6,1031.6,442
4,633.5,591
11,1802.1,1353
6,1060.7,813
3,431.9,1236
3,439.2,7417
5,3604.8,15542
4,1422.7,1600
3,3910.1,28078
3,1302,10040
7,4176.5,4099
4,1622,2540
4,1150.8,2895
2,387.7,544
2,186,263
2,227.3,947
3,3119.1,33609
3,6244.9,61198
3,913.8,2078
5,16379,357265
5,1663.6,1864
5,2758.5,8111
2,489.4,5370
3,1153.5,2955
3,7087.2,64962
6,411.8,340
3,838.5,1758
3,6246.8,49954
3,1873.1,33920
5,7296,31049
3,2717.3,51130
3,7265.2,70886
3,445.5,715
4,843.6,397
2,2008.6,26574
4,542.5,387
2,529.6,4646
4,306.4,485
3,2358,19715
4,800.9,2589
4,704.2,705
3,1099.7,12211
5,349.7,79
3,676.8,982
5,2265.2,3164
6,880.5,412
3,1293.4,5655
3,925.4,1221
3,893.3,4736
2,2201.2,20446
4,290.5,196
3,12997.6,324394
4,4771.8,14700
10,1425.8,489
4,1146.8,469
5,4489.1,11488
4,1398.7,3103
3,3232.1,33395
6,1687.5,702
4,1707.1,4963
5,1550.9,848
4,648,825
9,7052.4,7390
3,214.2,132
3,1193.2,8329
4,1324.6,1531
4,675.8,584
5,2052.9,1916
6,3731.5,6536
8,861.1,170
2,596,3798
2,1446,8841
4,6798.3,37061
5,356.3,254
5,1223.9,696
6,1111.5,387
4,2593.6,19436
3,998.8,6808
3,721.2,1903
5,383.6,125
3,205.7,21
3,4493.9,33377
5,1218.9,9559
6,841.8,1077
4,5087.5,14008
3,336.3,538
5,1543.5,1198
3,2650.9,14322
5,342.8,20
2,3459.7,42801
5,9826.6,48747
4,5546.6,14316
2,255.3,516
5,1062.9,1418
2,800.4,5790
3,8398.5,76232
2,6482.5,145698
3,278.1,294
6,7258.7,24111
4,8119.3,157767
4,391.2,1054
5,7197.8,31720
7,153.6,1
3,605.3,2053
2,644.2,5128
4,199.6,5
3,3072.3,14899
3,1735.2,9116
6,5386.4,19195
2,4281.7,51744
3,441.1,272
4,1152.7,1029
4,379.3,495
2,2947.5,30858
3,194.1,97
3,13309.7,479635
4,726.7,592
4,2817.8,12810
3,640.2,1489
3,1821,10423
5,214.6,16
3,739.6,480
5,1688.2,2929
3,648.9,5431
3,760.8,2474
3,181.5,7
3,1029.6,4494
3,2145.8,6657
4,2151.5,3897
4,315.3,388
3,1739.4,12076
7,581.2,56
2,1331.1,9931
8,301.4,0
4,366.5,36
4,169.5,12
3,258.6,163
5,2009,2751
4,4736.1,34991
7,472.9,127
4,4554.6,21185
3,2134.4,19601
3,319.1,917
4,450.7,430
2,5027.1,62817
2,2871.5,48073
3,1754.3,5405
3,393.4,928
3,563,543
4,346.7,345
3,886.9,5564
5,812.5,816
5,800.3,1119
3,1508.5,6108
7,4346.5,6183
2,594,2091
7,308.8,5
4,934.8,1101
4,2755.3,8436
4,1395.1,5385
4,439.6,1695
3,2407.7,8960
4,383.7,87
4,433.3,600
4,9296.9,251631
3,6920.3,71737
6,266.6,5
2,23652.4,1003633
2,2151.8,22351
3,505.6,672
5,3098.3,6363
5,1369.8,1280
5,393.7,179
4,8298.6,54088
5,2206,2995
4,8278.4,57230
5,9605.8,40676
5,1610.1,5534
4,3058.8,26820
3,1281.6,4250
4,2753.4,8234
3,597.1,3104
2,487,2485
2,993.7,7066
2,287.1,662
2,539,1728
2,10126.1,181972
7,243,14
4,3517.7,7446
4,345,274
2,1294.3,11470
4,280.2,90
6,1391.6,593
2,612.5,4163
4,240.8,36
2,215.4,387
4,3861,13287
3,2335.9,10174
4,1671.3,5894
5,965.1,661
4,2314.2,3333
3,575.8,639
7,830.6,553
2,916.5,3420
5,4347.8,12697
5,700,164
2,160.6,166
4,608.3,194
5,1278.9,697
2,1010.1,4717
3,906.7,2089
5,280.4,83
3,2652.4,15382
5,1992.3,1811
4,175.9,3
3,7105.2,48617
2,228.3,725
3,2804.2,12065
4,1741.8,5108
2,344.4,1475
4,677.3,15206
3,2360.9,13807
3,387.5,2841
5,1507,1041
4,744.8,1451
3,833.3,1014
3,2870.9,17835
3,384.8,211
4,702.6,799
4,800,783
4,159.2,8
3,332.6,212
4,827.1,1713
2,3412.7,54294
2,1753.1,13619
4,809,193
4,1569.6,2087
7,211.8,1
4,6836.1,50274
3,867.8,1923
2,517.8,849
3,1290.1,8849
5,1505.5,6181
3,1294.2,1598
7,878.6,38
2,375.8,1028
5,1145.1,966
3,331.6,2469
4,711.4,606
4,1822.2,4843
5,318.4,16
5,2199.8,2317
3,3572.4,27987
2,1364.9,8130
3,5908.1,71488
3,4451.3,42240
2,285.2,1321
2,882.4,5678
6,652.5,456
3,298.3,177
2,1501.2,9581
2,699.4,3644
3,2298.4,7403
3,129,7
2,302.8,821
3,10478.6,149318
3,2131.8,11706
3,8216.3,76451
4,2772.5,7143
3,2565.3,13096
4,2387.2,3707
3,379.4,232
3,1830.9,4809
3,12630.3,374239
4,4247,16847
2,3435.2,86649
3,251.5,58
2,4688.8,76346
3,3106.3,17674
6,242.2,42
4,1626,1896
8,426.9,3
2,1220.1,10983
3,848,545
3,5131,32331
7,7063.6,19117
4,1300.2,2903
3,440.2,387
2,369,1572
3,2018.2,7374
4,5722.4,31980
7,506.7,225
2,473.6,906
2,600.8,5933
3,445.5,255
2,770.4,4007
3,451.8,1954
5,5820.5,19359
2,8728.6,382000
3,159.4,38
3,15094,211617
3,8167.7,252630
7,2991.4,1926
3,352.2,1045
3,381,869
3,888.4,3734
5,4497,8799
4,1162.5,2620
4,2818.5,9680
4,564.3,238
3,953.4,8009
5,361.7,68
3,416.7,346
4,371.7,192
4,506.6,311
5,2223.2,4274
3,517.8,3375
4,665.1,2260
3,4829.1,37112
4,4313.2,12511
4,245.5,17
7,1081.1,554
2,1895.4,16073
3,1236.6,2233
6,2366.7,1474
5,360.4,34
3,1528.6,6887
3,2258.7,6449
3,368.8,2404
3,407.3,897
7,4208.2,4092
4,5757.2,31148
3,292.3,174
5,319.9,135
3,1440,4571
3,500,844
2,1110,5989
5,1607.5,2704
3,177.1,60
6,1345.6,1029
2,562.6,4091
2,3010.3,30622
6,198,3
5,435.9,224
3,996.8,2099
2,1101.5,9671
2,747.7,4728
3,9214.3,94316
7,623.6,1240
3,4504.7,36132
5,4225,12768
2,195.7,196
3,264.1,87
3,3641.8,17284
6,555.5,210
4,1122.5,5382
6,1189.5,877
2,2920.2,30698
3,9793.6,106660
3,298.9,115
3,616.6,1398
5,962.3,368
4,224.4,53
2,724.9,4311
3,4779.2,33258
4,229.9,120
7,1082.1,118
3,520.8,2477
3,548.9,1337
3,2131.1,9262
3,1002.7,2421
4,448.1,317
3,474.8,1442
2,1778.9,18915
5,670.1,140
4,795.5,781
3,699.8,3203
3,377.1,1010
4,5232.5,28837
3,264.4,1563
2,447.8,6018
4,1712,3198
3,484.8,749
5,1305,5787
3,401.6,1148
5,2406.8,7686
2,709.9,2466
5,967.7,434
4,1279.7,5880
2,829,7577
3,809.3,2034
3,586,2147
2,420.4,2156
3,995,2715
3,4244,37126
4,2786.9,7655
3,510.6,763
4,536.8,142
7,1689.4,1967
3,295.2,139
3,227.3,40
5,590.2,54
3,4104.4,37584
3,819.1,2714
3,435.2,1084
4,4976.5,17487
3,1727.3,4955
3,897.2,3149
3,390,329
3,291.7,328
7,541.8,384
7,4634.7,5125
4,4098.4,25153
10,5126.8,3495
8,449.1,130
5,3743.3,7752
3,3617.4,20640
7,316.5,4
4,143.7,1
3,751.8,2291
3,1612.6,7974
3,183.2,55
3,1609.5,9072
3,6786.6,47834
6,371.2,8
6,8216.7,20493
3,2501.2,12983
3,3785.5,18808
3,276.7,1080
3,6533.3,223433
3,8586.8,76334
3,870.7,1800
2,207.6,590
5,4440,9929
4,221,45
5,1041.5,1314
3,523.3,393
3,2643.8,14707
5,586.3,200
3,18554.5,705964
2,463.7,7766
2,126.2,2
4,425.9,142
5,3192.5,9748
3,344.3,329
3,514.6,2627
2,370.8,829
3,3437.7,34548
3,728.1,1349
5,6556.9,20668
3,2867.3,11949
4,1205.1,1129
3,684.9,879
2,2072,15838
4,261.7,100
3,715.7,795
3,1402.1,4456
4,401.1,79
2,1067.7,6284
4,274.1,50
3,3954.9,31229
3,17572.2,443488
3,4594.7,22330
4,7007.7,38508
2,1479.6,10989
2,1767.1,28376
3,2527,7855
4,342,286
6,4097.3,2571
5,881.3,109
3,1956.4,8135
4,964.2,1727
3,10318,99100
4,2544.1,5283
2,238.8,129
6,2537.1,2003
3,816.5,1388
3,271.2,160
3,920,2828
3,313.3,176
3,813.2,3372
4,332.1,755
6,149.8,0
3,3034.7,20315
2,424.9,986
4,1591.8,2013
2,1136.2,6391
3,1360.3,2263
3,486.7,359
3,7885,80608
9,5863.8,7629
8,5110.5,7228
3,306.4,555
3,3960.4,31573
5,5573.5,16721
6,1604.9,733
7,4749.3,5445
7,754.8,340
3,375.9,399
3,335.1,189
2,1046.4,7402
2,259.5,440
3,387.5,785
3,260.9,137
3,5697.2,36417
4,8595,49971
4,834,361
4,1906.4,5456
3,2584.4,15678
4,1159.5,2630
4,3114.6,14155
2,5065.5,111007
4,445.4,228
6,3558.5,6120
6,3689.4,4853
3,1617.8,7119
4,2911.7,7624
2,16852.4,586487
5,1263.7,1187
2,444.2,3398
4,621,297
4,562.3,1029
5,883.9,668
4,1393.2,13410
4,467.2,150
6,1718.4,1373
4,2543.5,8295
2,1310.6,9017
3,2689.2,13510
3,4210.5,24766
6,346.1,59
13,2029.2,309
7,3635.1,5481
3,822.9,1140
5,1020,1292
3,1097.8,5671
2,347.2,1043
3,1362,5475
5,1857.4,2097
5,3824.3,14281
4,1610.2,10406
4,5750,24778
4,1231,1664
4,929,1079
4,334.5,193
2,244.7,268
3,378.5,277
5,283.9,21
5,553.5,488
4,1003.3,896
3,2532.4,11303
6,1786.4,1121
4,679.9,672
4,7577,57971
2,3702.4,40683
4,622.6,1456
4,863.6,596
4,2122.7,5063
2,232.1,343
3,2281,14849
4,5918,35001
5,2917.1,5292
3,308.2,549
2,1496.8,14468
6,1548.1,1144
5,492.8,80
3,1862,8312
2,385.8,1294
3,14667.2,213387
4,356.9,524
5,207.4,16
3,1884.9,7389
3,329.9,232
3,785.7,1109
4,208.7,38
4,562.2,2182
4,3096.4,13748
4,4539.8,95764
3,325.8,136
4,909.9,847
2,839.4,5208
4,303.1,233
6,9665.7,29711
7,560.9,155
4,456.6,563
2,1370.6,38937
5,316.9,51
5,1368.7,1026
2,2629.3,33444
3,344.5,634
2,696.5,6529
5,2221.1,4053
7,1607.4,1539
4,755.5,1564
4,3938.1,11944
7,1615,1020
4,3487.2,23183
4,4580,39087
2,433.4,599
4,3928.1,13962
4,641.1,347
3,258.3,717
2,191.5,198
4,1474.9,3091
2,413.2,646
2,1233.8,10107
5,5480.6,18253
3,3951.7,53618
4,777.2,770
2,931.6,3748
2,154.8,62
4,2144.7,8984
5,521.4,272
5,538.3,2400
5,4525.4,11132
3,783.3,1452
2,352.9,1123
3,333.7,69
4,2589.9,9084
4,819.6,609
4,6308.6,24170
3,6990.9,70061
2,2203.1,24388
3,2608.8,9734
3,2488.1,28440
7,374.3,24
2,313.6,1167
4,4121.6,15431
3,253,160
4,2071.6,4712
4,662.6,1264
4,283.8,126
2,2209.4,16946
3,1881.5,5966
3,7120.7,55778
3,333.8,2750
3,712.7,2265
3,295.4,126
6,1310,772
5,6055.7,28441
2,230.7,357
4,968.2,1824
5,4563,8996
3,831.2,876
7,5682.9,6781
4,1568.4,3273
4,2051.7,9524
2,2122.1,97849
2,600.5,7980
3,820.6,2724
4,2871.1,6913
3,415.7,487
3,443.9,603
3,1677.1,8327
3,6507.1,56902
3,1261.8,2872
2,245.3,925
2,715.3,2203
2,501,2379
3,216.5,27
4,2970.3,5494
4,251.9,343
3,3499.1,28246
4,598.4,105
5,2008.7,3474
3,870.9,2661
7,448.8,17
2,169.5,55
3,193.4,92
3,1364.4,14612
3,1802.8,7201
2,461.7,1297
3,159.8,59
3,390.9,335
6,4004.2,14713
3,2019.3,10150
4,244.9,25
4,10094.3,278280
4,178.6,4
10,1379.7,396
3,264.5,244
4,715.3,805
3,687.6,1100
2,213.4,343
4,583.8,298
6,4474.6,12431
3,803.9,1885
6,4001.6,5807
4,584.6,478
3,750.2,1334
5,1594.3,1609
2,555.8,1619
6,873.7,406
2,2060.8,21869
2,573.2,1247
5,5491.6,34370
4,4032.4,11045
4,1370.1,1616
2,227.7,150
5,1403.8,912
4,2626.4,4244
6,1245.7,239
4,1218.2,1759
5,1910.1,2591
5,139.1,0
6,2576.2,3991
3,220.6,161
2,1042.6,15312
4,355.2,481
3,1002.4,3382
3,14161.8,193726
3,3729,22556
4,1446,3431
4,3663.2,15724
6,2888.2,2703
2,586.8,2735
5,1053.5,418
4,680.6,3157
2,301.5,1184
5,5760.1,16284
4,662.5,654
5,162.9,44
4,1004.4,1588
3,793.1,2339
3,4077.3,43578
6,1561.8,564
4,2446.8,6473
3,821.9,1919
5,10554.6,50216
2,2161.6,28287
4,707.3,4514
3,636.8,2274
5,701.3,336
2,2944,56577
3,833.3,1727
4,170.1,10
3,452,1598
2,265.9,610
4,847.3,1425
4,1516.8,1548
5,3665.1,6264
4,5650.8,21839
3,1849,5395
4,4420.1,18371
6,1326.6,951
6,807.8,235
2,185.2,183
5,3980.1,8548
3,435.9,1419
4,437.4,665
4,215.7,16
5,868.2,807
3,1404.4,5350
3,6318.8,53124
2,1607,12153
5,666.4,192
3,324.8,774
3,1081.4,1742
5,3566.8,30151
5,361.9,81
3,555.6,1027
3,2104.3,8682
3,323.9,1027
3,2597.3,96258
4,2161.2,3187
4,523.4,403
4,3002.3,7071
4,1415.9,1512
3,821.1,5325
3,337.2,1238
2,11732.6,575667
4,193.5,119
5,3389.9,17238
5,707.2,456
4,1134.1,2777
4,1370.6,1040
2,421.6,4282
2,1664.3,16089
5,2088.4,3581
4,1156.3,1903
2,1622.5,18383
6,2450,4468
4,2177.4,3103
4,4175.5,17514
6,1605.5,1059
3,6821.7,215492
2,244.5,182
5,3240.3,5400
3,388,1416
4,1764,2039
4,306.3,73
5,4803.1,12311
2,466.5,1324
2,730.2,7492
2,1709.9,11195
4,727.9,1332
4,2433.8,5054
3,209.2,27
3,4856,41352
5,421.1,238
4,2061,14038
6,1099.1,2215
2,673.7,3492
2,443,3783
6,671.4,45
3,507.5,2280
3,1021.9,2496
4,2759.2,10547
2,670.3,3983
3,2903.4,11604
5,1609.1,2303
3,314.8,285
4,5537.4,16980
3,413.3,3533
7,208.2,70
3,162.1,10
8,374.6,1
6,249.4,56
4,2364.9,5641
3,6598.2,62774
6,1458.8,1115
4,1189.4,2609
5,1735.3,1703
3,2427.3,15135
3,656.3,1428
2,304.1,310
4,764.9,495
4,1846.8,10190
5,401,580
3,674.2,801
4,357.6,113
3,750.1,2698
2,381.2,1305
4,2420.3,8383
2,1892.3,19776
3,1497.6,5052
2,791.2,2459
6,560.7,453
3,4100.8,27953
6,8118.6,159286
3,862.4,727
4,1034.3,853
3,998.4,2631
3,216.2,172
4,2699.4,13367
2,21943.8,1068916
4,467.3,2165
2,204.9,417
3,506.8,548
3,739.5,530
4,6593.2,43363
3,198.5,5
4,5755.9,25509
5,775.8,664
2,1756.6,13066
2,12684.7,457925
4,1097.2,1770
3,447.7,1036
5,1236,428
6,710.3,181
3,1179.8,2028
2,301.2,851
3,22515.8,758489
4,525.4,334
3,312.3,173
4,1045.5,885
5,3134,7122
5,387.6,172
4,2023.2,6392
3,1595.3,9268
4,7390.9,51641
6,1113.4,284
4,689.3,722
2,1258.1,7926
4,865.9,964
6,3234.3,5341
5,1057.8,277
3,452.5,413
3,963.2,1519
5,1834.4,879
5,598.3,143
5,4911.8,12119
2,242.4,430
2,2221.1,22365
6,540.3,73
2,5315.6,119388
3,382.7,2270
4,1588.9,2022
2,1096.5,11604
4,2152.9,11228
4,395.1,22
2,778.7,4241
3,322.1,1390
4,1447.6,1686
3,18991.4,469777
6,1812.3,1202
3,1247.9,6493
3,1334.6,4824
3,4981.6,40274
4,1059.6,1688
3,330.8,213
3,22860.7,731977
2,3619.9,41514
8,2817,1378
2,5816.8,102749
3,493.5,1714
4,9961.7,64975
5,379,65
3,185.4,323
6,4534.3,13597
3,2483.1,8841
3,689.4,1431
4,228.2,37
3,1274.6,5292
4,462,928
3,1053.2,3776
3,572.2,470
3,525.6,1610
3,831.9,3326
9,5483.7,3543
3,1041.3,2824
4,1548.5,3649
4,1782,7906
3,408.6,1629
4,1917.2,6263
3,9305.1,122850
4,656.2,1749
5,1027.9,641
2,871,4702
4,1113.9,5368
5,539.1,161
6,1118.9,282
3,949.8,3262
4,905.2,1368
4,976,1070
3,6005.3,123140
3,279.9,119
5,511.7,156
3,319.7,456
3,305.8,249
5,147.6,8
2,6156.5,260735
3,1805.9,23729
2,427,3106
3,2083.2,7814
4,945.4,4463
2,683,10687
4,2893.6,12816
3,445.7,1348
7,1079.6,23
3,781.1,1353
5,463.4,29
5,426.9,266
2,614.1,5150
4,8677.6,53631
2,2629.8,30531
4,682.7,966
4,1749.6,2912
5,2290.8,7658
4,260.1,130
5,1961.4,3411
3,203.5,149
3,1384.6,7038
2,1894.6,17069
2,832,6859
3,325.3,267
4,2474.9,7067
4,3523.4,10025
4,429.9,202
2,1332.5,12689
5,218.2,9
2,526.2,2557
3,1144.6,3621
3,1211.3,9004
6,2230.7,4191
6,482.2,60
4,274.8,443
6,533.3,31
3,244.2,146
4,1222.5,1746
4,323.1,7
2,360.9,768
4,352.6,202
4,641.9,707
4,1517.4,3601
3,2153.8,6814
3,415.8,833
5,756.2,129
4,1563,1685
2,462.3,2770
2,1590.6,19511
4,1081.6,1304
3,240.8,109
4,15331.4,144058
5,1096.6,1894
3,411.3,1538
3,249.2,230
6,475.6,91
3,1426,3441
3,1110.6,2436
3,813.5,1101
4,4782.1,22255
2,1018.5,3387
4,3352.1,12756
2,1249.8,20641
3,436,1056
3,4662.6,25524
5,1019,823
4,228.3,76
6,1173.5,2716
3,1081.9,2867
4,2501.6,15077
2,473.1,1009
2,10381.3,223943
6,1825.6,1989
3,423.5,1065
4,1607.1,1348
6,3294.8,6980
3,160,84
5,222.2,121
5,609.6,1026
3,584.7,731
4,751.9,1676
5,539.6,104
3,1537.4,4934
3,1318,1582
3,145.9,794
8,1951.3,1190
3,325.6,54
4,829.9,341
6,705.8,82
4,5652.8,25132
4,4872.3,52210
3,234.4,40
6,275.5,276
4,914.7,475
2,736.4,3637
4,5038.4,25669
2,466.5,2475
5,1362.5,1423
3,1113.7,4026
4,1077.9,1383
3,4584.1,37834
5,225.7,25
5,1585.8,1150
4,435.6,81
3,204.8,142
4,2543.3,8063
6,4040.5,5864
4,5695.5,29634
3,429,467
3,196.2,269
2,14505.9,351800
3,319.2,490
3,1604.2,7897
6,2660.8,2463
5,411.5,19
6,4144.4,6483
7,430.2,771
4,1023.3,742
3,330.4,180
5,662.8,312
3,1619.5,12230
5,259.4,17
2,492.3,1416
5,468.3,275
3,1180.1,2226
4,660.9,416
3,652.2,1332
4,365.7,100
3,309.8,307
4,469.2,1277
4,551.1,87
4,2774.8,5692
4,191.4,27
3,1677.3,5984
5,479.6,117
4,1031.4,2408
5,1919,3399
3,361.4,1878
6,2508.5,1878
5,1993.7,3258
3,495.5,4084
2,10044.4,176871
5,2602.8,5718
3,145.4,22
7,710.2,398
3,806.8,916
4,402.6,420
4,344.9,115
3,426.1,2100
2,1665.5,38349
3,315.9,677
2,400.6,2989
3,4944.1,31135
3,288.5,1006
2,4375.5,59964
6,2374.6,3712
7,8001.2,48532
2,354.1,3761
2,5488.1,203205
3,480.5,956
4,2641.5,7900
5,711.6,547
3,185.6,204
5,3054.6,7364
4,845.9,1493
2,334.9,1228
3,614.9,1361
3,697.8,1612
2,314,964
3,921.7,3501
4,1018.9,1002
2,4659.6,47073
4,1820.1,6547
4,181,6
2,477.2,1290
4,290.8,85
5,833.1,507
5,1233,1196
6,701.6,274
4,1737.3,2886
2,8653.5,147439
3,700.3,1072
2,386.7,2723
2,178.4,91
3,815.4,2126
3,2526.7,9569
4,1042,1700
3,776.7,2191
2,318.1,1185
2,1566.2,14726
2,928.9,5968
4,332.6,66
3,4948.5,31573
3,292.9,398
5,2266.7,5188
3,2789.2,20673
2,3270.5,25205
4,639.1,1131
3,347.8,246
2,295.4,1238
4,4910.9,27442
5,262.3,24
5,2537.7,3187
3,2256.1,10233
3,430.5,500
4,1402.4,3788
4,998.7,498
4,2534.5,10027
4,183.1,177
5,3255.9,10144
4,1033.2,792
3,1891.4,6420
2,1160.5,11027
2,1398.1,10006
4,9474.3,52654
2,335.8,955
2,455.2,2098
2,7807.3,177791
3,2134.1,22035
2,252.2,178
5,484.4,364
3,6596.4,84304
4,575.9,642
4,1278.7,2518
7,624.3,87
3,234.6,224
3,3514,121444
5,547.2,1109
4,2957.9,19286
4,4804.7,45221
3,212.1,93
4,1336.3,1976
3,831.9,2161
3,5985.8,37189
3,323.9,435
4,2104.5,5512
3,4224.5,23607
2,1328.3,10689
4,561.4,1017
4,2278.3,5770
3,427.6,572
5,347.4,22
2,922.4,5390
4,452.6,2242
2,803.2,3189
4,625.4,335
3,6081.2,42828
4,5237.3,19999
3,450.5,584
6,1729.5,2943
2,368.3,3152
3,2199.8,4526
2,12262.3,600501
4,2666.1,5207
4,852.6,2307
2,2567.9,26085
3,262.5,185
8,467.5,13
3,1374.5,4894
4,6243.2,43918
2,2202.3,19429
3,1619,7038
3,3821.1,24042
3,3424.5,17758
4,1809.3,4769
3,452.1,195
3,1866.7,7641
3,2137,65867
6,1148.9,380
5,1017.7,558
7,3523.6,9568
3,4144,34769
2,201.8,1900
5,875.8,181
3,326,117
5,6380.7,33725
6,2853.5,4280
5,1066.1,1299
4,2475.8,9167
4,5419.7,31940
3,1160.8,3203
5,785.7,708
4,3513.9,11092
5,498.7,7053
4,3281.7,87315
5,2199.4,3739
4,871.5,1264
3,2881,12207
5,1900.3,2635
6,3758.3,10507
4,16139.5,284514
2,1826.2,15341
4,419.3,211
5,576.1,166
4,625.4,587
3,1854.3,12246
4,1225,4012
3,1936.6,7573
3,4894.7,41070
5,728.8,452
3,1568,9419
4,3022.2,9439
4,1372.2,1954
3,1431.1,6238
3,10326,206979
4,768.3,380
5,5255.6,22032
6,392.6,7
5,2334.2,3745
3,301.4,47
5,594.1,638
5,4681.8,26174
6,280.1,11
6,1837.5,1537
4,2529.3,4266
2,6523.6,193203
4,470.8,75
2,2871,53958
6,1230.1,688
7,2215.6,642
4,1478.9,1356
6,986.6,684
3,532,805
3,2503.4,10906
3,1647.5,3898
5,536.3,1155
3,2668.6,27459
2,336.7,1731
8,1837.7,696
4,1136.2,1282
2,332.9,1095
4,440.7,1571
5,341.7,71
5,266.3,4
3,373.5,916
3,3673.2,20514
3,389.4,794
3,2322.5,8996
3,518.3,612
6,444.2,258
3,268.6,127
2,10551.6,204755
7,156.2,463
5,898.4,156
3,2517.7,7685
3,490.1,510
2,792.4,6725
2,387.6,1098
6,1194.7,777
2,8067.5,220647
3,1056.9,2248
4,775.7,1923
3,247.2,48
3,632.6,1158
3,169.2,186
3,768.6,871
4,6598.5,37188
4,10311.3,111388
3,518.9,484
4,2378.9,15293
4,986,1535
3,643.3,8135
4,1862.9,3519
2,25401.4,879935
2,210.7,521
6,366.9,32
10,240.3,0
6,300.4,279
4,238.1,223
2,697.7,4373
4,876.9,1280
8,3818,2259
3,1032.9,3021
4,1860.7,9456
3,1658.4,5083
3,1046.1,3012
4,711.6,765
2,1718,8988
3,275.7,146
6,2071.3,7263
4,429,112
4,2565.5,11803
3,433.6,1009
3,180.9,153
4,430.1,519
4,4358.1,21420
4,1096.1,825
4,329.7,86
4,1257.8,2025
4,1421,4144
3,2793,15489
10,822.5,59
3,220.2,218
4,727.7,884
3,1646.6,9450
3,897.2,2505
6,259.1,74
2,327.2,2017
4,2748.9,11778
4,1468.3,1652
3,11689.8,176875
4,1851.5,3265
4,10506.1,120656
2,512.3,2139
3,1662.6,12161
2,165.3,126
3,2747.8,13609
5,2515.7,3012
3,619.5,934
4,2810.8,9201
3,195.3,46
4,3102.6,8699
5,689.6,113
5,5097.1,19478
3,2468.8,19029
4,3574.6,15383
3,383.1,367
5,918.4,1818
4,779.8,3377
3,306.7,544
7,660,148
3,1053.7,3071
2,1931.2,23566
5,3478.2,14422
3,1160.7,2686
3,638.2,5117
2,687.4,3392
2,454.2,524
3,1545.4,5962
4,1452.3,2633
4,792,734
2,331.7,845
3,581.3,437
6,295,310
4,330.2,21
3,3715.8,20888
6,952.5,489
4,365.2,66
3,222.7,63
6,2232,1527
3,915.4,3473
5,484.5,146
4,7089.3,34451
3,417.8,475
4,3442.7,16494
2,4137.6,53207
2,17437.3,609400
4,319.8,41
3,6640.1,59006
2,3266.8,25577
2,648.6,4268
2,190.8,60
3,596.6,860
3,463.9,907
6,2391.3,2942
3,904.2,2923
5,961.2,597
3,432.8,381
4,580.3,202
4,292.8,127
2,4229.4,68353
3,477.7,657
3,3298.5,18058
3,673.8,2553
3,1655.1,8062
4,734.9,800
4,997.3,587
3,1028.4,2864
2,9369,156159
6,368.4,197
3,13402.6,188649
3,2217.3,7808
3,1280.7,2450
4,209.5,75
3,128.2,67
5,373,192
4,1622.1,1389
5,687.7,125
5,875.8,610
2,260.2,530
5,647.2,311
2,1501.9,12724
8,1620.8,287
2,1079.2,6078
4,1411.3,2405
5,894.9,129
2,505.2,1407
4,8766.2,58321
3,1028.7,7482
3,1667.5,3002
3,302.9,264
3,420.8,414
3,8148.8,235542
3,2408.5,18527
2,4193.3,63254
3,334.4,345
2,1302.9,28581
3,1213.3,3877
2,1038.9,13394
4,1212,818
5,905.3,1148
3,3251,31587
4,1384.7,1128
4,844.5,241
3,980.4,4899
2,1321.3,12920
2,6494,82293
3,3849.1,37004
4,303.4,75
8,654.9,93
3,334,106
3,1393.9,4676
5,281.1,90
2,4485.5,76215
4,3461.8,8353
6,3123.4,5258
2,927.3,15147
4,2001.1,4334
6,588.7,170
2,508.4,1443
4,798.2,375
3,484.9,1280
5,589.9,165
4,3939.3,13353
3,6943.6,59761
3,1676.6,4853
4,3064,13201
2,187.4,270
4,2801.9,6924
4,3397.1,12037
2,956.4,5432
5,4498,18602
3,258.1,102
4,214.2,29
4,2336.9,5829
2,866.1,7478
4,233.6,67
4,265.7,69
4,1330.4,4096
3,6014.7,44789
4,290.6,142
4,1490.6,2033
6,3211.9,6755
4,592.5,483
4,1666.3,1809
4,2125.5,4884
5,237.8,82
5,2136.6,2084
3,712.7,948
4,551.5,2305
5,1164.4,1555
2,301.4,1518
2,10518,485116
4,2526.6,7510
5,428.6,90
5,3458.3,5918
2,2109.5,23922
2,525.1,1963
3,1597.6,5461
4,2093.7,4087
2,316.6,359
3,1873.4,6989
4,241.5,97
3,8556.9,86546
4,503.5,145
5,7022.3,30490
3,960.4,1915
4,4720.6,24895
2,3628.8,30282
5,4496.2,10347
3,1466.7,5749
4,433.8,236
3,791.1,996
4,368.3,642
9,3426.9,1669
3,1294.6,3981
3,262.8,193
4,4659.6,31533
3,692.3,2537
4,12428.6,120143
3,156.6,242
10,12944.7,23837
4,2302.7,9043
3,1027.3,2391
2,518.3,3754
2,236.8,344
3,234.7,256
3,538.7,3535
4,5551.2,19382
2,6345.5,286545
3,552.7,1753
3,1797.8,9618
4,1629.8,3464
3,1711.5,4595
3,3121.7,18950
3,673.4,535
4,192.2,12
3,2672.6,9265
4,1475.3,4200
3,1019.9,10207
4,304.5,181
6,500.6,179
5,208.3,80
5,611.7,273
4,1399.1,1406
3,319.4,241
3,531.9,1065
3,1295.8,3033
2,237.9,582
3,266.6,87
5,6553.9,22614
4,745.9,1720
4,247.3,108
3,351.5,156
4,905.4,5771
2,313.2,422
5,663,544
3,1461.3,12965
3,2200.5,4838
3,2086.4,8277
5,359.8,141
2,470.1,1664
4,380.4,597
3,473.2,348
4,4487.3,15711
4,1522.5,2401
6,2933.5,4308
5,320.4,8
3,7199.1,69562
3,1395,19618
4,679.7,764
5,5911.4,18454
5,5949,21260
3,524.5,748
3,304,629
5,8378.9,49685
5,645.6,475
5,346,111
2,217.5,299
4,1415,6452
7,463.2,36
3,6784.2,57962
4,418.4,1686
5,238.2,18
3,8120,63599
4,5070.6,29982
4,654.7,925
3,234.9,393
2,227.2,315
4,1545.9,7772
3,9194.7,76457
2,8162.5,167693
2,1093.8,5770
3,1764.7,7650
4,165.4,3
3,9341.1,95373
3,404,1095
4,1644.5,6795
5,740.6,743
4,1197.1,2361
5,1402.2,902
3,10505.9,113158
4,281.1,73
2,8544.4,181281
3,3459.1,18724
4,3546.9,13588
4,1134.6,1623
3,224.4,94
3,691.3,1151
3,310.4,76
4,2689.9,7805
4,1670.6,3311
4,646.8,167
4,459.2,567
3,1585,4295
2,1342.8,10455
3,141.1,30
5,683.3,376
2,511.3,27891
4,592,1246
5,2459,4332
4,1665.5,4484
5,619.3,151
10,4617.9,6573
2,452.2,1750
3,2470.7,12876
4,1449.5,2614
4,2137.1,6341
6,342.1,166
4,1265.2,2032
4,406.7,384
7,2598.2,3264
5,388.8,128
3,215.2,153
2,8626.2,374958
2,194.4,135
2,320.8,993
4,309.1,253
2,265,1509
4,931.4,1710
4,3328.2,10006
4,2087.9,3907
2,645.6,3452
6,924.7,403
3,575.6,2131
7,728.8,225
3,921.3,1885
3,3911.1,21242
4,374.9,524
4,1782.1,3843
5,355.7,56
9,256.2,0
3,1691,13984
3,1114.7,3830
4,468,684
5,428.5,58
3,309.9,1000
3,490.8,1105
4,446.3,205
5,2725.6,6518
3,1974.8,8309
4,6243.2,30174
3,1949.3,6420
6,495.2,242
3,1047,2675
3,2513.5,16175
2,221.5,526
4,367.9,416
2,288.1,1658
8,2803.9,1622
6,3749.9,11901
5,401.2,136
3,158.6,107
4,748.8,1579
2,2531.8,26481
3,2709.7,9931
6,654.5,360
7,331.2,57
4,828.7,3301
4,2428.3,2600
2,435.9,1329
3,776.7,1944
4,1130.3,436
4,1942.5,2797
4,1155.9,2575
6,1087.8,447
3,522.8,1645
4,540.4,1164
5,4824.1,11558
5,1554.4,2788
4,376.4,356
2,135.2,63
4,1363.7,3019
4,6781.3,45143
4,477,254
3,11411.2,133414
2,767.3,10019
5,5501.6,13126
3,4086.2,27677
5,601,643
6,2038.8,1932
5,6297.5,22080
3,11000.5,361633
2,282.1,397
4,894.1,413
3,3248.5,12176
4,835.8,887
3,1486,6173
3,239.9,61
2,302.3,2456
7,324.8,23
4,345.6,124
4,2641.8,13059
2,742.6,2309
2,13847.8,289903
4,272,349
5,1012.9,539
3,828.4,6247
5,552.6,114
3,1047.7,3248
2,348.4,1108
4,808.7,486
3,2355.4,7319
2,268.6,567
4,712.2,849
3,211,205
3,302.4,277
3,1638.8,6085
3,1540.5,6087
3,9833.7,107905
4,4756.1,19971
2,596.7,3201
4,1746.7,2779
6,1950,2298
2,2321.8,27694
5,579.4,151
3,4441.4,28622
5,469.1,61
2,392.8,435
2,1319.8,8182
2,240.6,957
2,204,441
2,2631.1,48021
4,169.7,4
4,2693.1,13246
2,426.1,4065
5,704.8,372
4,2500.8,5336
4,470.8,139
3,25146.8,721520
2,6727.1,81185
2,562.4,5218
2,437,2997
4,224.8,10
5,7501.5,31288
3,639.8,1970
4,4519.2,19356
3,521,2050
2,171.9,107
4,179.4,164
3,2450.5,5782
2,11600.2,254264
7,5759.9,12635
5,2684.7,4610
4,364.6,253
2,2249.3,74483
5,593.7,469
6,775.8,128
3,435.6,653
2,699,7477
3,1138.7,1654
4,7378.4,88653
7,3704.2,2255
4,3205,10869
3,925.8,4119
5,2755.2,4022
2,897.3,4618
4,383.4,1445
4,5284.9,24656
5,2019.2,2540
4,298.1,189
5,894.9,314
3,463,2443
3,2185.9,8017
3,22637.2,879387
3,1832.4,4529
3,3011.3,24340
3,757.4,1330
3,391.3,328
3,2135.2,10087
7,925.8,101
6,1264.8,913
4,3698.6,17723
4,5087.8,23542
2,477.9,3164
7,317,276
3,385.5,544
4,1627.4,3557
4,1391.1,1640
3,256,182
2,346.3,3266
4,6722,35635
2,3845.1,50147
4,7978.3,172560
3,223.6,195
3,2044.9,7984
10,828,131
2,5226.1,150772
3,612.1,1419
5,4528.2,14253
3,6767.3,51130
5,2623.9,4618
4,3602.5,7701
3,4261.1,34696
4,1108.5,3483
3,3339.2,34214
5,5998.7,14544
3,323.5,751
3,1368.9,2645
3,914.9,2002
2,7736.6,139861
3,3569.5,31762
4,277.3,262
4,1956,4639
3,3281.8,13820
2,596.1,4693
3,313.1,161
3,10389.3,246396
3,232.5,23
5,329.2,31
3,379.3,680
6,2669.4,3572
4,1833.9,2701
2,1384.5,19766
2,419.4,3233
5,2624,4807
3,5480.7,48859
2,4889.1,140602
3,2831.5,12595
4,1743.1,3231
5,4001.1,14037
2,1245.7,5477
7,570.8,175
6,5468.4,14243
4,715.8,488
4,159.7,4
3,2465.3,14090
3,344,183
3,5873,46129
3,244.3,411
4,8329.4,76868
4,8530.4,54924
4,470.3,674
4,1644.2,1973
4,1797.5,5374
3,344.2,266
5,542.7,130
3,2309.3,9168
3,1290.8,4826
3,1718.8,38766
4,342.2,237
3,723.1,1092
2,7057.1,127726
3,897,3623
5,274.6,24
3,1094.7,1956
2,991.7,7066
4,821.9,942
3,742.4,535
2,431.4,2024
3,774.1,1995
5,421.3,32
4,309.3,360
5,5461.5,11182
5,170.1,43
2,1866,17769
6,953.8,101
2,2416.2,28427
2,858.8,4740
7,1450.3,483
4,1799.1,5222
5,650.6,265
3,2874,20422
5,1500.6,1431
3,3609.7,22850
2,684.1,1767
3,2005.5,12157
3,291.7,148
3,3354.9,19725
3,1739.5,6414
3,618.2,2229
2,2998.7,29374
3,163,54
4,3088.6,10485
3,9381.2,110971
4,713.9,1537
3,3734.2,22935
3,875.9,2519
2,473.7,141
3,255.2,209
2,3734,40034
5,241.9,23
5,5826.8,27239
4,359.6,463
2,324.9,2034
3,757.8,4483
3,2499.3,14312
3,317.4,279
5,507.3,65
7,655.7,154
9,1293.3,167
3,17477.1,275815
2,163.6,990
3,486.7,1419
5,1289.3,866
5,7101.3,32013
3,1498.5,2993
5,640.9,181
5,1256.2,1444
3,585.1,1150
3,361.9,1001
2,2664.9,41199
5,886.8,283
8,5710,4107
2,1995,22533
3,3716.5,20381
3,2514.7,13439
4,1409.4,1397
3,622.6,514
4,369.6,480
2,489.1,1544
4,678,279
4,402.5,114
4,4058.3,13358
5,661.9,176
3,651.7,1089
3,593.1,1892
4,3096.9,6482
3,224.8,117
3,7129.6,70065
4,4198.2,26847
3,965.8,2002
5,6467.2,17843
4,692.4,204
4,4990.5,31027
3,880.3,3184
3,460,249
3,14087.6,585246
3,4726.2,39357
4,3431.4,12331
2,4890.2,190441
4,3497.9,12517
4,140.4,23
5,4825,13386
2,297.3,430
6,200.6,5
2,897.8,13805
3,440.7,798
3,874.9,2706
4,170.8,9
2,741.6,5175
3,290.2,4442
4,4332.1,29686
5,978.6,1206
3,1149.3,3412
3,1986.5,13494
3,631.2,19063
2,2062.7,98668
6,1851,3678
5,1472.9,1541
3,1888.4,8128
4,4449.9,20987
3,2342.3,8736
3,5597.8,81225
4,578,818
5,4374.9,7901
5,340.9,193
4,9528.9,73561
6,10800.5,59256
3,2183.6,11056
4,2688.1,5258
6,2182.5,3088
4,1148.7,814
4,405.5,596
4,1180.3,1262
3,553.9,651
5,443.9,700
3,1331.8,22889
8,166.2,0
5,254.1,120
2,208.3,362
3,1997.9,11494
3,388.4,227
5,644,1365
4,16161.2,127413
3,19237.7,304947
4,1769.8,2183
5,239.8,31
2,4101.7,97445
3,1756.8,7703
3,388.7,369
4,1168.8,1752
3,14214.8,203652
4,927.3,1283
3,359.3,1304
5,784,962
4,450.9,449
4,543.5,589
3,552.8,653
7,271.5,15
5,769.3,1711
2,451.2,2250
5,296.3,14
6,1375.3,1375
4,1479.9,1491
3,2191.9,22820
4,5632.3,34405
2,14702.9,498088
3,492.5,3742
4,192.4,118
9,727,295
6,4019.5,8395
4,450.4,352
4,399.9,226
5,4487.2,12874
4,322.4,363
4,220.3,99
3,2375.6,11528
2,180.4,104
2,1105.1,5413
2,258.7,515
3,6517.5,72306
4,9427.4,85592
3,2018,38612
5,3218.1,5716
3,703.2,800
4,1748.7,6312
4,3000.6,9458
3,6245,50580
5,253.4,152
3,6505.1,105140
2,201.4,275
5,2802.7,5315
4,2530.2,4924
11,1370.3,31
5,476.5,148
3,367.5,278
3,836.4,1255
5,975.2,1219
3,317.5,363
3,1388.7,4286
4,736.6,484
5,9485.6,40776
4,755.9,948
3,10632.9,124495
4,1516.2,4682
5,1167.8,444
3,1153.1,2420
4,2964.2,10963
2,816.3,1092
6,1962.4,3160
9,294.5,8
6,1158.4,1029
2,296.2,1153
2,267.6,468
4,1470.6,4652
3,757.6,2220
5,555.9,56
2,1105.4,19688
4,1232.7,1190
3,543,262
3,3550.1,24400
12,3389.8,934
3,2890.1,13905
3,323.9,517
3,13964.9,557398
2,310.2,963
3,426.7,877
3,635.9,815
3,330.5,439
3,1096.9,1117
3,247.9,120
3,10354.7,203751
3,1895,9435
3,682.4,1771
3,1294.1,5877
4,6086.5,39505
5,769.9,903
3,2278.9,13490
3,1945.8,5250
6,378,30
3,9807.2,130058
4,3865.8,9948
5,789,2464
3,451.6,606
4,326.3,70
3,672.3,788
2,312.8,984
4,293.7,22
2,865.3,2372
2,2447.1,34912
6,169.8,23
2,645.9,8829
4,2610.3,7475
5,239,0
3,692.9,1111
5,578.5,87
5,524.5,51
10,1700.5,433
3,913,1730
3,2151.8,7830
3,6037.3,61025
6,6372.2,18158
4,541.2,647
4,1834.3,5893
2,313.7,1204
5,523.4,1124
2,1476,7035
7,4481.5,6023
7,2664.7,5851
3,1252.5,6412
5,2050.8,2013
3,1031.7,2905
3,133.6,2
6,5194.2,10231
4,1945.2,6477
3,2080.5,7020
5,905.6,224
5,2750.6,3248
3,374.5,258
2,2970.9,129843
4,232.4,15
4,2763.1,8958
4,1322.2,1338
3,6949.6,56510
3,698.7,12085
6,1813.9,818
3,709,2687
4,2657,14125
6,690.9,435
4,334.7,372
3,630.5,793
2,2708.6,27467
3,1085.7,3690
4,593.8,479
2,581.1,7766
3,1661.2,7571
3,156.8,203
2,519.5,2948
3,1699.6,6546
2,2913.5,32847
3,664.6,422
2,305.2,1153
3,2595.2,13414
2,1498.7,28274
6,780,286
2,4780.1,84775
2,492.7,1598
3,183.8,103
6,2957,3289
3,629.1,907
3,9741.7,105493
3,1918.8,8353
7,8436,15332
2,939,8923
4,341.9,111
3,1094,5282
3,1980.8,6075
5,398.8,1
3,552.2,827
3,279.1,119
3,13689.7,124626
2,2579.1,115935
5,455.4,52
4,480.9,556
2,1858.8,20639
2,1673,9369
3,327,828
2,418.7,2235
2,10708.5,295342
3,2350.3,10792
3,2428.9,18877
3,598.2,779
3,2791.2,24792
5,2136.8,2910
4,2249.3,6272
8,3780.4,5894
5,4201.9,10237
4,927.1,2978
3,645.5,1468
7,1580.1,186
4,1441.3,2681
2,2350,33371
2,816.6,4869
5,1490.5,1125
5,2365.8,1873
5,3355.2,7573
2,7830.2,345135
4,1742.2,2204
4,9656.8,66033
4,5518.1,19597
5,603.4,92
6,878.9,704
3,211.1,156
4,2990.4,9024
2,687.7,3430
2,394.7,2719
3,911.9,1206
3,363.8,1434
4,253.2,31
4,1659.4,3143
3,188.2,78
4,906.2,2270
4,681.6,310
2,3818.1,161780
3,812.6,2656
4,216.6,56
3,1081.6,4055
5,557.7,92
4,7910.2,58889
4,245.2,18
6,379.5,25
5,309.6,15
2,1473.1,10789
2,990.9,6287
4,1012.7,652
5,631.8,80
4,184,80
3,2766.1,12560
2,779.6,5191
3,594,1301
4,228,105
2,945,11312
3,364.1,364
2,2226.8,38218
3,315.4,181
4,5813.4,26801
2,898.9,5294
5,6291.7,23824
4,5287.7,20338
4,217.7,112
3,450.8,1052
3,1716.3,2963
5,5317.5,13460
4,174.6,26
4,1871.8,6284
3,8856.7,102379
3,1452.6,3657
2,986.1,7941
4,2458,7059
2,2437.5,17843
5,887.8,2187
5,685.3,1170
3,536.6,1720
3,191.9,45
3,1630.4,5462
5,485.5,470
6,2341.5,1577
5,624.3,389
3,5401.7,76980
6,2031.1,2233
5,804.1,763
5,697.6,453
4,637.2,360
4,1976.5,2728
3,161.8,86
3,145.6,5
2,147.1,218
4,486.4,1159
5,1163.8,563
4,2578.7,59741
4,615.6,588
3,347,1035
3,253.5,487
2,10057.1,343491
4,4403.2,17777
3,3339.6,15388
6,337.2,2
3,343.6,1207
3,8816.7,160396
4,2619.5,3591
3,3830.7,24121
3,602.1,1366
4,2094.4,1950
2,455.1,3332
4,332.6,370
6,1404.8,494
5,2058.6,4106
4,1007.5,5544
6,213.5,83
5,254.7,19
3,282.1,756
4,371.1,201
7,313.5,6
7,1294.1,551
6,7113.9,18198
3,8258.1,97439
3,6932.3,78730
3,297,125
3,163.8,2452
5,8007.1,28558
4,4283.8,13270
5,376.9,431
2,359.5,878
5,6448.7,25040
2,1878.9,17198
3,688.5,1269
5,2175.4,2948
3,1115,4284
4,1081.1,996
5,1875.8,6044
6,450.2,23
2,883.3,4425
3,2503.6,8798
4,12284,126269
3,713.4,2676
4,1142.6,694
3,2165.2,17256
3,3918.6,20658
3,994.6,2783
5,360.9,50
6,2084.1,894
4,272.1,42
4,1736.9,4532
4,284.7,187
5,2386.2,9616
6,567.4,225
4,1015.5,1839
7,449.2,115
8,948.6,80
5,693.3,368
5,14494.5,88423
4,1776.3,23112
4,340.8,415
5,6250.3,19305
4,7428.6,122423
6,785,75
3,8621.5,160057
4,4387.7,16413
5,467.8,137
4,631.9,485
6,294.4,49
6,265.6,10
3,7169.2,55778
5,1263.2,1130
2,5727.8,282910
6,2059.8,2048
5,1986.5,2214
6,1105.4,628
5,1402.4,1403
4,294.6,94
3,591.4,854
3,259.4,140
3,795,1750
5,7818.8,37323
3,1280.1,6360
7,1290.6,563
4,856,538
4,4659.7,17883
4,1091.6,2249
2,621.7,4937
2,259,1409
4,261.9,73
2,1127.7,7842
4,694.3,988
3,309.2,372
4,850.8,466
3,1915.9,5832
4,7694.3,50426
2,29366.3,965634
5,148.6,5
3,9508.5,158074
6,3329.9,4681
6,2835.7,3130
3,1589.4,4649
5,621.6,2701
5,3017.1,4121
4,2244.6,19978
2,5836.2,85355
5,1263.9,1035
4,1276.7,1969
3,19425.9,489821
5,826.7,1983
2,454.5,1211
6,920.2,228
5,25667.7,433099
4,1030.7,974
4,5251.8,35257
4,231.9,169
4,2332.7,7607
5,941,420
4,376.1,123
2,15728.5,476506
7,710,699
3,1620.9,9694
4,1584.4,3422
13,389.3,0
3,396.2,671
5,545,74
5,1045.2,1040
4,498.4,224
7,639.7,382
2,5610.3,187253
3,1028.6,3302
5,8411.3,35139
4,638.6,972
5,1889.4,2490
6,1951.5,1238
5,925.7,611
3,3952.1,30623
3,2262,10937
4,2674.9,11088
2,2065.7,27668
6,574.1,139
5,728,1334
4,2252.1,10832
3,349.7,282
3,733.8,3878
6,6866.5,16673
6,3290.1,3987
3,1748.1,4164
2,2399.4,52488
5,1566.3,1088
5,4259.4,9316
3,676.2,2157
5,662.3,468
3,265.2,202
5,6404.4,20489
5,589.8,1018
3,3981.5,27222
6,393.9,4
6,2984.4,1844
6,2865.2,4129
3,5170,49690
2,523.3,3395
5,2062.7,3429
6,5819.3,16021
3,2160.8,20181
5,696.5,126
3,2911,11622
3,1469.7,23239
3,398.4,461
3,2217.1,8085
6,9033,35542
3,3182.9,20315
5,4295.7,8613
5,1414.9,1328
5,6065.6,34738
3,469.8,568
2,8541.3,146801
2,502.5,1544
4,291.7,230
2,6916.7,92990
7,2946.6,1759
3,337.5,63
5,7534,32294
6,3123,8960
4,16463.6,188497
3,2818.9,13992
4,1862.3,2550
5,1697.3,1894
5,1357.5,2363
6,1518.4,1220
2,22636,1307915
5,1019.9,479
4,5759,27547
3,482.1,2151
4,2266.7,5737
5,258.2,215
6,451.9,162
2,5204.2,75860
2,746.1,2994
4,497.6,235
9,4469.1,2781
2,874.2,3332
6,246.7,4
5,890.2,906
4,601.8,489
6,1194.5,370
2,466.1,1402
4,1146.2,2262
3,476.9,705
3,862.8,808
3,1348.7,16756
5,9344.4,40028
2,690.6,2397
3,390,440
2,1337.1,16917
4,2737.2,10175
5,1793.1,10896
6,2551.5,6516
4,244.9,361
4,556.8,786
2,2847.1,24617
6,2451.8,1711
2,6771.9,343065
3,2629.8,13575
3,8098,95717
6,3157.6,6213
6,1419.8,617
5,621.2,97
3,500.1,1850
5,3958,16451
5,1699.8,1991
2,1949.9,26199
7,2548,2286
2,354.6,1939
6,514.4,72
7,1545.1,2055
8,1036.7,38
5,3806.3,14533
4,1463.7,5184
3,950.7,2088
7,2760.8,5224
2,848.1,5958
8,2882.9,1509
3,375.8,1878
5,2130.7,2460
3,569.1,1565
4,446.3,302
2,866.9,9970
2,1250.3,7651
9,545.9,11
3,665.9,2096
5,1483.7,2829
4,620.9,342
7,304,43
3,2553.3,18313
4,3319.3,7592
5,2704.7,8885
8,341.4,11
6,3949.3,6466
4,2496.4,3854
4,4558.4,25300
8,323.3,27
6,448.1,194
5,1937.1,3163
5,3195.8,5560
4,1422,2730
5,15947,114837
4,577.6,796
5,4198.9,11991
3,1488.8,2055
4,3196.1,10584
3,686.8,987
2,1154.8,5723
5,547.8,205
4,256.5,9
2,1882.1,39738
6,556.4,398
8,3404.4,8586
4,1340.3,2146
4,1150.6,2289
2,565.7,1421
5,11850.8,67230
5,3613.6,13022
5,2632.3,4850
2,1968.3,19020
6,1258.5,1622
5,2759.9,8388
9,3004.2,1143
4,6617,33277
3,463.8,1010
6,2886.3,2835
9,12301.6,23451
3,4080.1,68810
2,340.5,1586
6,2442.6,3103
5,26699.9,306962
5,710.4,934
3,1108.1,1154
7,266,1
5,1977.1,3345
5,3103.5,4480
6,4094.4,6209
2,555.9,1457
4,547.7,489
8,504.5,304
4,4665.4,31533
4,2578.4,5856
5,438.3,47
5,202.5,19
5,423.2,345
4,7219.4,38015
5,1697.2,1109
3,574.2,467
4,2562.4,5935
5,10273.1,57743
3,915.5,1548
2,794.4,4811
8,4505.2,5899
2,747.8,3193
5,5139.2,15425
2,301.9,485
5,536.2,143
5,224.3,78
8,4516.9,3599
5,1951.5,8930
4,271.3,89
7,4683.9,14943
3,2810.8,21802
4,1444.9,2142
3,6777.3,60301
5,474.5,44
5,387,81
5,4754.6,12351
3,871.5,5513
4,10805.9,76231
5,4293,15438
5,2713.6,8750
5,13325.8,83249
2,2903.6,49335
5,2070.4,2717
4,489.2,621
3,738.5,588
4,3432,12725
3,1446.1,11375
5,359.7,171
4,630.7,1676
4,727.6,501
4,409.8,342
4,197.3,28
5,19400.3,206615
2,4298,57291
5,356.3,33
2,364.1,1371
6,283.2,14
9,3134.2,1292
5,2268.5,4140
2,1431.2,26545
5,1057.4,1418
3,2663.9,16276
5,1539.6,2014
2,6241.9,250198
2,1835.5,61533
6,2207,4373
5,297.7,422
2,1539.9,17519
7,4116.7,8020
5,1127.4,711
5,799.7,545
3,1890.7,6768
7,13237,45536
3,845,3505
9,2500.2,1058
3,770.2,1880
3,1559.1,4023
3,16486.8,530096
4,1274,3811
2,1325,10465
4,1744.9,1843
3,3474.4,41090
2,5333.2,187984
4,2345.7,4371
5,389,236
3,738.5,1122
6,952.3,273
3,1566.8,5719
4,681.7,1712
2,797.9,4887
5,9693.5,48710
2,9243.3,297700
5,460.8,383
3,1856,14558
3,2486.1,11718
5,2636.2,8146
2,3492.1,43866
2,3908.1,40296
4,342,122
4,8950.6,73034
5,1038.5,223
6,2154,2725
3,1767,4929
2,1133.2,15599
6,1995.1,3291
3,1493.8,7292
5,2708.5,5618
4,586.8,294
8,568.6,174
2,958,4523
5,955.4,405
5,1416.7,1817
2,2780.9,45169
6,10716.7,35564
4,1197.5,2163
2,3344.9,32071
5,254.6,5
5,629.1,782
5,3785.6,15584
6,5829.5,17138
8,273.7,43
3,233.4,601
3,1315.4,1598
9,371.4,20
2,202.3,204
3,1069.1,1893
5,1465.9,1198
5,229.4,5
4,242.7,25
3,881.8,2034
3,708,3917
6,2484,1525
4,1345.8,4627
2,24470.5,790628
3,354.6,869
3,2089.3,7103
6,370.8,69
7,449,109
5,892.4,122
5,8386.1,139894
5,300.3,14
3,1066.3,4548
6,2560.3,1981
3,866.5,3090
3,3537.3,72972
5,5502.5,22595
5,255,26
2,398.1,1032
4,971.9,922
4,702.8,647
6,491.5,20
4,2417.8,9473
3,930.1,4481
5,1574.9,2066
5,4756.6,13668
5,10341.4,57198
4,12484.1,87745
4,14904.7,182474
3,9015.6,343254
4,525.6,440
3,1382.8,6231
5,427.1,50
4,1169.5,1313
3,1126.9,7966
6,867.8,266
5,355.9,61
4,6541.1,29679
6,944,366
2,671.7,10104
3,4272.7,27781
5,1802.2,11145
7,882.6,163
4,552.9,383
7,409.4,6
6,747.8,230
3,657.7,1185
7,1754,1723
2,304.3,427
4,2430.2,5117
5,9699.5,205335
4,2773.7,16848
2,1318.6,7284
4,1626,1756
5,458.6,93
4,3469.7,11445
3,8835.8,91104
6,1522.8,801
3,1660.1,5481
6,856.9,648
3,642.1,1954
3,3735.3,26382
9,363.1,137
3,4758.4,40576
2,303.9,2008
5,8153,38656
3,903.9,1818
6,1557.7,2602
2,165.7,129
3,4141.5,168029
5,252.8,211
3,649.5,3128
4,942.5,813
4,1744.2,7581
3,174.8,19
6,300.3,32
2,1922.7,14536
4,195.1,93
4,492.4,1764
4,312.5,241
3,5651.2,217552
7,871,298
3,16107.3,234712
2,324.6,818
7,599.4,772
2,478.7,1814
4,253.5,34
3,761.1,3223
4,1979.9,5684
4,719.6,1114
4,1557.2,6016
5,5208.6,12445
5,3207.5,5835
2,3685.8,167813
3,408.9,452
4,14506.9,199778
4,1376.1,4550
3,1302,2211
2,1548.4,9782
4,3327.6,13616
2,557.3,7398
4,3093.7,13429
5,4424.8,12332
5,1190.7,276
4,935,3880
4,3791.7,48025
3,2532.8,11859
8,3461.3,988
4,647.9,362
4,3385.2,10196
8,524.2,20
5,6706.9,41233
4,6258.8,34141
6,1553.8,1992
2,157.2,351
7,559.7,99
3,279.8,294
3,12198.8,178735
4,1788.6,3249
3,311.6,371
8,883.5,245
8,688.4,159
5,1738.7,4608
3,2727.3,27459
3,13439.9,254287
5,238.1,38
5,939.1,1683
6,267.6,6
6,1864.1,1513
3,2334.9,18935
2,2759.3,39297
3,245,588
3,1046.2,3250
4,209.1,21
3,667.5,1029
6,7414.7,24952
3,3328.1,25492
4,1226.1,1475
7,399.6,0
6,1295.5,1127
2,742.8,2531
3,646.8,1438
7,1244.7,466
5,2454.2,4517
6,873.6,261
6,548.4,48
6,2077.5,2494
3,490.9,613
5,1341.4,2533
4,1690.8,6565
5,756.8,1011
3,1954.6,11753
6,203.1,1
3,402.2,1425
5,1447.8,2326
6,2207.6,2348
3,596.4,1064
5,7507,29344
2,241.9,723
4,1765.3,10854
3,1484.5,7715
3,9454.9,92586
4,628.5,840
7,2369.6,2784
5,499.4,62
8,2111.2,3632
4,2644.5,5706
3,572.5,1078
5,1391.2,985
4,1090.5,1167
8,228.6,1
9,3911.9,2265
3,2414.5,11577
5,1091.8,571
2,259.8,818
4,11894,136465
5,6071.9,30643
2,774.4,6926
6,665.5,69
4,3787.1,11538
3,234.1,167
4,961.4,1903
2,12501.1,705850
5,672.2,426
4,467.1,723
5,1973.9,12712
5,366.6,214
15,3673.2,343
8,3080.8,2066
7,1838.8,1172
2,272.8,1599
3,1533.5,6782
5,7274.1,34474
6,325,78
4,266.3,54
4,575.3,206
2,787,3824
2,3098.4,31604
4,516.7,477
6,810.2,95
3,348.7,199
4,725,592
2,266.7,330
2,527.2,5657
5,3082.7,7964
7,2026.1,840
5,1885.3,2849
3,410.7,829
7,324.2,2
4,3683.4,11380
2,269.9,500
6,478.2,101
6,4748.1,8025
9,332.1,160
5,700.2,1271
3,1538.9,6304
3,1915.4,4717
3,446.3,824
5,431,292
3,466.5,346
5,1538,1297
4,1374.6,2246
3,404.2,547
5,9143.9,46209
5,731.5,231
6,2277.1,1433
5,758.4,641
3,280.4,99
6,550.8,78
3,246.6,188
6,3154.8,3348
2,12403.4,331041
6,1433,856
2,157.4,200
8,792.2,64
9,1261.4,210
2,517.4,13191
6,309.3,77
4,194.9,36
6,350.5,40
4,1077.3,1229
5,9021.6,56953
4,214.5,3
5,1838.1,2503
4,662.1,534
6,5598.1,21921
2,2639.3,25640
2,14831.9,947022
2,307.5,617
6,6794,18325
6,707.9,356
2,381,1953
4,1331.8,2415
4,2140.4,8124
5,2576.7,6811
2,138.4,8
4,1631.4,3946
6,903.4,241
4,282.9,22
6,3530.2,6223
4,942.6,3851
4,3095.3,15039
4,2418.6,11182
3,12448.2,150841
3,244.7,102
2,21090.5,740685
5,393.6,451
7,242.5,13
2,1442.7,19947
3,3816.8,47589
4,1288.6,1354
2,786.3,14277
2,1018.8,11783
4,2986.9,7256
5,5268.8,14353
3,521.7,2229
5,605.4,657
5,2449.9,1799
4,161.5,11
4,1468.2,2970
4,883.7,1134
4,3150.3,13597
10,1519.6,295
2,1583.3,36815
4,3209.8,15340
5,3198.4,7209
3,4072.8,157533
3,1255.1,3117
3,1659.7,3889
4,6872.8,43570
2,3754.2,54345
6,1147.6,1449
3,1676.2,47961
4,1140.5,3916
6,4281.2,6364
5,1569.8,2200
3,2178.3,8637
2,253.6,541
2,15321.7,857462
5,3245.1,11089
3,1590,4880
3,10770.7,200254
5,1082.5,1046
7,607,113
6,2825.2,3189
4,4871.7,13308
5,1901.7,4367
6,2321.7,3580
4,6771.6,33660
2,598.7,3121
2,327.6,671
3,11249.5,160544
7,284.3,13
5,1882.6,5752
5,3250.7,6152
6,2638.9,3725
4,2283.7,3822
3,775.8,1010
4,3581.2,10470
5,1415.1,3685
3,1856.2,9628
5,1225.4,1163
7,12731.4,68840
4,950.5,642
7,595.3,569
4,250.2,7
4,281.6,107
7,436.5,9
5,1930.2,4710
3,677.4,524
3,372.2,174
4,1041.8,1368
3,1696.7,5129
5,195.3,2
4,331.8,116
3,1830.4,8676
6,788.9,593
7,565.5,805
5,396,394
3,251.6,1295
2,1697,37032
3,2266.2,6269
3,710.2,741
3,8858.7,126775
3,2129.1,8264
3,431.8,1241
6,6148.3,13740
2,4638.5,102004
5,474.5,157
4,619.2,176
3,575.6,2410
2,3951.2,50283
4,3264.3,11727
5,790.3,479
4,1428.7,2047
7,3750,5165
2,23011.1,957971
5,3046.8,6975
2,10760.3,423569
6,360.7,30
4,1123.6,1626
2,9117.2,362487
5,2244.6,3032
4,6507.6,32068
5,2147.2,2812
4,13946.6,123733
2,4191.7,83518
10,3322.4,2198
3,2219.2,18487
6,4094.6,5860
2,575.2,3892
5,4758,11243
4,1384.7,4157
4,945.5,566
5,4249.3,12132
4,456.9,85
4,274.6,15
3,3258.2,21029
7,10752.8,36746
6,7939.5,40220
3,16976.4,701300
5,455.8,141
7,320.7,60
8,2513.4,2305
5,620.1,219
4,2260.5,4320
5,1300.5,5673
6,878.6,159
4,299.6,101
2,737.2,4095
6,218,185
6,2072.7,5228
5,4983.4,15097
7,378.5,32
6,312.2,33
3,2936,15464
6,1426.7,1317
6,3609.7,5229
2,522.2,2040
2,343.6,1394
6,862.4,918
2,6223.9,99266
4,296.5,165
3,2887.3,18882
6,2386.7,2452
11,1103.8,123
6,1193.2,356
3,1470.4,5437
4,854,1424
3,9150.9,92243
7,510.7,58
5,1372.2,1074
5,4032.6,18001
5,2052.8,3990
5,1862.9,1168
5,464.6,61
4,457.4,109
4,6489.1,44198
6,4558.1,8620
2,181.7,214
5,10841.3,60990
3,7213.7,197633
4,1699.1,1874
4,278,50
3,1461.6,2911
2,804.1,9024
6,3803.4,7737
2,3435.7,108020
4,729.6,1144
3,2864.6,13193
7,1389.7,975
4,713.4,2461
6,347.4,37
6,3924.8,7633
2,664.5,23700
3,8782.1,120403
3,453.7,803
4,1084.7,2669
3,5345,225057
6,1044.4,713
7,7718.5,24281
5,2120.1,2136
5,3867.8,5718
6,1012.6,351
7,3763,3432
3,18344.7,561320
6,718.3,41
3,9611.4,93994
5,928.2,665
3,3940.4,21200
5,4976.3,17911
7,406.6,6
3,13152.9,185519
3,12153.8,332329
3,435.8,262
6,477.4,168
5,312.9,91
8,814.3,34
9,3572.4,2064
6,459.6,203
5,6710.2,26479
7,1137.2,729
6,4638.8,8817
7,631.5,138
7,3398,3136
5,1802.7,1918
6,4266.3,6256
5,427,24
3,226.8,293
5,4630.9,13902
4,508.7,33
7,1332.7,306
13,1139.9,228
8,1523.8,767
7,13075.6,47477
6,191.7,17
4,1607.8,2584
5,402.3,62
3,241.8,38
2,317.8,650
6,484.5,65
7,2983.9,4959
6,601.6,148
5,249,35
3,1622.7,9941
5,5903.4,134026
2,5646.9,86655
3,293.4,128
2,407.2,1674
4,2381.8,7087
8,3772.7,4841
5,441.4,204
5,5061.7,18302
4,259.1,316
3,401.2,118
7,3796.5,4502
3,1408.1,4629
2,802.7,8189
6,2170.8,1081
4,977.3,709
3,3203.2,16214
2,779.1,11526
2,1055.4,6334
3,916.1,1737
4,4486.3,22223
4,1014.1,2864
6,6399.4,23662
2,444.3,3293
4,145,0
5,2659.5,5164
4,321.2,505
4,279,226
4,1356.5,1371
5,4051.4,7717
3,252.8,146
4,747.9,369
3,763.8,2199
5,6621.1,21188
4,1395,6182
7,201.5,17
6,896.9,915
5,6069.5,21510
5,783.6,81
3,917.8,954
4,1126,841
5,463.7,345
3,2307.3,18210
5,5129.8,13320
2,348.8,7930
4,383.6,209
5,414.8,201
3,18529.6,284293
2,1689.5,12026
12,1842.6,1093
3,1561.1,6738
7,240,77
3,1094.7,4512
4,860.9,416
3,551.6,526
4,2684.2,8983
6,1777.1,713
2,904.7,2741
2,1171.8,10934
3,2465.1,9648
3,213,238
4,1590.4,2524
6,1741.9,1407
5,4195.4,12155
4,3355.3,12897
3,2322.1,11286
3,231.9,323
4,468,338
3,834.1,3845
5,1606,1518
4,1573.7,1373
5,1911.3,2034
4,1604.1,1510
3,1899.1,6778
5,1492.7,3331
3,1214.1,3988
2,224.8,338
3,5003.1,223379
5,10582.2,158043
4,7769.2,149207
2,315.1,1120
4,906.6,1320
2,683.6,4112
5,1737.4,3251
2,352.6,4923
4,262,76
4,1507.8,6423
6,3777.6,4035
6,838.6,232
5,236.1,222
6,4020.8,14185
4,1062.4,2054
7,11805.4,48370
4,1453.8,4580
4,8610.1,55800
6,2134,4573
7,4076.7,6792
6,4801,9731
4,607.2,508
2,1369.9,56650
3,4181.5,23756
4,582.2,339
2,500.7,1110
4,523.8,38
5,3672.3,5422
6,4243.3,5162
3,3618.6,31213
5,2734.6,4565
3,305.2,72
4,509.8,260
3,9592.9,115332
5,345.9,459
5,1004.8,16988
3,1019.1,5485
5,5210.2,10389
5,2071.7,2700
5,2096.2,3139
7,467.5,393
6,3116.1,3745
3,3726.6,16760
3,5961.7,56453
5,311.6,15
6,1280.4,433
6,266.3,14
3,2011.9,13705
2,2950.6,40400
4,4357.1,25330
5,473.6,775
5,12433,80857
3,3111.9,13478
5,1770.9,6402
2,384.8,1319
5,1334.3,1007
6,1315.6,1156
2,493.5,3649
3,213,97
5,4025.5,8952
5,9689.4,54735
5,2589.2,5396
5,3655.9,10217
5,1413.6,1270
4,2081.9,10900
3,233.3,347
3,5037.7,46269
4,1052.1,1766
3,6553.5,57150
5,2222.6,1790
3,8931.4,102817
4,8311.6,203388
7,1718.7,361
2,438.2,11319
5,212,377
3,717.4,3094
6,1259,1646
6,2045,2810
2,389.7,1557
6,1693.4,3209
3,1504.9,5645
4,7038.6,97484
3,1428.9,3254
5,10598.6,51022
2,3191.7,53486
6,426.2,289
4,761.8,397
5,1057.3,854
2,2290.9,19226
3,2805.2,21511
4,579.3,439
6,5043.6,10395
3,524.8,341
6,733.2,91
3,7974.6,77597
2,697.6,6285
6,462.7,358
3,6004.2,51745
5,644.9,211
3,916.2,3092
5,229.7,55
5,451,31
3,3266.3,12710
3,1217.6,4481
7,681.8,86
11,2632.2,1770
3,2070.1,14565
4,1688.2,2482
5,1555,1029
2,3274.8,58786
3,1789.2,5980
3,6974.5,95538
5,3433,4722
4,2036.3,5209
5,1864.6,6265
4,317.9,22
7,3955.2,3161
6,1260.2,921
5,2333.3,1913
2,1564,10169
5,7759.5,30048
3,240.3,49
3,286.6,44
4,861.5,4843
3,286.5,1221
5,1397.1,5899
6,808.8,133
3,391.9,1416
8,1543.9,498
3,1914.1,6938
5,2671.3,5439
4,2159,2573
4,5622.5,39429
3,2539.1,12658
3,548.2,415
3,366.2,405
2,2156,24721
5,392,30
7,1093.5,1047
2,1925.6,12514
3,2239.4,16868
7,492.9,121
3,1000.6,5486
4,878.6,1291
3,570.5,2334
3,12962.5,301149
5,18837.9,372277
3,1814.8,31086
5,5511.4,34370
4,664.9,849
7,774.8,418
6,1170.8,546
6,1266.4,832
4,920.4,1238
4,7156.3,44483
6,5289.5,13969
6,529.8,135
2,913.1,6810
3,10040.2,357965
7,293.6,1
6,3065.3,7932
6,721.7,97
3,1454.3,29594
6,598.6,112
5,1564.7,2083
5,444.9,103
6,4658.9,10298
2,10600.4,384739
2,2525,46456
8,224.1,1
2,2702.6,29462
6,478.2,23
3,1149.4,11745
5,853.5,308
5,1818.9,2437
3,1029.7,3849
3,4123,31608
4,268,105
3,1579.3,3479
6,854.3,1087
9,9761.7,14836
3,20304.9,341442
4,1171,4400
4,295,160
3,291.7,295
4,1489.1,2242
6,2509.7,1911
5,344.1,305
3,678.5,2096
4,1934.2,4637
5,859.4,254
2,3215.4,55976
6,714,6
6,2293.1,2959
6,177.8,12
3,3746.2,26449
5,2614.8,3470
2,1276.5,13972
6,1330.5,793
7,1379.3,259
5,1627.4,2399
4,4710,17809
4,9271.5,57304
2,268.4,1049
6,1520.5,1718
5,625.9,378
4,166.3,19
4,787.8,1742
4,1999,6356
7,8100.3,18225
2,736.1,6018
4,2739.9,9008
3,2579,13009
4,3289.3,41235
5,3977.6,9080
3,1008.5,1454
6,1472.8,645
6,6859.1,17559
12,6240.4,3478
6,2195.1,2458
3,1696,6203
4,1335.7,2475
4,4688.4,68861
4,251,129
3,1270.2,4295
5,1397,1195
5,1142.9,273
5,303,9
3,12363.4,126744
5,1946.9,2773
4,606.9,671
6,932.4,1511
4,1004.5,1548
5,331.4,293
6,595.8,924
8,358.4,28
9,9080.2,17807
5,4003.5,7360
5,182.5,1
5,222.4,25
6,1199.3,513
6,1354.6,628
2,683,3847
6,1434.9,578
3,425.5,498
7,626.4,32
3,632.3,1677
6,5760,12507
4,1234.3,3930
10,2161.7,683
5,1403.4,2531
5,350.8,106
6,730.4,224
7,6786.5,14631
2,182.5,424
4,12217.7,91937
5,3843.4,13134
2,436.8,5807
6,3945.7,7870
5,651.9,775
5,4541.2,16721
2,1251.3,9259
2,1419.4,9434
7,659,52
5,174.1,1
5,1922.5,581
6,10935.7,55235
5,2264.4,4016
4,1286.2,3655
5,1803,3391
5,4153.9,9845
7,14800,71242
4,782.4,855
3,13192.7,222282
6,1027.2,403
5,520.6,143
3,1118.1,4491
3,7502.6,58791
5,1503.2,2779
5,4065,17645
3,405.6,1932
6,2947.3,4509
2,55590.6,4634443
4,1207.6,2328
3,1785.5,23191
2,1519.3,12138
4,360.8,109
4,305.6,36
4,14352,121376
4,4155.6,22295
5,22771.6,485638
5,1007.9,2172
6,530.5,27
5,12260.6,82694
3,2393.1,7013
5,5405.8,26173
6,2326.2,1671
7,2185.9,992
4,4577.8,23154
4,21217.1,434024
5,388,100
6,660.1,196
4,368,162
4,260.7,52
4,790.4,603
3,1312.9,7560
3,1633,4420
2,1034.3,10042
4,2671.9,4468
4,1011.3,1586
5,10259.2,50586
5,465.3,430
2,452.5,1407
5,3787.9,10105
2,3781.3,66256
5,427.2,355
10,162,4
3,1695.7,10630
3,9172.8,71494
2,59203.8,6155565
4,4010.9,14100
5,587.9,372
3,1517.6,5461
6,936.9,487
8,674.5,1925
10,2569.4,197
9,849.2,23
6,606,290
5,228.3,16
3,1326.3,2327
5,1540,916
4,2093.2,2081
3,11772.9,396551
7,337.1,29
6,441.4,136
7,2844.7,2558
6,231.8,9
6,1470.3,1941
2,565.4,8476
5,734.3,1010
7,844,211
4,2543.6,13617
3,580.5,1170
5,711.6,132
4,595.8,477
3,3416.2,37537
6,4766.7,14830
7,1324.7,322
5,8141,35264
4,2149.1,5167
4,5113.9,17384
5,2078.4,1028
4,2390.6,5136
4,2620.2,4766
5,208.1,102
8,725.2,90
4,201.6,2
6,4403.9,6860
3,199.9,235
3,1052.4,3906
4,372.5,392
8,963.1,53
7,2676.8,2512
4,16605.1,369103
5,645.1,704
3,475.8,262
4,1049.9,927
3,1867.3,6664
8,1919.7,1142
4,2695.9,7052
5,3452.9,16502
5,317.2,259
4,2532.4,7851
3,717.4,7257
6,1564.2,439
2,180.7,869
5,996.2,1270
5,1547.5,2930
3,4084.6,42551
2,4660,80942
5,277.5,15
3,160.1,2
4,3183.4,12435
3,676.1,756
2,1768.6,9572
3,313.7,154
3,3130.8,20543
9,1054.5,301
3,840.2,2215
3,1451.7,2309
5,6290.9,18597
4,11692.6,83825
6,885.2,847
4,2707,7546
3,236.3,58
4,1672.5,3227
2,263.2,605
3,459.1,1626
7,1745.7,441
2,487.1,2764
4,7560.6,35352
5,731.3,1099
5,2617.9,7478
9,1573.5,854
2,640.7,3887
5,2909.7,10333
6,415.7,119
5,497.9,84
2,11019.9,523470
6,9269.1,31646
3,2733.4,12443
3,3843.9,25549
5,1897.7,1265
2,1080.4,20156
3,1165.2,2747
5,245.7,10
2,231.3,613
2,681.9,6318
6,956.8,369
2,673.1,6062
4,446.5,112
6,1009,364
2,1941.5,17290
6,3496.7,5436
3,8634.5,111657
2,2564.9,21569
3,1282.6,5441
6,393.3,37
3,6413.1,57696
3,397.6,1152
2,158.3,23
7,2089.3,937
2,145,55
5,751.8,639
3,2283.4,11049
4,1502.8,978
6,1117.7,457
3,5354,74900
4,3382.6,21410
2,1415.4,18983
3,1340.9,10142
6,216.6,47
3,312.2,152
4,561.4,702
2,378.3,1182
5,631.9,104
5,5880,20910
6,540.5,75
3,1844.8,20997
5,4210.1,10453
4,558.7,631
4,7092.8,51513
3,5188,44016
5,690.6,154
2,183.8,348
3,291.2,467
4,548,375
7,9698.5,20140
2,872.1,14029
2,238,1903
4,8337.6,47560
4,3111.7,11236
5,239.6,11
4,2041.2,8614
6,171.5,1
3,789.2,2004
5,4469.7,30088
3,2659.8,12991
3,998.5,2452
4,834.9,350
5,477.4,88
6,1228.8,377
4,272.4,104
2,701.4,1960
4,3169,7218
2,2604.7,22649
3,241.3,163
3,435.8,777
4,446.7,111
5,2484.3,3274
5,5423.3,15543
3,1059.3,3087
5,9847.1,63129
3,202.9,16
3,3401.1,16259
9,2152.4,1025
5,1433.7,3275
4,2779.3,5257
6,1986.8,2015
2,633.1,4569
5,8826.6,42056
3,1762,8445
4,1813.8,5297
9,2186.1,1772
3,1035.8,1756
3,1899.8,5324
6,1572.3,645
4,413.3,233
4,3621.2,30228
5,3866.1,8820
2,254.3,542
2,2003.5,14134
5,1943.1,15726
6,1157.6,489
8,5057.7,8803
3,1806.3,20506
7,6079.7,10110
5,7049.8,25928
3,553,1973
3,2097.2,11582
3,262.9,125
4,4283.7,23204
8,1700.2,762
5,2956.5,5822
2,1817.4,30236
2,773.6,3154
4,422.7,229
6,2622,2259
3,276.9,250
3,744.5,3906
3,6411.3,47039
4,3129.3,8367
6,409.1,24
5,5443.1,17870
5,11743.6,61264
2,1094.9,6078
4,1193.1,1362
3,325.6,118
4,238,185
3,177.5,52
5,8817.4,148073
6,969,611
6,4204.2,6769
7,242.4,15
6,1631.6,814
6,362.7,5
6,2794.7,4965
3,1458.3,5831
4,2463.6,9969
3,4398.8,47031
3,456.2,2972
9,4177.6,1956
5,32756.8,901460
7,849.1,177
5,1770.3,3917
2,4890.8,58777
5,800.9,242
9,1014.2,416
3,432.8,715
11,8562.3,4918
6,350.1,129
5,311.2,241
6,2401.3,3041
2,768.6,13464
5,773,495
6,635.5,900
5,7040.1,32581
6,2075.6,1233
5,4312.2,12174
5,1027.1,1650
2,178.2,83
4,4838.2,17681
4,2470.4,29665
4,1168.8,1692
5,963.8,748
3,205.4,237
5,1095.1,549
4,303.3,47
5,382.1,8
3,2009.1,12057
3,367.3,412
4,5894.6,28610
6,316.1,12
4,1183.5,777
5,2258.5,4388
2,882.4,11458
5,2582.2,10341
2,11650,235749
3,350.6,144
4,884.9,1551
5,486.2,30
4,2559.9,5120
3,554.8,719
3,4071.3,34321
4,284.2,58
4,1166.8,3392
4,3653.9,19829
6,1727.1,1058
6,928.3,381
3,983.8,6591
4,485.8,255
7,923.7,153
5,247.8,26
4,9228,59396
4,262.3,96
9,9089,9024
3,8426.5,95981
7,1366.1,78
6,970.9,968
4,558.7,362
3,700.4,2840
5,13174.1,74680
3,6508,47789
4,5161.7,24384
5,408.2,90
5,1070.9,669
4,3813.1,16189
4,856.6,481
4,1194.6,637
7,2144.9,861
2,813,8111
5,582.3,287
6,612.3,87
5,395.8,194
2,198.8,542
3,1650.3,5597
11,2435.9,483
4,710.5,637
9,2982.8,1329
4,713.7,154
3,2618.3,15424
4,6986.7,46918
6,680.1,247
4,1525.9,4967
4,3315.5,11252
5,5526.1,14273
11,959.7,14
6,1251,1396
3,296.6,458
4,1329.2,1629
7,1801.3,681
7,775.1,705
3,1930,4790
9,1581.1,234
5,217.6,38
5,1131.6,880
4,5481.3,38624
5,8292.4,34413
3,251.3,251
2,5502.6,133440
5,1116.9,1716
4,589.6,90
5,528.9,379
5,1379.4,2507
5,9000.8,48303
4,3892.9,15840
6,2254.7,2683
3,655.3,3361
7,6394,61801
7,327.9,47
3,1455.3,3649
4,1016.7,3291
7,1746,554
7,2087.3,1372
5,2734.1,6920
2,926.7,5876
5,4416.1,11775
4,10915.2,291488
6,4106,6644
3,1240.3,1974
5,1109.9,1381
6,778.7,365
3,5856.8,64391
6,2369.2,3739
9,352.3,77
2,17582.5,859148
7,1191.4,1522
4,1047.8,1540
6,922.1,1630
5,388,355
6,426.3,24
5,1182.5,778
3,14479.5,437508
5,875.1,310
6,1479,678
6,1304.5,2052
3,3950.2,30563
7,4591.4,12792
7,2214.9,980
3,4390.4,54520
7,614.9,284
5,3294.7,6960
4,2979.7,11319
6,1148.4,591
5,756.8,103
3,902.7,1774
6,3791.5,4309
5,1059.5,1226
4,308.6,306
4,4279.1,20049
13,1120.7,100
3,1079.2,5206
5,1863.5,5049
4,378,127
3,552,959
5,817.8,152
7,425.4,6
2,318.8,1564
6,769.7,295
5,1738.8,1133
6,1274,691
7,400.5,71
2,705.3,8640
5,200,10
3,963.8,3630
3,3746.1,131723
6,832.5,243
5,4420.8,12595
6,1573,3606
6,1105.4,376
4,763.4,5161
5,380.6,213
5,4420,14882
3,1591.5,4411
6,1339.1,1061
6,224.2,18
3,4025.6,33381
4,5171.5,21749
5,1554.2,1505
5,3854.1,11747
6,2620.5,2422
3,474,2331
2,3968.3,31569
5,1162.8,1138
5,421.2,131
6,9170.6,166801
5,1347.2,1942
6,2591.8,2088
4,3564.7,11955
5,7102.6,30270
3,4309.7,33595
6,184.6,3
5,2123.5,2674
6,208.6,34
3,621.7,3403
3,10350.6,116447
2,1976,31618
2,9669.7,264450
5,7757.1,27271
8,1328.2,512
4,2462.7,6641
7,445,29
6,870.6,162
2,5416.3,58539
5,307.1,80
3,371.7,619
5,1261.6,562
6,781.9,540
4,5984.2,33933
6,697.6,466
4,664.1,2522
6,1836.3,1173
6,533.2,957
5,216.3,19
2,1933.1,13950
7,447.1,47
5,932.7,427
3,1215.5,3599
6,709.1,56
2,2931.5,32746
4,1334.5,3541
5,3161.4,5567
4,473.7,446
7,1143.9,559
6,897.2,336
3,2821,27704
6,1354.7,2029
6,4699.8,5723
4,3222.6,18166
3,3015.1,22776
4,1273,1840
4,1308.3,3181
2,422.5,2849
5,1668.6,1715
4,257.6,38
4,9473.5,54734
3,3217.1,20673
3,469.9,1113
3,4317.3,25281
3,14075.4,334383
4,13279.8,353836
2,878,15377
3,358.2,151
3,4808.5,42097
4,4270,16775
5,11365.6,73009
5,706.9,4099
5,516.6,106
3,231.8,66
3,997.9,3682
6,5319.2,8611
2,5145.4,66549
5,1920.2,1914
7,7428.6,17181
5,1540.9,1694
3,7075.6,59568
3,1318,4293
4,1474.3,2703
2,156.9,397
5,5105.3,14530
5,1454.1,1570
5,329.3,94
2,408.5,8744
5,531.7,80
5,5712.9,20619
3,837.8,1466
2,306.1,680
3,508.2,1036
5,4469.8,12696
5,10675.9,112185
2,321.4,730
5,336.8,12
5,434.4,679
6,558.1,367
5,563.7,8998
4,363.6,99
7,498.4,126
9,10956.2,17850
3,3106.3,16932
4,2734.1,8696
5,2760.1,6191
3,1635.3,14087
5,2170.3,2867
5,1025.2,1112
3,214.8,737
5,613.9,41
6,6510.7,20613
2,753,11610
5,6371.2,25413
3,1325.8,2746
8,2228.6,1100
4,1076.5,3260
4,2487,7653
5,6252.7,23797
10,404.1,9
5,12569.1,70995
5,2692.5,3174
4,4036,15900
7,1964,1193
6,3436.2,8509
3,287.1,172
7,1325.6,379
5,432.8,75
5,196.9,160
5,3087.8,13657
6,893.2,398
5,1713.5,4590
4,1237.4,2882
6,3203,4055
2,732.3,6970
3,294.2,229
3,3877.4,50211
4,490.2,1533
2,3087.4,55717
3,881.8,4510
9,453.9,81
3,765.7,4122
4,2772.2,5124
6,1955,1232
5,4093.8,11586
7,468.4,35
6,4032.5,7823
6,1136.3,3004
4,365.2,192
10,1237.5,199
3,2909.6,31847
6,1512.5,2976
4,10081.7,96214
5,807.3,1406
3,3077.2,22563
2,431.2,2095
4,186.5,40
5,3683.7,7723
6,630.3,162
5,9948.6,54494
5,803.3,1036
5,1688.3,4474
3,332.7,870
4,3292,13346
4,10553.1,113761
5,912,360
4,830,581
3,600.5,2158
5,4130.5,15483
4,4903.6,17838
5,1106.2,1491
6,915.5,471
4,295.8,91
6,1393.4,1564
2,2944.9,67203
2,398.7,1282
3,2181.6,9669
5,1014.8,1509
3,1195.7,2866
4,3773.9,32717
3,3839.2,24598
7,300.4,62
7,967.8,80
6,276.4,4
3,469.5,213
4,3912.8,45783
4,5582.7,30663
3,375.6,1416
4,2070,7585
7,3985.3,3704
4,515.8,1092
6,606.2,80
4,2366.3,5408
3,2019.3,7818
5,3141.6,9274
8,7766,10254
4,773.3,923
3,8891.5,193274
2,1300.2,12884
3,7310.9,118006
5,2304.1,3537
5,4956.7,14452
3,986.8,4315
7,431.9,47
2,3963,75674
3,196.5,187
6,206.6,35
5,12499.9,86916
3,562.9,1296
4,1373.7,1239
3,557.9,762
10,1058.4,221
10,1413.6,258
5,524.7,459
4,310.1,3757
2,137.9,34
2,2201.7,27274
4,748,303
3,278.8,384
2,11528.2,328569
4,231.1,457
5,235,4
2,279.3,718
7,4401.6,7518
5,1919,4337
9,4863,5093
6,348.6,14
5,324.9,126
7,1277.8,807
7,1485,510
7,3626.7,2937
5,3341.8,8491
5,6789.6,29992
3,938.6,1437
3,299.5,165
6,1517.3,818
3,2758.3,27482
5,486.9,80
6,1927.1,2391
6,592,327
4,443.5,577
5,3389,7112
3,16172.4,387264
2,4449.5,170817
4,2161.7,7559
7,3091.2,5447
3,379.4,6654
2,407.4,6511
6,2528.2,4763
3,16722.5,644331
6,1574.4,433
4,19920.7,752664
6,1768.2,1565
5,232.8,123
4,1835.4,3512
5,854.9,1428
2,4594,90774
3,285.6,254
4,1393.1,1422
5,4735.6,23793
3,1298.8,17069
4,5762.3,135518
6,1054.2,1646
5,928.2,2811
5,6447.8,23254
6,1022.7,94
2,466,3448
3,7220.1,71548
5,963.3,499
5,208.3,26
4,1708,26160
5,320.4,44
3,1655.3,6324
5,1014.8,2191
6,980.7,151
5,1313.5,1247
6,2666.1,5532
5,1304.8,2018
8,385.5,106
2,883.5,5052
2,2811,25509
2,2116.2,43991
7,567.2,122
5,2170.7,12235
3,543.9,500
2,7269.2,294734
3,721.2,1580
3,22476.5,1124599
5,10196.7,69202
3,1996.5,10376
5,1536.9,3345
8,509.4,129
6,8554.1,34891
5,3467.2,17238
3,1578,4088
2,1515.2,40857
6,701.9,56
8,711.1,65
3,5776.2,142588
2,318.2,2516
2,2372.8,22960
4,937.2,1094
6,704.6,278
8,472.7,101
3,892.5,3666
4,16163.4,153177
3,2134.2,17119
4,1576.6,2432
5,3708.3,8835
3,612.7,3407
6,4655.3,6522
5,1816.7,2534
4,874.9,405
2,706.6,3182
3,1180,2851
3,539.9,777
6,3210.4,6687
3,1049.5,2212
2,1903.2,22412
2,712.2,3967
4,4979.3,32499
4,355.3,263
3,384.2,857
4,16694.2,438577
2,2958,27810
2,1604.6,12406
4,2238.4,8891
3,1946.7,14469
6,926.2,562
3,1115.4,1116
3,425.5,477
3,1388.7,6567
4,781.4,1017
2,315.3,1985
3,1235.7,2667
5,2158,3496
6,2786.8,3049
6,3061.3,5115
5,1085.3,504
2,444.5,3452
5,1297.2,4686
4,1792,4219
6,4822.8,8802
3,445.5,698
8,10073.5,25458
6,6654.4,20320
9,3263.6,2856
4,2148.9,4975
5,382.9,220
5,450,402
3,2749.6,17972
7,1952.2,2220
6,722.8,112
2,1439.2,16660
5,3240.4,2857
3,612.8,1600
7,1490.4,1060
4,1673.1,5291
5,628.4,35
5,1214.4,520
7,416.2,53
4,320.4,1343
3,2269.6,10789
3,339.3,241
2,211.1,388
5,801.7,817
2,1682.9,16521
3,4388.4,24783
4,1815.1,5318
3,702.6,1612
4,1253.9,1313
4,4624,20933
4,4917.2,23449
6,3189.8,4233
3,469.3,216
4,1170.8,2947
5,1786.6,5278
3,1703.9,4613
4,2931.6,61759
4,3760.9,11277
5,1533.9,2042
4,1739.3,4680
9,246.7,4
4,1511.4,3031
6,526.4,240
3,302.9,465
5,363.2,44
2,1617.3,11176
8,2180.4,1417
2,1373.8,14949
4,3177.3,8823
5,4424.5,13129
3,2062.5,11111
7,466.2,10
7,712.2,268
3,280.4,303
5,604.4,222
4,191.8,2
4,725.8,2685
3,369.5,1010
3,3510.8,22799
3,993.9,2851
4,1067.4,600
6,240.6,26
5,9563.4,67946
4,318,1184
4,837,1672
4,11104.4,78914
5,509.2,402
3,5737.6,56652
4,896.6,1526
7,806.6,104
6,429.1,121
6,1405.1,913
5,216.2,92
4,1733.2,4901
4,409.7,128
4,1394.9,3116
2,271.9,1817
5,291.5,38
2,1952.3,23776
3,705.2,2696
5,426.6,313
4,326,148
5,9647.8,48731
8,8078.3,14051
2,130.6,79
3,240.6,45
6,767,104
2,1553.3,14151
5,469.4,86
2,21750.2,846693
4,3012.8,31644
4,1611.6,1769
4,5902.9,36010
3,170.2,9
4,134.4,12
2,453.6,1701
3,471.4,1153
5,898.8,1882
3,20524.3,524752
3,5000.4,37857
2,3191.4,118131
2,2349.8,27725
3,3569.6,33350
5,1339.2,1340
7,391.9,34
3,390.3,476
3,5677.2,67592
6,1441.9,1794
4,924.3,1750
6,4544.2,9421
2,414.5,2906
7,776.8,181
4,1838.4,3435
5,398.8,39
3,1360.3,20290
4,1564.6,6146
6,917,534
5,1588.7,3197
3,982.9,1657
6,4873.7,10718
2,242.1,591
7,1639.4,1031
4,1012.5,832
4,1221.1,971
4,1902.8,2419
10,243.6,9
2,271,775
4,2624.9,4649
6,778.8,2047
2,213.3,517
6,3437.2,8610
4,866,1676
5,2363.7,2838
4,2437.6,6655
3,23043.6,659841
4,375.1,300
4,4534.1,16235
5,3408.4,9839
3,1216.7,2628
5,473.4,356
4,653.1,1818
5,464.1,161
3,170.5,92
2,743.9,3229
5,1051.8,620
4,2752.5,7743
4,7182.2,236688
2,779.9,10019
4,627.9,1045
3,159.6,85
4,1324.2,1627
5,193.2,25
3,1086.5,3352
2,1773.9,15830
3,45205.1,2531461
4,5173.4,50185
6,771.2,372
6,7814.2,27103
5,3927.6,9482
5,613.6,872
3,7056.4,72751
3,516.5,1701
3,490.6,1419
6,209.2,1
4,855.6,587
3,2319.3,10882
6,1277.8,649
5,172.3,14
5,1658.4,3255
3,266.9,568
4,6243.9,57741
4,888.8,1096
4,3229.8,17264
2,435,3142
5,1530.9,1400
7,1355.8,644
6,346.4,73
6,1363.3,3171
3,285.4,398
3,6067.8,183283
4,10263.6,93759
6,357.6,39
6,345.6,129
6,620.3,1036
6,230.1,67
2,2397.5,24141
5,231.7,20
4,391.7,182
4,906.5,548
7,1776.6,748
3,2072.1,11081
2,5700.5,99042
3,1237.2,11255
8,3019.6,2422
4,1624.8,1445
8,212.9,61
5,577.7,106
2,373.9,544
3,3804.3,15278
2,3370,47233
3,298.8,95
3,591.7,541
4,2176.6,7092
3,3625.7,22850
4,452.4,930
2,1158.2,8823
5,1205.2,742
7,986.6,1420
4,13277.5,162623
2,519.3,3224
6,7245.2,24898
2,2058.1,23651
4,525.7,379
3,3024.5,9604
3,1678.9,17648
2,1834.9,14881
5,1167.1,1730
2,1681.6,15141
3,4613,50400
2,182,126
3,1482.3,7590
9,474.5,41
3,1413.7,4051
4,821,1599
5,551.9,210
6,2221.4,2329
6,2820.2,2633
4,1860.1,6541
7,429.8,75
7,247.9,40
5,1769.6,8429
5,2067.9,5625
3,3032.5,22313
3,2772.4,20985
2,384.3,3011
8,3273.2,2516
6,837.8,485
6,9572.5,38202
3,3636.6,19659
4,1456.8,4402
6,711.1,334
5,2973.3,7410
4,1603.2,4734
4,13197.3,106265
6,623.1,107
6,404.7,59
4,1968.5,2094
5,699.8,256
4,2072.1,3755
7,3645.2,12162
3,275.6,260
5,960,247
5,5807.1,16866
3,492.3,3538
4,6305.5,26590
3,849.2,1140
4,421.4,330
2,11397.1,567590
3,1510.7,14940
5,1817.6,1545
7,928.4,105
4,3525.9,16062
2,3687,46920
4,2333.9,3589
5,1694.2,4049
6,8415.7,41265
6,307.5,30
3,1628.3,4449
4,1001.7,7293
3,4510.4,26439
2,1702.8,12201
5,325.2,21
6,3347.3,4584
5,5657.1,15829
6,3472.1,6242
8,1604,671
7,383.7,3
5,1691,1930
4,490.1,149
5,824.3,512
4,1144.9,1324
6,1675.1,1473
5,13298.3,96242
3,199.4,566
2,8413.8,446134
5,1902.3,1573
10,1173.4,144
4,248.4,178
4,1026.7,905
6,3462.5,3852
7,1771.4,1538
3,1452.1,7118
6,242.7,63
3,5502.6,49867
4,234.9,130
5,1543.6,5187
2,342,1946
3,2257.7,7813
2,4596.7,62623
3,2995.4,50113
2,1557.7,31416
3,541.5,1564
7,5780.5,11723
6,678.4,2467
5,2788.3,4767
8,9137.5,12896
2,585.8,1504
3,5782.2,103298
5,14197.1,122522
6,3634,4354
3,690,494
3,3677.3,21543
3,244.8,476
5,5121.8,15717
3,558.1,1511
5,3109.1,7293
3,398.6,768
8,222.8,0
3,979.7,2097
4,830,1713
5,1541.9,1410
6,1988.9,1222
2,211.1,103
3,1192.2,4650
2,360.7,1916
4,182.2,1
5,1432.5,905
2,982.8,4426
5,733.8,73
6,8879.7,29944
3,1530.4,6502
5,457.2,451
4,2834,13058
2,879,19590
2,7112,127107
5,2766.2,3654
3,1449.8,6107
6,711.4,469
6,693.5,102
4,1980.3,6898
5,2942.3,4444
2,2839.7,26026
5,2844.6,4391
6,3245,6553
5,410.1,245
4,4222.6,16121
4,1877.8,3868
3,9854.4,127851
3,2594.4,10337
5,2278.5,3677
5,884.6,1723
3,409.6,362
2,1304.7,8641
8,2435.8,2475
4,6151.1,46433
4,806,3100
5,1647.8,2835
5,6965.8,46750
9,5241.3,2988
5,1261.7,1930
8,2180.9,755
3,9312.4,102967
4,1800.7,3032
2,1151,15846
4,842,2643
4,272.1,126
3,1723.2,6782
6,1583,728
5,1836.6,952
3,445.9,428
3,2408.3,13926
6,4352.6,5421
4,1153.1,3976
3,700.6,1702
5,784.2,1900
5,1900.8,2775
2,3197.3,28910
5,827.3,1075
4,2076.5,5518
4,4232.9,16424
4,475,249
3,1354.4,2516
3,3045.8,17011
6,1597.5,1161
4,640.2,311
5,13978,100087
3,1868.5,6982
3,727.3,1482
3,2354.8,11290
4,687.8,680
7,479.3,85
6,7302.4,19751
6,5197.1,15360
5,2479.8,55219
5,3999.6,10784
3,406.1,257
4,604.6,158
5,2914.8,5942
2,1537.1,19386
2,682.4,4373
2,145,2232
4,590,483
6,1750.1,2274
3,1579.6,4374
8,427.3,49
3,915.5,4233
3,1806.9,5599
5,1114.2,910
5,623.3,861
6,2556.8,2772
4,1526.6,4766
7,3191.4,3999
2,2866.4,124205
6,1593.1,212
2,17132,395804
7,118.7,0
5,698.9,252
2,1513.7,16064
4,431.1,118
3,3422.4,16246
4,1145.5,1497
2,3130.4,82755
2,211,907
4,4448.4,23353
4,1372.1,3091
3,519.5,1988
6,1133,311
7,897.4,339
4,1991.4,8299
2,197.1,1109
3,1302.3,9051
5,754.6,486
3,388.7,258
3,626.5,425
9,386.8,0
7,3145.4,3980
5,1757,2432
4,7814,40570
4,2765.8,13655
3,211.8,122
5,1660.3,2470
5,3652.5,11952
4,3218.3,9909
5,2655.9,4957
2,11923.6,436391
3,1655.1,5866
4,429.7,129
3,1566.4,12433
4,1262.2,2584
4,2294.2,5694
4,544.3,1996
4,2541.5,9621
5,377.7,41
5,190.3,0
4,566.2,524
2,172.8,176
2,261.6,297
5,3994.4,16128
3,5392.7,36715
5,1020.8,537
3,2045.3,6720
7,3427.9,5942
3,622,1012
4,593.4,549
5,1798.1,2869
6,2090.5,6184
5,3143.6,6347
5,1774,1991
6,6432.3,14438
3,722,743
4,2100.9,9452
5,734.6,233
3,409.6,372
3,1908.7,10193
3,517.7,854
4,783.1,878
4,11010.3,99174
5,1531.9,720
7,397.1,79
6,450.2,261
2,508.3,3575
3,3601.4,34760
2,16323.6,568523
3,2173.6,9303
3,3069.9,14355
4,842.6,917
5,3684.9,5557
5,3025.9,3111
5,356.7,1553
3,439.2,598
3,3976.5,32363
5,6406.5,30652
2,985,6149
5,1156.8,1499
6,438.1,58
2,3327.3,46530
4,6912.6,64881
6,2593.4,2828
6,1883.6,3359
3,227,2720
7,1750.4,752
4,1425,2169
8,641.6,92
6,511.7,39
3,2127.7,6697
11,241.6,2
2,2911.6,38967
8,3032.5,4306
3,1703.2,6722
6,1804.1,1435
3,497.6,1053
3,203.7,16
4,1612.8,1939
6,1506.9,808
2,987.4,5420
2,3497.8,76099
6,409.5,79
6,5543.8,15046
5,1423.8,1520
3,1262.4,9339
2,3098.6,40872
3,9541.4,214395
5,3457.5,4627
5,1546.2,1678
6,2811.3,3552
5,1196.8,1095
3,17346.2,543092
6,887.4,1578
3,560.8,362
5,5023.9,18228
7,2110.2,1449
3,1783.6,12883
6,1412.8,860
5,312,305
6,7801.3,24457
3,685.7,3661
4,1067.5,3161
2,237.6,1342
5,553.9,639
4,501.4,799
5,2765.2,2841
6,607.7,210
2,348.3,1741
7,841.1,395
4,452.3,859
6,262.3,45
3,1754.8,9512
3,991.1,2402
4,14910.2,405301
3,4911.5,39135
4,7755.8,46762
7,3883.8,6755
4,3778.3,68124
3,500.6,1941
5,1088.9,621
3,683,1555
5,6414.5,28600
5,978.3,722
4,1893.6,10388
7,378.4,14
6,5140.5,11604
5,726.7,94
8,1565.9,353
2,51276,3644511
5,943.7,1705
4,7237.8,45631
3,462.4,389
3,614.9,1521
3,571.6,670
5,1670.1,1020
6,219.4,56
6,2732.4,2915
6,4151.2,7242
6,4221.7,9704
3,4611,41684
2,413.8,2235
4,272,92
4,2611.4,7228
4,1488.1,1674
7,537.1,3357
7,2615.1,2332
6,2266.7,3947
6,490.1,110
5,306.3,68
8,313.3,19
2,1226.9,16942
6,505.3,807
4,2343.2,6671
4,1024,1251
5,2611.3,3724
7,2255.1,910
5,3998.9,10748
5,881,483
9,2122.8,1802
2,560.4,1369
3,758.8,3087
8,2257.1,902
6,1612,931
3,488.4,11995
3,329.8,1177
5,593.6,46
6,1071.7,763
4,2308.7,10282
2,1994.6,36072
5,342.3,107
10,2179,427
5,6655.1,26507
4,3606.9,16032
3,3788.9,17189
5,671.7,905
5,538.6,469
6,1205.4,758
7,788,958
6,1740.1,2542
6,542.1,124
5,8444,48722
3,281,628
3,1589.1,5648
3,11242.3,164792
3,748.6,1305
4,404.2,2012
5,5204.8,22065
5,794.9,1108
5,11171.1,53446
4,1767.4,5327
3,134.2,13
4,318.1,60
3,3187,13341
7,226.3,15
3,1320.4,2000
5,3268,6720
6,7581.1,26804
4,1536.6,2058
6,457.7,5
3,1527.3,8881
4,654.3,1977
3,2186.3,6939
5,3937.1,21187
4,1796.3,4117
3,4006,26694
3,2089.4,24605
6,411.8,44
2,3830.6,47352
5,6792.9,33191
3,683.7,882
4,474.2,2008
5,853.9,774
7,801.4,141
3,1669.9,7642
5,926.5,692
4,9357.3,70211
2,525.5,1963
5,311,20
6,533.5,148
3,705.4,1344
2,983.5,5786
5,355.2,147
7,132.7,6
4,1459.8,2173
4,2154.3,6013
3,909.9,1096
6,4527.7,18680
4,1514.3,2888
4,33067.1,639456
4,13077.8,144232
4,576.4,201
4,2420.1,4749
4,4391,18537
5,3156.6,10293
3,1641.8,12953
2,708.8,6996
4,4544.8,16879
4,2060.5,3764
4,531.4,189
4,9562.1,46004
4,829.2,622
2,2535.1,34080
5,602.9,812
7,467.2,22
5,1252,353
4,1511.1,1792
2,240.9,182
3,1185.5,5149
5,2632.1,4557
3,154.7,78
6,430.9,28
5,426.1,273
10,1750.2,735
2,265.4,413
3,2160.9,12454
4,259.2,68
2,304.7,1581
6,543.4,145
3,2246.5,11029
3,563.4,406
3,702,1274
6,2607.3,6485
6,1495.5,2592
6,618.5,52
2,360.9,957
3,19028.6,511522
6,1972.6,2517
3,5439.4,56287
5,7593.4,54488
6,7907.5,24349
10,327.2,9
4,211.6,62
5,403.1,48
6,289.3,184
6,4058.6,8108
3,446.1,3355
5,2057.7,2451
3,1726.4,14072
7,4801.7,11540
6,2901.3,6428
4,4099.5,26745
4,1532.4,2647
2,1371.2,8461
4,756,3163
4,2054.6,3651
5,3838,6493
4,517.1,137
2,212.7,130
5,1344.4,2166
5,6989.1,26266
8,3871.6,2060
3,465.4,847
4,764.3,407
5,374.5,26
2,1368.4,12236
4,525.1,1064
6,4278.2,6153
6,1258.5,356
7,543.2,47
5,1146,655
5,751,467
3,1884,9908
7,2505.2,898
6,1258.1,375
5,5561,17681
6,221.3,163
3,665.4,1373
6,4381.7,10064
3,387.5,573
5,778.2,236
3,2342.2,13155
4,995.2,715
4,1906.9,7933
8,436.4,9
4,2917.8,8078
6,3915.2,9048
4,2626.5,9557
2,2730.9,45957
2,9053,162639
5,4735.2,38709
3,4869.9,43243
3,286,427
6,1052.9,3010
3,5218.3,35868
5,739.4,1022
2,519.2,2433
2,3249.7,50585
3,339.1,890
2,24749.3,1398632
6,2668.1,3427
7,1526.2,904
5,500.3,105
4,5418.3,29117
4,270.1,587
2,7188.2,124763
3,2700.9,13023
5,582,1030
3,651.6,860
2,210.5,863
7,2710.4,2653
5,6285.3,21789
3,1855.7,11983
6,552.2,72
2,3717.4,40454
2,1550,20057
4,940.7,1831
5,224.9,1
2,7443.1,113023
4,1775.3,6566
10,1386.2,564
4,4584.1,24536
2,414.3,3021
5,6582.5,17809
3,1010.1,3835
2,1046.6,6445
3,386.9,776
6,814.1,364
5,1278.1,384
5,1982.1,1536
2,2615.9,31734
4,1050,4886
2,823.2,8372
3,614.3,1186
4,2632,24177
6,945.9,640
4,144.6,0
5,3447,29534
3,9453.4,319959
3,1511.3,7506
5,275.2,4297
5,2142.9,5080
5,2976.1,6438
4,1024.6,2151
7,155.2,9
4,352.7,12
3,3512.8,31583
5,570.8,165
3,474.3,883
4,614,191
2,9856.4,257733
3,7667.5,71028
6,1766.1,1456
2,3738.8,56328
6,1643.4,2073
5,3230.1,8954
3,1551.8,4883
2,772.5,29942
3,6386.2,47366
3,493.6,2020
5,3025.7,5894
5,1224.7,1836
6,823.2,265
3,20273.1,547060
4,773.2,372
5,2942.2,7420
3,284,199
5,2282,20832
3,750.2,2837
5,542.4,193
9,928.7,59
3,5464.4,69022
4,5307.4,24432
5,779.6,633
2,252.4,366
6,1374.4,1701
3,2168.4,8586
5,1025.7,1047
3,7136.9,81831
4,1625.5,14658
9,1535.6,177
4,1261.1,5979
2,1183.2,24806
2,204.2,1853
4,474.1,550
4,179,20
4,5949.4,28786
4,260.8,63
2,437.4,1752
3,2098.4,10353
6,209.2,1
2,969.6,9338
4,4365.6,21116
5,8208.4,42073
9,1597.9,218
9,4921.2,4327
3,1156.5,2526
3,5913.7,70572
3,1405.5,5387
3,385.2,202
7,1763.5,735
3,3053.6,20131
5,375.5,120
3,1359.5,6712
4,749.4,439
5,3756.5,13257
5,1028.4,398
5,1218.8,704
3,292.9,233
5,8584.3,35087
9,2970.1,1873
4,2239.7,6106
4,2391.6,5578
5,818.1,695
5,421.5,598
2,9734.5,255453
2,1556,35487
4,2964.9,7700
2,165.7,119
5,715.4,1059
3,1463,3652
3,211.7,20
6,1628.6,808
3,1565.4,11632
5,4445.6,18257
7,567.2,281
6,5241.5,9224
2,567.7,1391
3,946.8,8687
5,381.7,48
5,1748.7,2768
6,7391.4,24824
3,350.9,447
5,5792.2,47413
2,319,657
5,454.8,93
3,2303.1,9136
7,248.1,4
7,821.9,175
3,2435.4,7363
5,2206.5,2930
5,260.9,61
3,1586,12351
4,5857.4,32786
6,4484.3,7767
2,341.9,1666
5,671.9,354
3,17810.8,471099
4,8750.9,58687
3,1890.6,3673
6,5222.9,13770
3,749.6,3462
4,308.8,57
7,414,6
8,1023.4,96
5,4084.1,9804
3,2660.5,12572
5,1454.6,783
5,5960.3,15529
6,503.4,33
3,22498.5,688117
2,159,157
4,6683.3,40440
5,328.1,37
7,169.4,800
3,6137.3,75338
2,6091.8,104900
3,373,2330
4,420.1,394
7,1324.1,1678
6,711.2,111
4,2482.7,5421
9,1358.5,136
9,667.5,16
7,517.2,24
2,200.3,297
2,1344.3,9041
3,2329.8,7133
3,1146.4,2871
5,281.7,90
6,2330.1,947
7,2811.9,1307
4,259,100
6,1131.9,172
8,780.5,245
4,1624.5,2341
3,2311.3,9175
7,1793.9,565
5,5183.8,20535
5,182.1,63
8,706.9,237
4,4758.3,28806
3,3133.9,19798
3,1612.5,5629
4,4629.6,18684
5,732.6,872
2,3387.3,59598
2,770.4,4605
3,662.9,1132
3,520,1118
4,529.2,713
5,2535.5,3388
3,2391.5,11423
3,411.5,553
3,3135.1,14376
2,32426.2,2865169
4,7685.5,57703
3,5108.1,38444
4,1139,3318
8,326.1,18
4,802.7,1183
5,240,16
3,270.4,70
4,3600,82462
5,484.9,54
4,3104.9,9821
4,11108.2,99100
3,10433.2,288182
6,1538.8,1226
5,573.2,361
4,227.5,77
4,11378.8,96469
5,9376.3,41515
2,3450.4,42801
7,728.3,327
4,2135.7,3265
6,335.7,11
5,1357.8,695
6,232.2,0
4,354.4,176
2,2021.7,23912
3,13357.2,227526
3,1253,3751
2,303.7,1209
3,282.6,742
5,11368.2,69390
2,1363.6,22302
5,1767.7,3253
6,669.3,167
3,303.1,78
6,4207.1,8534
5,8536.4,45459
4,1757.5,5092
3,718.4,4717
4,962.3,762
4,551.9,315
4,957.5,547
7,8732.7,27146
5,818.1,989
6,2331.8,3908
4,1507.7,4459
5,7402.8,27484
5,1271.3,264
3,1560.7,4057
3,3059,17747
5,12529.4,73111
5,6506,47642
3,4520.7,33588
4,403.7,433
3,358.7,493
3,6807.8,58460
2,228.1,1207
4,2233.8,7223
5,2420.3,7985
7,608,65
2,331.3,504
2,31833.8,1561201
6,842.1,833
2,5465.6,116233
4,192.9,69
4,1881.8,4047
4,2818.6,7743
5,1366.3,1507
4,170.3,13
8,1964.1,739
4,1106.6,826
2,736.1,5906
4,3853.8,10253
6,571.6,61
10,203.2,9
2,11087.5,376346
6,3636.2,9808
3,244.9,394
3,1732.6,9666
2,846.3,11820
7,4294.5,5990
4,1357,342
8,942.7,88
3,2728.8,22308
5,1632.2,1456
6,4374.7,9321
6,299.9,48
2,341.2,1743
4,730.3,1790
5,1116.6,1435
5,2797.6,4016
2,2545.1,66079
6,2717.4,8499
4,3656.4,12580
6,440.4,22
4,319.9,98
2,931.3,3854
6,3224.4,4311
5,783.5,555
5,5163.2,14596
2,1757.7,12854
9,841.1,13
6,6801,19498
5,7569.6,31395
2,1935.7,11056
3,1313.6,3343
4,9816.8,62828
4,375.2,690
3,8207.1,88045
3,335,1277
2,1267,7794
4,706.3,805
2,748.8,2113
3,422.2,202
6,1530.3,2353
4,4601.8,17401
3,1013.7,5025
5,1393.8,3285
7,865.5,76
3,175.1,64
4,1290.3,1527
7,588,48
5,898.3,2028
6,398.5,67
5,3917.7,12587
5,2020.2,1300
5,3518.4,10493
4,1445.2,1041
5,3093.2,6011
4,1993.6,53452
8,3353.1,2611
5,1869.8,1793
2,3451,86649
4,1896.4,7244
5,4912.6,43936
9,2122.6,1577
3,1634.4,7417
5,204.2,80
3,1734.5,5520
5,815.5,3797
4,2191.1,3585
4,8023,43515
8,1635,798
4,2325.3,4787
7,2083.8,2732
5,1471.1,3013
4,2184.7,9888
5,836.7,601
4,648.1,3941
4,809.1,2018
4,353.9,936
6,711.9,2122
6,862.9,506
5,719.9,123
7,593.8,432
3,2438.5,18023
7,2359.5,3433
4,930.9,4811
8,773.7,75
4,5103,21253
3,621.1,2584
5,3476.4,10267
3,896.9,1029
4,615.6,327
6,1832.5,3107
4,2705.9,8960
6,365.3,181
6,7904.7,25301
8,3123.6,4108
4,794.6,3645
3,7249.6,238760
4,706,1540
4,2496.6,11488
7,1216.5,165
7,1382.4,697
6,241.8,1
2,302,1153
4,628.8,305
5,3864.4,12176
6,7272.1,21893
6,374.7,75
5,2996.7,3850
4,1967.5,3584
12,2326.8,517
2,290.4,1001
6,878.2,160
5,1562.2,1394
2,130.5,70
4,941.8,512
3,269.8,85
13,2501.5,224
6,6263.5,21160
4,2855,5139
6,218.5,175
4,344.8,186
5,998.3,740
7,491.4,160
3,9818.3,151389
5,321.2,95
2,2183,27252
6,2398.3,3654
11,4885.9,1698
3,1343.3,7342
3,1529.1,4889
5,4353.4,16708
7,4702.8,12684
2,1322.2,6815
3,9057.6,90211
3,1019.6,3710
6,1041.4,1267
3,464.2,956
3,5643.4,40133
3,4961.2,39111
4,3883.1,15024
6,4433.5,11131
4,572.1,379
4,10745.2,84861
4,333.5,173
3,2207.5,13027
5,3623.3,9702
3,545.6,713
7,1131.1,274
3,1814.7,8267
8,1537,397
5,360.7,87
3,708.6,3134
4,245.2,13
5,3176.2,8161
6,3152.6,3232
4,4395.4,12666
7,1375.8,1789
5,858.3,487
5,3818.6,6001
3,1055.3,1544
3,572.7,496
4,558.6,741
4,17753.1,563081
4,679.7,880
4,5102.8,24534
5,964.3,422
2,241.5,212
6,2756.6,2788
4,451.8,122
6,1708.2,3737
2,1344.9,8549
6,1325,7469
2,455.2,1435
3,1622.9,7456
5,1828,4497
2,2016.1,24547
8,7598.8,16901
10,3470.1,1442
5,242.1,1
4,597,713
3,493.2,829
3,7494.2,72128
6,340.9,55
3,878.9,755
6,6300,13014
5,9027,33469
5,449.9,238
3,381.2,332
2,326.7,346
5,10462.4,58916
5,1383.6,1111
3,573.4,1175
3,7675.3,127561
3,539,668
3,4177.2,24631
5,5368.8,18782
5,199.4,36
3,2038.5,6996
2,1291.3,15770
3,670.5,2518
4,927.2,5172
6,829.1,271
3,3095.5,25073
5,1122.8,1263
4,8280.1,68374
2,1220.3,8628
5,513,335
3,725.5,1787
6,416,126
4,2278.3,11446
4,4157,17049
5,1758,2484
2,256.3,383
6,775.3,88
3,5262.2,48331
2,156.1,119
6,2100,1991
2,220.3,669
6,621.7,160
6,556.8,82
2,1965.5,27732
3,588.2,620
2,4747.3,78248
3,6765.7,57962
4,1311.6,3179
4,535.6,614
4,2869,7467
4,1762.3,13168
5,1423.2,2086
4,2533.8,8103
3,1654.3,50678
5,2245.8,6071
5,495.4,161
4,403.4,275
4,2655.1,9836
4,3957.6,19877
7,865.2,161
5,827.2,344
3,17411.8,239431
4,9484.2,82578
5,495.2,195
6,3613.5,8327
5,3634.9,6546
5,1107.7,1767
5,1784.1,3086
6,1326.3,2331
3,805.7,2180
6,2487.6,4394
4,331.3,171
3,1142.6,19003
2,1587.2,13449
5,5908.8,28433
6,257.3,4
3,4539.1,77677
4,226.8,9
5,1987.1,2507
3,363.9,447
4,5769.3,25344
7,305.6,58
7,249.2,2
2,2711.5,26550
6,1357.5,2783
2,12915.2,467343
5,2001,2808
4,314.7,50
6,2498.6,3468
3,2097.5,13177
7,2835,1700
4,708.8,1017
5,2047,2494
8,2248.6,596
3,753.7,1193
5,555.1,360
2,19358.8,804431
5,7625.1,39882
4,1073.5,712
3,704.4,3887
5,1361.3,2014
4,8687.5,58251
3,2192.2,10801
5,560.8,604
2,346.7,1175
4,820.6,1380
3,395.8,325
6,1954.3,1509
2,21968.2,1595487
6,3112.5,5970
5,4210.9,12863
2,1622.5,27541
3,1700.1,7306
3,16322.8,728375
2,574.6,7565
4,144.7,0
5,2748.9,6510
2,5767.8,91677
6,5801,17667
3,1249,5007
6,2316.7,1359
4,320.8,438
5,1575.1,2407
6,5227.7,11201
2,517,2053
4,15109.2,358236
4,4042.1,15331
4,11844,94185
4,16419.5,369103
6,9586.7,31608
3,1945.3,22350
6,15477.8,86988
5,2192.5,2122
2,1140.8,7952
7,211.9,0
5,1755.7,2903
3,1247.5,2543
4,3449.4,10575
5,15147,109211
5,21318.8,411100
4,713.4,3135
4,25262.7,772012
2,1689.8,37032
3,851.4,4088
5,7031.6,22439
4,3644.1,7748
3,7109,64807
3,1220.1,9004
5,677.1,446
5,1445.4,1907
8,4057,4142
3,136.9,2
2,670.5,2973
5,3102.8,8838
5,3551.7,10355
5,895.8,1024
5,3231.5,10144
4,888.2,916
2,18141.1,1065636
4,4675.8,17027
6,1232.6,282
3,394.4,253
3,1443.4,3306
3,454.7,1984
2,1024.7,8086
7,8491.3,24732
3,6566.7,68459
4,15179,212003
3,8132.7,337555
3,1069.6,2815
4,546.5,336
3,448.1,1281
4,644.8,943
3,3087.7,17574
5,431.5,80
3,1791.6,17496
6,1667.7,1714
2,3643.8,67120
3,706.9,2202
5,1361.9,1406
4,8823.8,57998
3,10681.1,273590
6,341.6,74
5,1890.5,1461
5,1216.6,1444
6,3215.3,4223
4,799.3,2094
3,791.5,6242
5,1966.2,2023
3,292.9,132
5,395.4,601
2,339.2,2417
4,375.1,834
7,928.7,151
4,660.8,1539
3,1332.8,8988
6,975.2,812
5,1459.4,1141
2,3871.9,80633
4,185,210
3,593,913
4,183.4,28
4,226.4,41
3,682.6,1844
3,2284.1,8256
5,225.7,0
5,1344.6,3004
3,170.7,315
4,2005.7,4053
2,43144.9,2452383
6,499.7,99
2,3619.9,38485
4,743.8,813
6,1932.2,2848
6,2164.1,1708
6,573.8,101
5,1078.1,328
4,806.9,845
3,3996.4,70970
6,16747.5,88148
5,7355,29591
5,441.9,469
4,935,1341
6,9985.5,32019
5,1115.9,421
5,533.3,5027
7,3981.2,7687
5,1609.8,2241
5,1855.4,2504
7,3560,4201
3,1587.6,4594
5,505.8,176
5,1589.4,2065
2,298,1450
2,245.7,612
6,1968.5,2087
5,1255.9,1277
3,21802.2,951990
7,3910.1,7426
6,683.6,99
5,18151.8,142961
2,2776.5,29118
2,27053.8,977993
2,3440.4,126229
5,2205.2,3916
5,1180.4,1806
4,218.6,102
5,2234.8,6013
6,4457,9934
3,684.2,548
4,10559.2,94528
4,4162.1,15236
2,353.5,1490
6,357.6,40
5,1710.2,3442
6,279.2,100
6,5108.4,11486
4,4042.7,11879
3,610,1339
3,5004.9,31341
6,283.6,29
4,376.6,23
4,664.7,416
3,7139.6,161745
5,1583.5,2014
2,2845.3,52641
4,1426.4,2643
6,1425.7,1018
5,361.9,109
5,258.2,31
3,2457.9,9749
4,155.2,121
4,485.8,919
2,319.7,455
3,3694.3,14868
3,910.7,2324
3,925.2,4675
5,4671.5,13737
3,5986.4,55026
6,253.3,11
5,6442.2,24831
3,4714.7,29384
5,4238.9,10147
2,423.1,2804
4,303.4,54
2,18577.4,1219151
5,1003.9,825
2,4303.3,45370
4,917.9,777
5,1188.5,372
6,3426.4,4813
5,1809.8,2626
3,9200.8,104151
5,982.3,878
6,1534.3,1066
2,2432.6,25607
3,361.6,1317
5,4828.4,13335
5,768.3,157
13,1711.2,372
5,1501.5,1564
4,3112.5,13061
5,2277.6,2995
2,435.9,1671
3,307.2,324
2,2826.1,32784
2,1955.3,25121
2,2066.9,17701
3,35921.9,2367464
6,1805.1,2256
2,3161.6,32563
5,424.9,163
5,1207.6,1230
5,26400.5,598423
3,2698.2,8162
4,5571.6,55790
5,4978.3,13288
3,6897.1,199182
2,1585.8,13485
7,542.9,22
8,608.1,168
5,749.7,108
3,432.9,527
7,2563,1978
5,183.2,0
5,1168,1308
11,1091.5,50
6,3048.8,6581
7,10798.5,28407
3,9147,105769
6,15564.4,89522
3,453.6,684
3,3928,20522
4,3703.3,24928
5,7112,27461
3,2924.6,17007
4,3696.4,11232
5,578.6,319
7,261.7,14
3,302.7,175
2,442.8,3905
4,361.8,335
3,177.9,835
7,578.5,27
4,3332.5,9693
6,5234.5,9853
4,1129.3,18461
5,2663.2,3113
6,943.6,543
5,1411,1469
5,301.6,350
8,833.4,151
4,286.6,72
3,706.1,3457
6,3106.5,5674
2,2221.2,76978
4,267.8,14
13,618.9,16
2,382.1,2863
2,1602.6,12704
5,1785,1733
6,617.3,683
3,810.5,6783
4,3623.4,18233
7,4332.6,6732
2,325.1,1974
5,2147.4,2799
2,17170.4,432805
4,8332.4,57405
5,9189.4,45811
3,1752.2,5505
5,9558.9,262347
5,2503,3785
5,2502.4,4737
5,224.4,310
5,10251,49689
3,1178.6,1416
3,773.4,2922
6,987,245
6,485.8,93
7,1429.5,559
5,652.4,469
4,1997.2,2970
6,342.2,53
4,2393.3,4770
5,2350.8,4121
3,250.8,273
7,2335.4,2326
5,1140.3,2143
3,13228.8,383947
4,1507,2619
4,838.6,1363
4,480,197
6,847.7,55
3,491.8,750
6,790.1,2188
3,604.9,2264
4,635.6,4013
8,365.4,20
6,1892.9,880
2,1417.2,17147
5,1712.7,2069
4,897.4,1396
4,950.2,4198
4,251.6,109
6,3311.9,6708
7,542.7,37
3,234.4,298
8,443,15
6,1379,859
4,1577.9,3611
4,7948.6,64161
3,3598.1,18490
3,545.4,575
5,4905.6,8589
5,3364.6,7343
5,308.6,243
6,399.7,45
3,7607,238217
9,2987.1,724
4,2045.3,2153
8,806.5,98
3,5533.6,119193
2,654,5851
5,3161,7661
5,1198.1,899
4,2004.5,5657
5,258.1,10
3,3418.7,18716
4,1100.6,3495
5,10191.7,56722
5,849,242
2,345.1,1361
2,948.8,9763
5,358.8,1585
3,7561.1,61111
3,255.8,373
3,871.2,1644
8,701.1,23
5,2720.6,6841
5,12049.3,79205
8,3980.5,7528
2,286.7,1343
5,3760.9,6623
3,274.9,756
3,218.5,88
2,2323.3,23425
3,281,243
5,3860.2,11139
8,751.6,15
4,7201.6,40375
5,209.7,20
7,615.3,37
2,1119.5,12530
6,467.4,59
7,4193.9,8892
6,4298.6,7629
3,4874.5,34968
6,1517.4,1316
6,2758.9,3532
4,727.1,363
5,589,494
5,13759.9,241623
6,2781.6,5723
2,947.5,7047
5,1476.3,1038
4,8845.6,51408
4,5104.8,27489
3,319.8,304
4,217.2,371
2,2114.1,17664
6,1024.6,1039
4,16075.9,440715
7,10628.5,36873
4,1047.7,1286
3,1449.1,6295
5,1403.4,439
2,272.9,337
4,203.1,18
5,2570.9,7584
5,1001.5,1716
7,4176.3,3128
5,1998.9,2225
8,3905.1,7256
4,9030.4,82804
6,1469.1,1428
3,597.8,2143
3,3844.1,23584
4,4474.8,20839
4,552.4,372
2,3009,30033
6,1829.9,1578
3,2338.6,5520
8,3540.8,4442
5,1150.6,1157
5,4227.7,10875
3,937.5,3159
8,3225.5,18413
4,915.9,1283
4,1026.6,1568
5,5075.8,22998
6,20515.4,122388
4,1869,4691
8,2639.3,1590
2,405,1955
3,570.3,244
3,1649.4,5955
3,23884.8,784218
5,223.2,26
7,377.7,12
8,492.4,75
6,3089.8,4751
4,5751.4,21422
6,754.4,315
6,1495.4,435
5,3572.7,6800
5,412.1,27
3,26822.4,575815
3,5033.8,46883
2,1014.6,3490
4,524.9,267
5,3905.5,8145
2,194.8,449
4,7033.5,61108
9,6247.1,4477
6,1469,1219
5,878.3,1260
2,158.2,408
3,904.8,1300
2,1525,12724
5,1920.6,4710
2,2849.7,29438
6,1988.2,995
2,182.2,31
3,459.6,443
6,210,11
7,1214.8,133
6,27842.9,231255
2,338.6,683
5,233.9,64
4,248.4,55
3,1758.2,11266
5,1878.1,5285
4,1392.5,4068
3,1945.3,5189
4,1933.6,5549
2,155.1,199
4,1774.2,4217
6,3010.5,3586
2,357.9,3538
4,4648.9,14559
5,3445.5,8272
2,275.8,811
6,3651.1,9435
5,650,106
5,974.1,1312
3,3906.1,30634
5,3943.1,7180
4,947.9,2554
5,2552.2,2887
5,771.3,147
4,856.2,475
5,519.5,222
3,601.9,791
5,846.2,1600
4,4398.4,13007
10,631.1,0
6,331.7,545
5,613.3,148
8,569,124
6,1147.5,271
2,2023.2,26740
7,533.4,58
5,3324.7,12788
4,1404.5,2692
4,1714.1,4862
4,2454.9,7997
4,1570,1446
3,861.7,947
5,345.9,543
4,1243.2,2948
6,2071.9,3838
2,448.4,1153
4,2221.2,5828
5,16321,139134
2,308,310
3,4251.1,24365
4,646.3,550
7,208.8,28
4,3390.2,12473
5,3005.7,7651
5,512.2,300
5,1263.5,461
6,6660,18090
6,2185.7,1158
4,567.2,382
3,9096.6,173755
3,1851.5,7765
2,2264.4,18622
4,3732.1,17308
3,653.3,5281
4,2570.1,6961
3,10028.3,171224
5,1659.4,6092
3,636.7,608
5,5806.2,17781
5,624.7,203
3,3927.3,24675
6,1540.9,1716
6,1222.9,352
6,752.9,128
3,408.5,730
10,201.5,5
5,7813.6,32194
3,3221,16859
3,8145.3,254495
2,1491.7,14468
3,1199.7,4555
3,1224.4,2102
6,2362.8,2787
4,3532.2,19840
8,1810.6,440
5,2301.9,5188
3,528.1,867
5,2682.3,3642
5,494.6,751
5,1313.1,890
5,398.3,36
6,1416.1,2352
6,341.2,10
4,6779.2,137094
3,542.4,2349
2,1931.3,21338
4,2906.1,9529
4,497.4,845
3,1480.5,7339
5,2865.7,8675
3,354.6,180
4,3312,76049
6,1124.5,284
5,7441,43106
4,4098,24663
5,243,7
6,2940.6,3260
6,2696.6,2975
9,2294.9,1040
4,5202.6,52413
6,349.5,15
7,983.2,96
5,530.2,365
4,1883.3,6019
5,322.5,60
3,3278.4,20934
6,1882.8,3286
3,472.6,1818
4,4266.8,23935
5,1425.9,1628
6,14290.7,225117
4,1484.6,1565
2,689.3,6209
5,370.4,51
5,552,642
3,22865.5,938745
3,299.2,398
4,1117.4,1508
4,817,668
6,2299,3319
2,711.7,4325
6,2722.8,3718
3,4261.2,33045
6,5125.9,12353
4,280.4,43
5,1548.2,853
4,1941.8,2853
3,465.2,1624
4,5211.4,19769
5,4200.4,16605
6,1977.2,3824
3,13933.7,191792
7,1211.5,296
3,314.4,3366
10,4736.4,6750
5,3168.8,6187
2,3628.2,49229
3,3201.1,12935
4,2040.3,7278
3,236.7,438
12,1833,1282
7,8346.2,25012
5,2652.4,3622
2,7946.7,182926
4,4534.2,24413
3,3946.4,23975
4,1978.2,1783
6,1089.9,381
5,268.8,30
4,1154.4,1507
3,2947.1,12247
7,2612,1638
5,346.6,24
3,945.4,1581
4,446.5,771
3,787.1,1401
4,1594.8,3919
6,1541.9,1888
3,706.7,1296
4,2073.4,3797
9,448.7,16
4,443.1,41
6,959.5,543
5,1373.9,701
6,791.7,160
5,764.2,942
5,2507.6,6886
6,684.4,112
2,7431.6,113373
5,990.4,618
4,10468.9,98310
3,947.5,5395
3,1265.5,25604
2,6215.1,186730
6,4072.8,5931
9,744.7,397
3,1910.5,10325
2,579.4,2580
2,226.7,1444
3,12370.9,302863
2,411.7,1068
6,355.2,0
2,2379.9,19303
2,882,8233
6,596.6,330
3,304.6,255
3,416.9,1897
4,2122.9,6053
8,450.6,60
2,1582.1,8911
6,1087.4,1664
2,581.4,2906
6,2898.1,6187
5,688.5,688
2,643.1,2129
2,537.2,1137
5,1347.3,4339
5,644.4,367
10,268.6,0
8,4488.3,2945
4,5835.6,27274
3,6140.2,57452
5,1123.5,588
3,2408.8,22765
7,772.8,570
6,917.2,427
3,619.6,4683
3,629.7,540
3,564.3,403
5,1544.6,3262
7,476.7,37
2,506.9,1647
5,2916.7,6085
5,1612,1404
5,8074.9,36851
6,2746.5,4371
3,357.1,653
3,2845.1,13003
2,2763.9,48768
3,4640.7,39650
4,1691.4,5192
11,3604.9,1312
2,840.8,8689
2,21245,1243639
4,420,54
4,2583.5,12814
6,2280,2788
2,1801.6,19244
4,850.2,291
2,325.7,2349
5,677.1,57
5,710.1,419
4,869.9,879
3,3550.3,18960
6,9105.8,9335
3,654,874
2,2076.5,16044
5,8232.9,45953
3,495.8,681
2,3977.1,68894
4,4333.3,33059
7,543.1,14
6,3519.5,2804
3,382.1,551
3,854.4,3528
4,1340.3,1308
4,685,412
4,2523.2,10070
3,2990,17556
5,692.9,59
7,481.8,51
4,2315.8,5817
3,1426.9,7350
4,7370.3,60733
6,3140,9158
4,620.1,2226
4,821.5,698
6,6805.6,24552
3,996.5,2646
5,9774.7,62215
2,10064.1,226185
4,812.3,2723
2,1641,51543
4,212.6,46
3,663.1,2168
2,3405.9,33595
4,596.2,1823
3,5409.9,47617
6,248.8,26
2,3690.8,37442
3,1855,7676
3,460,183
2,331.3,1369
7,1277.7,1275
5,1852,1784
4,1066.7,1712
2,8772.4,284512
6,654.3,130
4,2406.3,11002
7,992.7,563
5,2440.6,7342
5,199.3,48
8,6785.8,16649
3,13538.2,190040
4,936.1,307
6,1670.1,9306
3,1369.2,4833
5,421.4,394
3,3800.4,24827
3,1642.7,19953
5,362.1,70
5,1851.6,2875
6,624,628
6,618.5,225
5,1171.2,2225
2,314.6,1288
3,893.2,1615
4,4633.3,15003
5,1195.9,2828
4,6692.3,160942
5,453.6,202
6,360.6,11
7,848.7,170
5,2803.6,3869
4,2516.6,9873
6,5702.6,10719
8,2599.4,1178
7,838.1,168
6,391.7,103
4,2109.1,5061
6,1754.4,1385
2,507.8,7178
2,520.5,4467
4,12934.9,97125
3,1004.3,5619
4,1607.3,5258
2,1060.2,15312
6,1387.3,355
3,9797,114091
3,5685,47417
5,1082.8,492
2,334.3,3593
6,2007.4,3185
4,4620.7,15265
6,271,5
12,10518.3,10025
7,1042.7,269
4,3179.1,8280
5,3001,4896
5,6458.9,20902
6,1109.3,1134
2,13607,293062
3,10747.3,327220
5,468.2,42
6,400.3,92
4,3330.7,9963
6,3585.7,3894
3,8395.6,131595
3,1416.8,4666
6,8910.6,38548
2,781.5,2989
7,1100.7,730
3,1750.9,14435
5,769.5,953
4,216.5,33
6,467.8,48
3,311.8,163
5,944.3,723
8,2297.3,971
5,2440.4,8254
2,229.6,582
5,1687.4,1470
3,854.7,1316
4,329.7,62
3,299.9,362
2,1356.5,9179
4,3898.5,24790
3,5148.7,37811
2,1088.9,33015
3,630.1,5524
6,1256.8,432
2,283.3,1164
2,3970.5,62249
3,221.7,165
5,4142.8,10742
3,556.5,363
4,2431.7,15492
4,3083,6573
6,270,14
3,1282.1,4301
7,434.6,34
2,583.2,2877
3,281.3,210
2,2076,24955
6,9380.6,29979
5,566.7,417
3,1332.1,2163
2,1602.9,19956
5,178.4,2
5,1094.9,422
5,511.7,77
7,2273,2152
4,1575.9,6223
5,975.2,2113
5,2684.6,9002
6,845.1,446
3,901.2,5176
2,174.4,349
5,190.6,1
7,1031.1,161
4,3279.7,14582
6,818.3,183
7,2312.5,1549
4,6231.2,41205
5,458.8,128
3,13506.6,409276
3,1456.8,9089
4,431.4,727
2,364.9,4081
3,12001.2,409874
4,1118.3,1855
3,687.2,4556
8,996.7,443
4,300.6,308
8,6000.1,7982
7,4622.2,6080
2,2102.8,22492
3,498.7,642
2,4708.6,64036
5,277.1,37
3,339.8,470
2,596.9,2621
6,368.4,164
6,203.5,5
2,7043.3,104150
3,312.7,290
3,934,2063
3,255,107
4,278.6,303
14,1761.2,361
3,11345.5,388065
3,3110.9,20667
2,842.5,5983
6,1731.4,2357
2,3250.1,48825
4,214,59
3,3317.3,24344
3,1882.7,7870
3,1749,14878
3,2031.5,9598
4,297.3,57
5,876.2,193
4,4138.2,9057
2,436,1770
4,589,137
4,3251.6,23529
3,424.8,794
6,303.4,33
3,2578.7,13931
4,258.3,86
3,1456.6,7795
5,8693.3,36005
4,377.2,92
3,398.9,678
3,2977.5,32186
3,291.1,138
8,1026.3,60
4,1494.3,4610
8,888.3,965
2,11873.6,243000
2,6548.3,164872
7,647.6,82
5,1610.6,1778
5,4243.9,12323
2,486.9,2485
4,1537.4,4569
4,3813.4,7788
4,432.7,183
5,204.9,12
8,2434.4,1297
3,1969.9,20759
6,776.6,241
3,336.4,190
9,12232.1,18991
5,457.9,145
5,8488.7,44964
3,1278.3,3526
2,549.4,1735
3,1428.8,5534
4,4430.2,26444
6,3979,7207
5,3702.3,16712
5,718.5,1085
5,3437.1,32068
2,21639.4,604574
6,1654.4,973
3,232.6,313
2,834.5,4105
4,733.8,1879
5,1056,1305
5,1573.8,2512
8,708.6,39
4,3843.4,13219
4,6745.2,36098
6,3958.9,10782
4,2160.2,3698
6,982.7,1436
2,709.8,6395
4,918.9,2027
3,3799.6,33009
2,1187.6,6313
5,679.5,1084
4,543.8,853
2,1120.1,19176
4,1545.6,1996
3,2960.5,17501
5,514.7,229
4,7724.9,64583
5,1310.2,994
9,597.1,268
5,2498.6,3883
9,313.3,0
4,761.1,1821
2,2923.9,27213
5,632,679
2,1333.6,7562
3,1852.3,13381
4,5215.7,22422
4,896.8,922
6,4003.3,4407
6,1323,633
4,1193.4,3028
6,706.7,127
7,181.8,3
3,7615.5,200173
5,2375.7,2237
7,7486.3,11875
5,3674.8,7062
2,6331.3,194711
3,10006.2,150483
4,577.6,1072
3,327.8,1500
3,237.6,136
4,733.4,309
5,4080.6,9900
4,1339.7,910
8,1172.2,1204
3,3578.7,25466
5,710.6,229
3,1117.1,8669
4,7887.6,46142
5,33313.3,998076
2,509.6,2792
3,1064.6,2173
4,769.9,1802
6,1228.9,1227
5,2823.7,5088
3,318.6,538
4,2200.6,6065
6,295.2,70
2,282.6,917
6,274.2,66
3,1421.8,3484
3,3696,19301
2,1393.9,13399
4,1307,1173
4,3075.7,11372
2,17059.3,374044
3,2723.5,11931
5,1291.1,1394
5,2919.5,4424
8,3861.1,4996
9,6322.3,4264
5,4618,11544
6,1140.2,387
3,1832.2,4858
3,486.7,381
5,269.8,28
5,3380.9,11385
4,692.8,940
4,1423.4,1980
8,904.5,96
7,6896,19029
3,661,4136
4,843.3,300
6,1409.4,1555
5,639.2,111
5,3074.6,6184
6,2029.7,1407
4,350.7,442
3,5690.8,66122
4,4629,22545
4,1197.6,4184
5,511.4,54
5,2164.5,2144
3,686.8,4556
4,416.3,1475
6,713.5,676
7,1698.5,479
4,717.9,337
2,2526.4,29947
2,629.5,3992
3,754.5,1535
3,8347.3,166968
3,1360.4,10865
3,375.6,227
5,802.6,300
2,4721.7,61632
6,455.5,108
5,1610.7,4993
6,541.6,570
5,1500.1,2797
6,520.2,67
8,1546.6,304
4,1001.3,3355
3,755.1,1862
4,408.9,35
4,2360.6,3160
4,3927.8,12883
6,2388.7,2727
5,2205.3,5094
6,2056.9,3722
3,1499.9,12679
5,8922.3,139993
3,1281.9,10942
7,656.8,704
7,933.7,230
2,1249.8,12831
3,498.7,7214
6,354,259
5,1298.2,925
5,14110.6,110487
2,1755.4,17255
5,2753.2,5784
3,210.6,272
5,2060.4,2230
3,778.1,1831
5,3278.7,27724
2,3529.3,123596
3,2239.8,10314
7,2751.6,1709
3,458.6,631
5,820.7,403
5,3674.3,14224
5,1186.8,1055
3,7162.4,44279
6,2823.6,10837
6,959.3,266
5,453.5,96
2,4111.7,54224
4,3458.6,11537
4,2123.8,3780
2,2102.4,36275
2,4305.5,71728
3,984.7,3451
4,788.2,1049
3,1502.2,1781
2,5751.6,176522
2,1391.6,19166
3,1306.8,4853
5,4550.5,13377
4,244.4,109
3,1620.7,7491
5,1791.7,1905
3,614.9,1463
2,812.2,3286
6,845.1,172
4,1543.3,3302
7,2825.4,2722
4,2187.1,10671
3,246.6,138
5,3814.7,14313
2,266.1,1480
6,2858.8,6169
2,269.4,920
4,8602.3,69077
2,767.6,3717
6,5359.4,7916
3,2719.1,13594
9,1174.9,634
6,1411.7,2362
3,338.5,2564
5,16890.8,163617
2,1807.1,21416
6,184,3
7,3196.8,1737
3,5119.3,96515
6,1157.2,805
6,1484.9,336
3,2487.1,8769
4,1936.4,5514
5,1512.4,7568
5,1524.4,2545
5,192.3,2
6,1195,867
4,2671.9,8766
4,840.7,679
4,9680.4,64602
5,681.5,169
6,530.4,28
3,221.2,101
5,3272,12380
3,427.2,487
4,22304.6,766380
4,407.7,83
5,750.5,802
8,3709.8,3528
2,5635.5,68974
4,968.7,3584
4,226.5,117
4,482.5,705
2,189.7,152
4,4257.5,20981
10,8676.5,14992
4,9024.5,77358
7,655,310
3,1407.4,24437
2,6521.2,98197
4,310.5,532
3,1808.1,6945
7,1053.5,346
5,1404.8,2249
4,495.3,490
5,429.9,387
5,622.1,317
3,1344.9,2502
5,1576.9,2350
2,823.2,3147
7,550.3,44
4,285.3,77
8,1830.2,2620
4,7701.1,39380
5,4132.7,8940
5,279.5,220
6,2313.9,1851
4,974.3,1623
6,5790.8,13007
6,492.2,31
5,1959,3792
5,410,169
6,916.7,923
3,5847.6,73225
6,723.5,69
3,874.7,1870
5,769,937
2,1154.1,13114
5,414.3,35
5,1094,477
5,1326.3,2111
4,3282,8168
2,661.2,6316
4,2632.3,3555
7,328.9,101
5,1483.8,2586
3,548.6,3895
2,14205.3,667838
3,1872.5,6412
6,1336,1888
2,6537.9,110105
4,467.7,247
4,5439.3,43172
6,3439.3,7459
4,1449.3,1368
5,3563.7,8469
4,2059.8,14553
7,2354.4,2713
6,911,596
3,5951.3,61347
5,351.3,102
6,3673,7467
6,762.6,125
2,381.6,3443
4,564.2,615
6,1014.5,155
3,340.9,161
2,1975.1,19377
2,4047.7,57137
3,702,1811
6,384.2,413
7,1945.8,1779
2,480.8,2053
6,1882.7,1489
4,4898,31027
3,2699,16309
3,9789.8,100642
3,821.5,1333
2,1735.3,32037
5,8295,124690
2,7114.8,144639
6,558.3,158
3,12317.2,158026
6,346.2,241
2,220.1,784
6,519.3,328
5,1054.6,1590
2,526.8,2099
2,1074.8,6537
6,310.9,29
8,1342,1245
5,874.1,813
5,3497.9,5907
3,760.4,1284
5,263.1,23
4,573.7,358
3,3146.1,24132
5,1059.2,1245
3,2580.7,12359
6,801.8,524
4,310.5,120
6,4922.5,27896
6,6135.2,13389
3,15949.5,573313
6,4159.2,7035
4,1098.8,1572
5,2630.9,4232
4,446.6,623
4,488.9,1660
8,488.2,26
4,172.2,24
2,4991.8,64108
4,3382.4,21410
4,380.8,93
3,786.3,2601
5,2149.4,13073
5,1609.8,1280
3,290.4,611
6,732.3,16
4,163.5,87
3,1149.2,2610
3,463,535
5,229.1,24
4,1116.3,1743
5,1828.2,4567
6,242.7,27
3,10976.9,148129
4,251.1,64
3,1200.9,37258
4,5724.9,27971
4,673.9,1201
4,7077.5,33255
5,699.6,580
5,649.2,544
3,7750.7,118916
3,19180.8,491774
2,2594.4,23226
2,1486.2,14564
6,1887.3,1589
2,292.8,9254
2,7127.5,127928
3,6537.9,52103
6,496.9,58
3,201.5,105
3,1279.5,7369
8,3824.4,4698
5,4315,16008
4,1958.5,5389
7,1321.5,239
2,18340.2,587068
5,433,115
8,4360.5,5434
4,298.7,210
5,1601.6,2300
5,2118.5,3191
5,708.2,673
4,3605.9,14194
2,2529.5,38336
3,378.7,1503
7,3096.8,2598
5,708.6,2268
5,8136.5,40931
3,3395.9,20721
2,255.5,319
5,6586.7,21761
5,3779.4,6893
12,305,8
4,3560.8,20910
5,769.1,320
6,2279.1,1106
3,21107.3,607897
3,3375.9,13930
4,2307.6,6803
3,4234.7,37549
4,965.6,2599
7,1091,183
7,3870.6,5607
4,1354.4,1731
4,449.2,206
3,429.4,233
3,1485.4,4864
4,2438.5,9197
4,1578.4,2837
7,8966.3,16530
4,20329.7,618643
5,1048.4,750
6,205.4,8
5,13357,83249
2,1774.7,17877
3,693.2,1297
2,8168.9,356246
2,11966.8,288742
4,275.1,44
6,1376.5,1150
5,731.8,389
2,789.6,3487
6,2436.7,2726
2,7406.2,113135
3,268.2,288
5,1288.5,1128
6,906.3,263
3,859,2759
4,4019.5,16979
3,469.9,346
4,1398,7059
4,3728.1,12399
2,551.7,1420
3,6743.4,63354
3,1206.6,4346
4,2709.3,8864
4,833.9,1268
5,620.1,550
5,879.1,455
3,7219.9,95379
5,2284.6,6373
5,4770.6,10812
5,8866.7,46122
3,405.5,503
4,6017,40486
5,664.4,891
2,827.7,3344
5,3879,10755
8,3513.4,5493
4,24684.2,301900
2,2776.1,36375
2,1744.1,11614
8,2349.9,952
4,2866.5,5356
3,1589.7,13067
7,408.5,5
2,3106.1,104754
5,1878.5,2907
3,1948.2,6420
4,1138.9,1916
6,2803.8,4186
3,3102.8,13826
5,402.5,273
3,418.9,1193
3,416.7,755
6,3288.4,2897
2,1320.8,13814
6,1767.3,1193
5,6210.7,26335
10,8868.8,11778
2,773.9,2619
5,3056.2,13893
6,486.3,823
5,5848,21997
2,5743,99510
6,940.3,589
8,2711.5,2384
5,5314.3,26455
2,301.1,279
5,1179.6,1680
7,1079.2,1392
7,1848.9,595
4,6894.6,57012
6,11885.5,76119
7,3623.9,3020
2,3268.9,25205
4,1052.8,589
5,829,143
5,1566.4,6505
2,526.8,2039
3,1129.7,5651
5,1259.2,1100
5,429.1,116
5,434.1,54
2,1000.2,3748
6,201.3,14
3,735.2,1587
3,3759.4,22045
6,1549.8,12133
4,4223.3,18468
2,380.2,2742
4,2615.8,7522
5,219.6,5
4,3460.8,8450
5,2765.9,5126
6,2261,3716
6,7583,22395
7,5656,12154
5,21185.7,176121
5,352.2,234
5,1611.1,2484
5,3740.9,5749
5,273.5,121
4,434,142
4,636.4,265
3,517.8,4504
5,230.8,43
5,1955.8,2921
2,474.6,2002
3,1173.4,23557
5,4312.4,10803
3,16218.6,398948
4,781.6,893
4,343.1,452
6,2201.4,3085
4,2239.2,8314
6,9295.5,28534
2,346.1,2214
2,362,3626
7,3801.8,3753
6,538.2,919
4,10621.6,67851
6,835.2,140
4,210.4,108
4,2790.7,11192
2,247.8,795
4,2093.2,5335
2,6204.9,123290
6,242.9,8
6,831.8,120
4,954.4,310
3,13297,165146
3,141.2,0
4,444.3,170
6,1189.2,1161
6,1581.1,2403
2,1362.6,16620
6,538.3,33
5,1193.1,715
6,1437.9,957
9,350.5,117
5,2256.5,4254
3,507.7,3066
5,1826.1,4069
5,414.6,367
4,622.9,857
4,933.8,2332
6,1237.3,1093
3,265.3,93
3,406.9,673
7,639.3,36
2,2125.2,23308
6,5110.8,11940
4,362.7,116
4,4374.8,28588
4,1045.2,621
2,1798.7,21293
3,534.7,2434
3,524.9,1883
2,1704.2,12493
5,33692.6,1184568
6,2479.3,2489
4,150.2,8
4,503.5,2080
6,1902.2,526
4,4097.5,18030
5,6375.5,26120
7,1162.4,1961
6,1067.1,908
5,779,344
6,12327.3,48164
2,14037,382746
6,4123.3,6548
4,4066.9,13685
8,3663.6,4088
7,3003.4,3348
9,5660.4,4546
4,6747.8,37652
7,1750.2,447
5,3309.3,9401
9,3211.8,998
5,953.8,174
3,16663.5,411790
2,10600.7,431934
5,902,416
6,3256.1,4907
8,3635.6,3272
3,359.9,393
7,4437.7,7383
3,18757.6,454521
5,1518.5,1168
4,737.5,553
5,3044.4,5264
5,3573,10988
6,621.8,739
6,896.4,1901
2,570.6,4427
4,2515,9807
3,981.8,6188
3,515.2,780
5,5305.7,17775
7,322,25
2,3252.9,30257
5,1400.1,1537
4,6904.4,39129
6,1484.8,559
6,11257.1,43681
6,158,14
2,422.2,1178
3,157.3,794
5,4074.7,8170
5,2456.1,3955
6,4552.8,8581
6,2251.7,2525
5,2523.2,11166
4,4188.2,23732
5,3319.1,6605
4,5926.5,30511
4,1868,2689
6,8541.9,22780
6,1812.8,934
3,3466.5,23488
4,367.2,425
2,289.7,438
3,17616,254877
4,16349.3,553280
4,530.8,513
4,492.7,702
2,3932.3,52749
3,893.9,2949
5,787.4,293
6,2561.4,3875
3,891.4,4736
2,5293.3,75920
6,4701.8,7128
4,2317.5,5552
3,1164.4,7288
2,834.4,4397
4,1730.4,3675
4,396.8,1148
3,270.6,185
5,456,185
5,381.9,194
9,1672.9,187
6,3731.3,4485
2,364.5,873
5,6044.9,28433
2,735.4,5510
2,1304.7,10482
3,415.4,723
3,10640.3,155561
3,2880.2,18151
6,444.1,691
2,2328.6,15539
6,873,191
5,1138.7,751
2,986.1,4588
5,4200.6,8988
3,481.7,1862
4,1825.7,4810
7,425.1,3
3,217.8,73
2,315.2,3170
5,1648.7,1457
4,361.1,266
6,3193.9,3115
3,7375.3,63679
5,3089.8,7600
5,8056.2,28102
5,4293.1,7958
3,1110.2,3001
6,490.6,109
5,683.9,431
6,1153.1,339
3,245.3,293
3,820.2,2229
3,561.5,1460
5,272.4,40
6,724.9,148
7,1862.7,759
2,1636.9,14846
3,805.8,1757
8,266.6,0
2,215.4,174
5,636.5,190
5,6466.4,19271
3,3439.6,24594
2,168.6,94
5,378.9,160
5,871.4,523
4,616.9,242
8,3307.4,1842
2,868.8,8117
5,671.8,784
6,21141,129223
8,2971.9,1192
3,970.5,4588
6,1443.3,1940
2,5745,79674
2,1615.2,9740
4,14219,157425
7,1053.2,110
5,813.8,299
2,614.5,3528
5,13503.9,71448
2,511.8,3309
5,1574.8,5301
9,427.8,115
6,1055.7,834
3,3214.2,18075
3,489.5,1178
4,745,493
7,4060.9,6612
3,1446.9,6153
2,8521.7,360888
6,3351.3,3744
4,384.8,482
3,2378.2,12467
3,341.5,1201
3,816,950
7,404.5,10
4,476.8,133
6,2153.7,3963
3,798.2,6429
3,2221.3,10817
3,340,120
4,816.2,1345
2,532.7,2718
5,374.8,172
3,628.7,1006
6,1851.8,3025
5,391.7,238
2,2534,16852
5,23304.6,469518
5,1803.2,2325
7,1487.3,1266
5,15800.4,124956
2,1576.4,81846
4,6278.2,20654
7,5252.8,15157
5,7045.2,29900
2,991.3,39164
2,348.5,2492
5,2470.9,11579
5,240.8,11
4,1448.6,3700
5,2158.1,3419
5,3302.7,29675
5,286.6,138
4,3587.5,14637
6,314.4,21
4,2589.2,59349
5,3274.7,5422
4,2832.5,8512
6,238.8,8
7,820.4,259
2,769.3,4796
2,1161.4,11792
6,7059.6,54870
5,570.8,297
3,1985.2,5433
6,2899,7543
2,575.6,3915
8,1344.4,523
5,1166.7,1645
5,1227.6,1261
3,572.3,821
5,12498.2,79049
4,2040.6,7394
10,1496.7,276
3,300.9,191
6,287.6,54
2,436,1048
6,1058.6,1145
4,5123,24397
3,11924.4,133091
3,1243,2252
5,262.2,140
3,501.4,347
4,3521.5,15423
8,322.7,21
2,1130.2,6149
3,4424.4,29432
3,290.7,103
3,11343.5,178095
6,7319.8,29807
6,1741.1,1733
6,441.3,69
3,635.1,13170
4,1399.4,1898
3,516.7,810
2,896.5,3231
3,174.6,102
4,5105.4,34486
3,6306.9,57434
3,2615.5,9208
3,6377.9,80017
2,201.2,568
4,329.1,300
3,2189.3,8274
6,347.6,140
6,5293.5,9095
5,1076.4,509
4,2052.4,3126
2,12339.2,318722
3,1154.4,7267
6,2211.5,1370
9,4512.8,2158
2,913.2,6243
8,1805.1,2065
6,6920.1,28019
2,1094.5,12033
7,9622.9,24763
6,4459.5,10624
5,2388.8,7422
5,237.1,57
4,490.8,602
2,325.2,2150
5,5187.3,19627
3,10446.3,273780
6,2824.3,7951
2,789,8797
3,956.1,2705
5,3148.9,5732
8,5821.6,8326
8,4482.2,3874
5,11459.6,149793
3,440.2,1084
5,4882.7,18312
5,529.6,246
8,2383.1,1983
6,555.3,109
3,3490,20452
4,557.9,357
6,643.6,638
5,3469.8,7835
3,804.3,1219
3,664.9,1266
2,940.3,5445
9,1263.4,1021
6,413.2,1
8,2588.2,882
2,244.5,873
7,3984.3,5804
4,5693.3,34837
6,1896.4,1254
5,1109.6,2417
2,1495.8,8747
7,171.9,3
5,6582.9,27878
5,1241.3,1472
6,1414.2,734
4,10422.1,79581
3,207.9,298
7,377.7,55
5,3585.5,6347
5,3843.9,8811
4,1424.4,2894
5,4940.4,12463
3,3582,20855
2,860.9,10546
4,951.1,1163
6,577.4,194
5,295.1,79
4,281.2,157
4,3126.2,16546
4,200.2,32
4,8793.6,55231
2,228.4,145
5,1614.6,3915
6,9379.3,35820
6,362.4,92
6,327.3,46
5,2375.7,2600
4,816.8,502
3,1764.4,8049
3,159.1,1115
5,1281.5,1062
6,9849.1,56465
3,10513.9,286718
3,577,2190
2,870.2,4740
7,1689.6,1244
4,3101.5,8667
3,5728.2,71537
4,3955.8,19467
4,569.7,543
4,901.4,871
7,1691.8,1791
3,339.4,1238
4,661.3,1977
3,1166.2,3098
3,757.7,1549
4,1239.5,837
3,2281.2,8932
5,6733.5,18920
5,343.4,6
8,228,0
5,1249.9,1762
2,2343.8,22607
4,382.1,262
2,504.5,5342
2,363.4,1604
4,10842.3,88406
7,2727.1,2877
3,634.6,8135
9,1526.9,650
5,1008.2,784
7,404.7,13
5,1207,1221
4,2880.9,5895
4,1966.2,4407
3,4735.1,42182
3,280.9,168
6,5023.9,8792
2,10687.2,216030
3,3825.2,29881
3,294.2,289
6,9767.2,26861
5,1058.6,271
3,8059.9,98509
3,863.1,1970
5,4101.9,7047
3,2108.5,18585
3,220.8,268
6,193.4,3
6,724.4,177
4,710.6,461
5,10910.8,51022
5,17219.4,131645
7,1631.5,590
5,1155,756
7,201.5,0
8,1742.6,1791
4,302.5,129
7,342,111
2,3072.4,30868
2,452,2148
5,432.9,108
5,271.2,13
6,2294.6,1776
5,1978.7,4710
3,244.2,239
2,4686.6,129654
4,835.6,1148
3,344.8,1762
6,1266.6,713
3,12195.2,517201
5,1168.6,678
3,434.3,508
5,302.7,236
4,3611.9,26478
5,9642.5,54333
6,1364.4,561
4,220.8,70
5,1306.5,3516
2,1759.3,22784
7,342.9,2
7,438.1,23
3,968.2,2397
9,1994,1926
5,2352.6,4022
2,604.8,2825
6,192.2,0
2,969.4,2143
3,619.4,2807
3,2249.6,10325
5,2114,3922
3,293,1518
3,143.2,28
5,10000.2,59201
3,5434.1,40327
5,1970.8,3289
6,1263.2,915
10,1499,378
3,3085.6,18822
4,10227.9,70360
3,1563.5,4240
3,1223,7199
4,748.1,1180
4,4072.1,16420
3,594.7,996
7,444.6,213
5,275.1,40
7,1134.8,326
7,2903.9,1606
4,4448.9,24536
4,1527.4,2350
3,9819.7,234801
3,792.2,1332
4,489.1,131
2,7078.3,126850
5,2250,2663
6,6417.7,14961
3,3410.9,14350
9,5858,7629
2,4844.3,88729
3,143.2,31
3,289,377
5,337.8,69
4,2378.8,6260
6,2409,8738
6,11290.8,45374
3,5576.1,61338
3,771.5,5283
5,1804.5,11145
2,2408.6,20107
3,9196.2,110098
5,1156.2,295
5,19614.7,161402
4,4262.3,20886
2,1823.9,16818
5,2535.8,3541
2,456.8,1993
4,505.7,243
4,1350.7,3963
4,1943.5,11268
2,4925.7,84381
6,3843.3,7462
6,2028.3,1869
7,8525.5,25211
5,2367.7,3372
5,1145.3,2197
2,784.2,5907
4,3274.3,11166
4,726.9,612
5,2298.9,7430
2,307.7,917
4,8450,72766
4,1544.3,2969
5,2967.2,7308
5,2167.4,2846
5,1656.2,1935
5,221.5,25
5,5995,19870
5,7601.9,24016
5,4807.1,105776
5,13335.4,84826
4,1347.4,2867
8,1049.4,199
4,1118.9,3291
6,674.6,50
4,2596.9,8697
6,1234.3,478
2,246,1669
6,799,387
3,2448.3,26569
6,2529.8,4200
2,392.6,2141
4,251.2,84
4,242.9,14
6,3095.3,3267
9,3700.2,1737
4,3198.3,20500
5,18715,364098
3,1503,6704
3,5115.3,51268
4,4997,22563
3,1523.5,8349
3,21483.3,846215
2,328.6,1982
4,274.7,80
5,545.1,215
3,1215.2,3353
4,591,405
5,1865.4,3323
9,338.4,6
6,1298.6,891
4,17895.1,238890
10,2989.6,2164
7,3716.8,2836
3,1797.3,7848
4,2264.3,5142
5,1489.9,1363
6,2303.2,5316
3,6891.4,75137
5,3451.5,8270
2,29601.9,1465760
4,8604.7,158554
5,380,113
4,5724.8,45805
6,2129.2,8818
5,171,59
3,1908.2,13240
4,1105,4755
2,248.5,1158
7,1923.3,805
2,959.6,4919
4,2036.7,2816
2,604.5,4903
5,7408.4,183873
3,3728,30683
5,603.2,146
6,2155,2509
3,4685.6,46266
5,10002.7,93856
7,817.1,223
5,3830.2,11399
5,689.2,481
5,1775,5676
3,257.3,467
6,616.3,64
5,1508.6,2795
2,588,2897
4,619.9,1609
2,1269.7,13574
4,4744,15417
5,1481.1,869
5,1000.8,359
3,901.5,1795
4,716.6,1537
5,567.7,234
6,703.2,52
3,983.4,4644
4,21815.7,270971
5,307.6,19
3,512.5,511
6,320.9,183
2,417.3,988
6,176.7,67
5,779.8,60
9,288.4,0
5,839,309
3,594,563
3,1448.8,7633
4,2823.3,14328
4,577.1,1150
5,5980.5,16405
2,1111.4,7559
2,3495.2,47666
6,517.4,20
2,1106.6,8238
5,1855.2,2751
4,3170.5,79532
6,2205.6,3607
5,3712.4,10955
5,628.3,997
2,1006.6,8995
5,2295.3,4431
5,3700,7405
6,4335.7,6409
2,31478.2,1900853
2,261.4,333
4,183.3,130
3,7171.2,268493
7,1789.6,1046
6,3252.9,3798
5,256.2,41
10,2409.7,1010
6,3256.2,5272
6,1355.7,613
5,714.7,169
2,2094.1,25756
3,553.7,722
6,2802.4,3258
3,614.5,1529
5,3421.9,10198
2,9943.1,168314
2,1556.1,9039
6,2134,1373
5,378.4,145
6,242.1,21
3,2055.4,7752
7,10820.5,44238
5,547.6,80
3,3426.6,28043
3,32722.8,1622083
3,6124.8,57681
2,3405,60244
5,6933.4,32494
3,3567.1,24161
3,879.4,3174
5,2784.9,5386
3,1535.3,3643
5,427.3,179
6,239.3,1
3,9079.3,105452
10,11135.5,14964
7,2290.5,1075
5,12614.1,93100
6,647.7,210
7,356.3,39
5,586.5,288
6,5480.2,12908
6,691,109
3,593.9,2341
2,5057.5,63390
3,305,334
4,3439.1,13347
5,3095.8,8635
4,362.2,243
5,956.4,513
6,952.7,2024
4,456.1,141
2,1982.5,55840
4,779.3,609
5,396.4,47
3,2916.6,14200
4,2236,5594
3,1056.5,3448
3,3613.1,26232
5,11225.8,53412
8,2272.1,1762
4,3391.7,17500
3,2079.4,7349
5,1215.4,1571
7,745.9,83
4,3790.3,10880
3,1539.3,15965
8,959.4,620
3,734.2,3545
7,1094.1,345
6,4949.6,11169
2,421.8,6018
5,291.9,191
4,1179.3,3893
4,4733.5,17839
3,334.8,265
5,416.9,68
5,3713.2,12167
2,4502.4,110358
6,1492.2,325
5,4211.6,7333
4,1599.1,49061
6,471,4
3,358.4,482
5,372.9,350
3,3339.7,21347
6,3101.5,3622
5,373.3,38
5,2103.4,3385
6,13201.6,64205
3,2760.1,22223
5,732.3,201
4,336.2,141
6,443.1,56
4,1179.5,2665
2,253.7,545
2,420.3,1520
4,659.7,3585
8,910,1505
5,337.5,79
3,296.2,934
3,334.2,1018
5,1750.7,3771
6,1405.1,1129
4,1612.3,5289
3,3662.7,27987
7,645.4,40
4,561.3,1160
5,711.1,521
3,1084.7,3791
5,3065.5,10915
3,1631.7,6309
7,849.4,505
3,3037.5,15231
6,274.5,171
5,5253.6,10017
4,181.1,52
5,374.5,141
4,179.7,5
8,774.7,94
5,758.9,1814
2,5180.9,82314
4,1431.6,3992
7,3561.9,4352
3,6330,50203
7,3082.9,2580
2,1961.9,11742
5,592.6,29
6,4644.6,8142
3,1945.9,11302
5,1659.6,1046
4,256.3,546
2,198.6,104
2,1271.9,7922
3,909.3,3359
3,920.2,7711
3,10197,118401
6,628.1,54
6,472.2,143
2,2292.5,27822
4,5691.5,32412
4,1520.6,4041
5,2100.9,3968
4,215.4,46
6,493.7,377
2,3633.2,38001
4,1351.1,3235
3,601,714
4,4086.9,17504
4,451.9,978
6,616.3,293
5,1541.6,1743
4,10517.9,108179
2,1203.5,52837
5,2359.6,3093
3,326.6,1671
2,7620.2,135510
2,937.1,6710
3,734.4,2665
3,13919.9,412874
5,2922.5,6968
8,1390.3,447
5,1074.1,618
3,6906.1,68162
5,3090.7,6275
6,927,372
3,747.4,910
7,2017.2,1686
3,9471.5,122517
5,426.9,616
8,624.8,51
2,5777.3,263730
4,1211.1,1844
6,2227.8,2939
2,8266.9,159643
2,239.2,420
2,1680.8,12307
3,681.8,7693
7,420,106
5,3430.8,6487
3,184.7,186
7,2540.4,1131
6,622.1,258
5,1770.8,2073
5,5386.6,16582
5,663.6,913
3,2591.6,15042
5,420.8,68
3,461,517
7,5841.7,9011
4,890.2,1488
6,1149.9,485
3,787.2,3562
6,1564.4,1233
5,471.3,181
5,279.2,146
5,2093.1,2578
6,246.4,17
4,906.4,2285
6,1068,328
5,4868.5,9702
4,2645.8,7255
3,201.6,243
2,465.4,2046
4,4194.4,13359
4,3600.2,11715
4,8781.5,77034
6,1658.6,2013
2,974,6149
2,247.1,893
6,764.4,2162
4,651.9,454
6,622.7,713
10,886.5,738
5,1163.6,505
3,318,1124
4,618.4,363
3,485.9,1280
6,2047.8,8323
4,1283.5,1319
4,836.1,249
4,4142.9,21379
5,414.6,137
2,4386,72579
4,3949.2,26237
2,983.3,4802
3,3703.1,27591
5,5442.6,27632
5,320.9,51
5,1382.8,3346
4,360.4,936
5,4348.4,15717
8,909,45
3,2711.4,16341
2,5642.7,95331
7,954.1,100
3,309.1,258
3,710.6,1289
2,10507.8,217274
2,1584.5,20488
2,3037.2,73126
5,4421.8,14254
8,1129,831
3,2132.2,16528
3,1847.5,4452
5,2120.5,2455
5,3341.6,4612
4,648.8,39
4,1132.9,1832
9,602.9,2
6,216.8,2
4,867,2122
3,556.6,1601
5,322.2,72
4,5673.7,36206
3,634.5,13170
5,6986.9,29752
3,229.9,301
6,1121.5,918
3,140.3,58
8,4854.4,5799
3,743.9,1571
5,5643,24220
5,921.1,2317
6,1489.2,360
4,3087.1,7599
4,4592,31622
2,1253.3,7178
5,874.2,856
6,22997.8,522413
5,11920.7,55726
2,796.3,4416
4,1279,810
3,274.4,431
5,3711.2,7760
5,6789.9,23211
2,5062.4,221328
3,6348.1,56221
4,998.1,3687
4,490.3,247
5,2908.9,7333
3,10418.1,117996
4,7245.9,46048
3,1407.6,2802
3,3275.3,36726
9,2617.7,791
2,4012.5,47080
2,538.1,2129
6,1131.4,286
6,351.6,277
4,409.3,709
6,1382,924
5,824.9,760
6,1203.9,827
3,214.1,4115
5,5003.9,21548
4,1187.9,784
4,3365.1,10451
2,808.8,3577
4,20511.5,273258
3,4277,31216
4,5978.5,40041
5,337.5,142
5,4454.3,11900
2,1318.7,7734
4,342.2,315
3,4863.6,33274
3,364.4,86
6,3294.9,3987
6,759.1,260
4,2960.7,14728
2,847.6,4915
2,4574.9,106596
6,254.6,0
2,6725.8,207158
4,590.3,466
2,1537.4,31182
8,677.1,327
6,394.9,23
2,8167.6,406617
5,1909.7,6711
3,3068.7,19120
5,346.2,85
4,1916,2638
4,1724.4,4026
4,1200.5,1644
3,2515.9,14424
5,773.4,230
3,564.2,5613
3,448.2,315
3,1509.9,13777
2,1660.7,35979
3,1324.9,2906
6,1074.6,97
5,4568,10840
5,771.3,880
3,3535.1,42242
4,6805.2,52540
5,2350.1,3083
5,6062,20317
8,1026.8,256
4,6480.3,78675
5,442.9,197
3,4647.7,28539
4,13837.4,232304
8,446.3,26
6,1461.4,2757
4,1209.1,778
3,5111.6,40672
5,720.9,706
7,1455.9,1736
11,690.9,99
2,6827.3,183055
3,698.1,1213
4,4801.5,23395
4,245,160
4,1102.4,2773
5,393.7,185
3,2592.3,9222
5,560.2,244
5,383.6,445
3,1314.6,2478
3,862,4033
9,6870.4,6990
6,287.2,124
3,2025.2,12858
7,3246.3,3002
5,1312.2,471
5,557.2,658
7,215.8,17
3,3293,29100
3,6772.3,84304
3,10123.4,113551
2,433.9,1846
6,3952.6,9297
2,1134.8,35040
4,752,949
2,415.9,989
5,3377.9,3867
3,416.2,3171
4,3979.1,15759
3,248.8,482
5,612.8,197
4,386.2,345
4,297.1,72
6,439.6,721
7,848,124
2,13681.9,681846
6,2961.6,8130
4,1465.2,3685
5,454.8,211
7,1743.1,2013
6,1305.3,828
6,6977.9,24187
2,15093,555753
7,806.5,97
4,2868,8126
5,2934.5,9571
6,357.4,147
3,926,1007
3,2780.4,15489
4,1010.2,1298
5,986.3,831
6,855,576
3,1571.9,10711
4,4934,26559
3,3253.5,48793
6,1471.3,644
7,1189.4,489
6,10564.6,48840
2,385.8,2854
5,3541.1,9861
6,466.5,85
2,578.1,3029
4,897.4,2030
6,3220.9,7635
2,542,4786
6,3948.9,6980
2,273.1,795
3,615.8,5375
2,8512.3,155524
4,2807.7,12515
5,551.7,412
3,306.6,557
4,3100.1,6758
5,8089.5,33322
2,925,5936
4,1634.5,6162
4,4379.2,21339
6,2323.8,1968
2,197.8,193
5,737.1,1032
3,6333.5,66389
9,9271,17388
6,322.4,64
5,5512.2,16812
4,458.6,153
4,2683,22083
6,1512.3,1769
3,2243.4,9996
4,1706.4,5419
3,2697.7,15475
5,11032.2,53743
4,4573.1,25422
2,1546.7,8603
6,674.8,385
6,6457.5,19019
4,3433.5,18877
2,953.4,28438
5,3616.6,14032
7,456.2,192
5,1548,1120
4,4331.5,19843
3,365.3,4434
3,696.8,1198
2,316.2,1590
2,1733.1,23817
4,1625.4,8521
4,1274.3,5179
5,412,78
6,2792,2997
2,810.8,3128
7,747.2,1176
5,959.2,203
6,1935.9,1787
5,2193,4053
3,732.6,4050
2,241.2,287
2,3057.1,42182
4,2674.4,8378
3,3094.4,13020
6,2546.2,3036
7,4177.6,8229
4,398.9,65
2,388.1,3061
5,1123.6,1014
3,2461,23420
2,3536.2,40694
5,317.5,14
3,1100.5,4825
4,5946.3,28418
2,3421.2,35698
6,2373.6,2083
2,1569.7,9640
4,1065.3,3277
5,1108.1,1316
2,1570.1,8866
3,1665.9,4955
6,1666.7,1137
6,218.4,10
3,277.5,196
4,1321.9,1424
5,6107.5,15540
7,13292.5,49377
3,3548.6,22484
4,3472.7,11288
5,4127.6,6526
5,951.9,7012
2,383.5,4960
4,5282.2,62620
3,6143.5,58309
3,890.7,4049
4,2852.9,8683
4,1300.9,2539
5,1382.5,2400
2,22392.7,738403
5,5732.4,18228
9,6210.8,6076
4,721.7,478
3,1154.9,3415
7,603.9,58
2,302.5,897
5,735.9,102
3,360.8,199
8,5325.3,4318
2,6913.7,113530
5,824.5,146
4,1482.2,3534
4,1978.3,2704
4,6184.9,41187
3,4099,19768
3,3088.6,25412
5,1193.7,292
5,860.8,462
8,4387,9174
5,2330.8,2233
3,2324.4,26076
4,1092.2,1701
2,361.6,2784
3,2255.7,13574
5,3981.9,21363
6,703.9,325
5,232.8,19
5,480.3,143
3,530.7,494
4,1986.8,2728
4,1717.3,4084
5,1536.9,1266
4,771.6,1915
4,1856.1,4185
4,1133.4,4239
2,16789.3,939491
4,808.5,1685
2,1321.9,7160
3,380.1,867
3,3124.2,17296
5,394.2,39
2,23883.4,1134902
2,1459.4,11535
2,14641.1,726227
3,2822.7,30405
4,1557.3,2389
8,3746.7,3827
5,1560.1,3865
3,1272.6,9037
7,6333.9,11401
4,2838.1,4717
7,1808.2,549
2,1055,5397
6,2348.4,1052
6,6948.3,45006
3,5153.4,64161
4,1339.7,1238
6,1759.7,1945
3,2089.5,7560
7,7170.1,21799
6,253.1,2
4,1935.1,52468
3,980.9,4665
4,1972.7,6351
5,527.1,1244
6,1493,1717
6,726.8,171
6,303,9
6,184.2,3
5,322,280
2,2328.4,25262
8,914.1,460
3,476.3,428
2,180.7,1508
5,197,21
4,1314.4,3598
8,917.4,96
3,1588.5,13433
5,3557.5,10465
2,437.7,1211
6,295.4,29
7,930.7,1057
3,3998.1,30707
5,717.1,437
4,3592,14943
6,725.2,264
3,835.1,2118
6,1465.7,929
5,232.4,66
2,16743.3,444559
5,2105,1965
3,1439.6,6057
2,558.7,3010
6,607.8,64
2,129.3,63
3,552.6,287
6,1629.9,2394
2,628.6,2887
7,920.3,213
2,3675.2,42757
4,545.4,678
4,3891.8,12224
5,1104.7,687
5,783.1,587
4,485.5,479
4,653.9,1249
4,3446.2,8326
6,723.6,201
4,646.8,195
2,347.1,623
3,608.7,658
6,1072.8,1425
3,451.1,734
6,3451.2,3650
4,714.1,613
3,894.2,1711
5,593.1,64
4,640.9,756
2,493.6,1522
5,5512.8,15209
4,1284.5,1723
3,333,1279
5,10296.9,58620
3,244.5,72
5,327.4,67
2,234.2,827
4,220.9,61
5,620.4,132
8,1446.7,1170
7,2823.1,3280
4,2317.2,3915
5,5727.5,21468
5,546.3,97
6,318.6,48
6,709.7,1070
5,315.4,66
3,267.4,85
4,2466.9,8013
9,490.7,11
6,258.1,3
3,7231,85690
3,2026.3,8831
14,749,47
5,238.7,116
5,3722.7,8855
5,348,494
5,1971.9,1845
2,163.5,75
4,11631.1,132421
4,14488.3,229683
3,242.7,598
2,2584.5,32004
5,338.4,245
7,170.4,22
3,931.3,1284
2,362.9,2108
5,534.8,140
2,898.2,6880
6,1522.5,3360
3,1169.6,2650
4,704.8,350
4,2298.5,3670
3,5884.7,53822
4,246.9,45
5,1253.7,773
4,818.4,468
5,196.2,4
5,711.2,224
3,3461.5,25180
4,413.4,957
4,1860.9,5128
4,6106,44134
7,1832.2,931
5,485.6,180
7,285.9,21
2,568.9,1700
7,960.5,281
2,18266.1,948569
11,2511.5,193
4,1536,2117
4,557,546
4,3508.3,17545
6,1171,666
5,5694.1,14524
6,3433.5,6318
4,1163.9,1937
4,4492.6,23708
5,23786.5,401872
3,536.6,3535
7,2497.9,2401
2,20225.9,1102529
6,6351.2,16239
3,3346.5,27133
6,940,5504
2,4774.4,61480
2,239.4,439
4,463,179
2,352,2037
4,1218.2,2397
3,466.7,2977
3,9511.1,103345
3,215.3,128
6,1597.7,1159
9,1526.3,1109
3,10078.3,67985
4,2121,2359
2,441.7,1981
5,1375,1256
4,1215.5,1096
5,4091.3,9202
5,9204.1,30795
7,662.7,469
13,923.8,102
5,298.4,113
2,825.6,3844
3,210.4,64
5,388.3,40
5,2838.7,7410
6,2301.3,2442
3,8675,164206
3,805.2,1073
3,243.2,234
3,6865,71644
4,1206.6,2408
2,1980.1,17040
6,2806.8,2668
7,2565.5,5862
4,3183.1,10159
2,1526.7,8326
5,1817.2,1683
4,386.8,47
7,1286.8,269
5,2308.1,2108
2,261.2,915
4,6166,37033
3,981.3,2008
5,5451.3,15808
5,3290.2,12894
4,729.8,211
4,2743.3,4078
2,2407.5,54101
4,2504.8,3403
3,1276.8,8116
5,3071.8,10832
2,707.6,3295
4,4919,17323
6,540.5,231
3,1533.9,11848
4,1008.5,800
4,1914.2,1864
3,7103.3,68935
6,973.8,1080
2,8527.8,159460
5,350.1,239
5,2732,4883
3,1011.7,1783
4,6258.4,36373
3,491.9,533
3,2697.9,25766
3,197.6,93
2,294.5,670
4,491.2,597
4,914.3,2617
4,16400.7,344011
6,407.5,36
3,3789.4,21177
3,264.8,35
2,529.3,6789
4,555.8,722
5,10799.2,72476
7,3035.9,1921
2,1866.3,9504
4,4206,17033
4,375.2,144
3,1215.6,7752
7,247.9,3
6,1179.1,1873
3,564.9,1510
5,378.4,91
6,1429.2,2985
2,932.7,13313
3,793.1,2291
3,432.9,1272
2,223.6,526
5,786.4,459
7,223.5,45
6,2003.1,634
6,1736.4,683
3,420.9,596
3,343.7,1418
5,1442.7,455
3,1086.8,3400
6,310.1,16
3,475.3,1469
7,2018,530
4,1254.5,466
4,383.4,157
4,362.7,105
6,492.5,62
4,940.7,2336
3,7899.8,114299
2,162.6,89
4,1533.9,5199
3,248.8,115
8,581,72
3,7410.7,71921
6,668.2,1137
4,7308,50767
2,3493.1,80133
3,2607.3,7597
3,2326.4,12056
5,1417.5,5206
6,2742.8,3891
3,6206.2,59641
6,765,388
2,3623.3,75796
4,523,742
6,1047.5,462
7,1634.4,736
7,3912.8,3732
2,17840.6,454423
7,257.3,8
5,408.2,1039
4,13085.7,207714
3,217.1,135
3,1532.2,4810
3,602,1419
6,733.3,180
5,4245.8,12093
5,668.8,710
2,7951.4,113462
5,3859.3,8867
5,465.6,74
2,4926.9,72240
5,4600.4,11071
4,194.6,40
5,1090.9,637
4,352.2,169
5,804,410
8,7854.9,20628
5,813.8,407
3,749.2,1539
5,1043.3,248
5,1484.8,2271
5,1451.4,1286
3,1070.4,4346
3,2315.7,10489
2,1079.8,11533
4,1598.9,3896
3,3157.5,21974
6,1917.2,886
3,168.8,20
4,4494.9,19882
3,1568.1,5098
5,4509.3,25987
2,2031.1,23912
9,864,24
4,3650.4,7701
2,507.4,2014
2,3584.9,48030
5,3589,8662
5,3583.5,6864
3,3922.9,27842
2,1071.2,13878
3,6891.2,96181
5,1112.3,1403
2,3506.8,53252
5,1465.5,1292
4,381.4,598
5,2038.8,3100
6,728.4,735
3,675.5,1763
3,422,1150
5,242,22
4,617.9,3144
6,261.7,23
4,1292.3,2485
5,19565.4,336476
4,2328.1,6501
4,280.6,131
7,1789.5,183
2,348.1,2423
5,5021.6,17172
2,1154.3,8272
2,1364.5,14068
3,2437.7,19592
2,2672.1,52676
5,2852.5,7756
2,605.9,3075
3,2479.7,7320
4,2144.9,6811
5,2534.8,6998
6,464.3,493
4,1448.3,23376
5,653.6,340
10,949.2,558
5,7359.1,25739
6,928,738
5,2220.8,4752
5,1387.5,1412
6,2712.3,54
5,1583.3,1615
4,3460.1,9797
4,316.5,400
6,4945.9,10830
5,432,153
5,698.4,1365
4,6257.4,31885
4,3095.8,15023
6,1129.4,256
6,2428.9,2286
5,5033,13615
3,405.5,1578
3,1426.2,4398
2,206.2,159
5,240,7
4,1427.3,4548
6,2157.7,2952
5,2666.8,2849
4,5057.3,18691
6,2598.7,3347
6,6318.9,17434
6,1032.3,402
3,410.4,1613
9,5421.3,3602
8,647.2,663
4,868.1,769
5,720.3,1492
4,1487.9,2456
6,1317.7,1012
5,889.5,2034
7,602.4,69
5,3998.3,23268
10,2043.3,452
5,4063.8,26097
3,262.8,55
5,384.2,430
3,5993.1,71034
5,2770.3,7237
3,7104.6,71547
4,2769.6,6718
3,315.6,236
5,1055.3,1117
6,3413,6182
5,12109.7,61499
3,369.1,826
6,2368.3,2433
2,14702.7,348974
5,882.2,420
5,691.1,336
6,671.5,1349
8,315.5,30
3,1141.9,3737
6,2896,3901
4,2023.8,4954
6,3074.5,4804
4,929.5,1370
5,3477.3,13912
4,9937.3,103300
4,1519.1,1073
3,2058.7,6693
8,358.3,10
3,5713.7,71537
2,3847.6,56423
2,1765,21826
3,2994,18727
7,935.3,1124
5,6621.6,25938
3,5439.4,41126
4,402.9,224
2,2815.4,60988
5,2070.4,8627
2,4178.6,173598
8,726.2,235
5,884.8,508
5,2739.7,4435
6,440.9,259
4,325.4,352
3,4268.3,30518
4,5085.3,27822
3,1937.3,10388
6,862.8,614
3,1916.1,7234
5,1404.3,1367
4,2874.8,33439
5,347.7,133
2,264.2,666
6,950.8,175
7,242.8,3
2,652.6,3308
3,1353.9,5825
6,2066.7,2402
4,514.7,1073
4,2695.5,9624
2,819.7,4082
5,1566.9,1302
6,591.4,47
4,1767.2,2977
5,9888.6,100413
6,766,264
4,2244.5,5564
4,1396.8,1741
2,750.2,5779
5,366.4,72
6,6426.5,23069
6,5611.4,18148
3,2229.4,10071
2,16722.7,760987
4,598.6,600
6,2551,3991
5,1195.6,1544
3,182.1,117
4,384.6,84
4,1058.3,1282
4,764.8,3694
2,158.1,48
2,1696.2,15622
4,4053.1,15899
5,6959.6,27815
2,1487.6,27603
5,2286.1,4017
8,560.9,149
8,7283.4,9451
4,19086.3,595394
2,1149.1,18654
3,1755.3,6446
4,1078.6,1447
2,1775.3,35538
4,224,37
5,577.2,66
6,288.5,8
5,630.7,671
3,10851.1,129208
3,4963,39467
5,2020.1,2791
6,737.9,65
3,1436.1,9512
3,5472.3,33076
3,7551.2,76288
4,1943.6,8174
4,2178.4,5882
5,1054.8,560
3,551,1204
4,203.8,19
2,4388.1,83401
9,3640,4053
5,2717.8,4856
4,5062.8,18365
4,2451,3652
6,3716.3,11215
4,1320.1,1107
2,1940.9,16905
6,3612.5,7049
4,307.1,59
4,980.6,1851
6,721.2,300
4,1867.7,2733
6,395.2,43
5,2279.2,5551
3,1543.7,7741
5,2595.6,3768
6,648.2,197
5,419.5,123
4,2873.5,8995
2,533.7,5473
2,1110.7,17814
2,799.6,7554
3,471.1,535
6,3343.6,7051
4,983,1037
7,4250.9,7474
4,987.5,2249
4,1102.7,1853
5,10657.3,50615
2,641,3434
5,1007.2,1349
8,1280.6,518
4,5522.4,35249
6,3958.1,5051
5,904.6,551
4,698.7,1064
3,4462.9,116445
7,525.5,161
2,11607,437233
3,708.6,8564
4,6978.3,31308
3,1200.1,4787
5,15308.8,116601
6,356,39
2,2261.1,36243
2,521.1,3517
4,1788.3,4083
9,2550.5,1048
4,196.4,15
4,4225.8,15881
4,308.6,282
5,397.8,124
2,4151.1,48286
7,2425.6,2893
6,367.4,115
6,6379,16407
5,2938.3,6006
4,788,844
3,12003.1,422578
4,2716.8,6875
5,393.5,189
3,382.4,2859
4,406,162
5,584.1,503
5,4253.7,9912
5,1866.9,5046
2,626.7,8231
6,2293.9,1944
4,8499.3,67396
6,327.2,18
5,3183.3,11841
5,624.1,624
3,2099.4,9054
9,523.2,25
4,4201.3,29208
5,16958.5,365033
5,5459.8,23286
3,1003,1565
2,360.2,1516
2,1380.8,16279
3,285.5,115
2,3993.2,62948
5,580.8,188
2,994,3807
6,3873.2,5723
8,833.9,230
7,227,2
6,395.3,7
5,922.5,241
3,1060.9,2005
4,354,323
4,10980.9,99701
4,2140.5,4619
3,1472.9,4254
5,5182.3,19788
2,508.2,4086
2,279.5,572
6,952.1,363
2,8913.8,185824
4,1962.9,4227
3,641.9,4957
3,422.2,700
6,220.6,15
4,4170.2,29139
6,1918.8,1921
7,3131.2,3327
4,836.6,1833
6,8866.7,32327
5,460.5,294
4,1058.8,887
6,1082,702
2,1725.8,22316
2,1880.9,17394
9,753.4,692
6,3314.2,4535
5,620.6,1055
4,385.7,327
7,428.7,29
2,8622.2,369819
5,482.5,712
6,2718,2644
3,243.1,83
7,4643.8,5366
5,892.3,355
3,355.3,83
5,2394.1,3751
4,8303.3,59837
4,573.1,716
5,590.6,883
9,620.7,206
8,2953.6,3749
6,5299.8,9695
3,2775.7,19777
3,3432.3,15334
4,669.2,605
7,2118.6,1302
5,3017.4,7524
7,973.7,186
4,11148.1,92840
4,10495.3,85274
5,653.8,1041
4,1546,4067
5,18733.8,367932
3,913.7,5481
3,1133,1480
6,2274.9,1846
3,2502,15355
4,8337.7,188612
2,437.8,4447
5,214,6
5,1184.2,1527
9,962.7,79
6,1836.6,1516
5,3883.7,5171
4,576.3,226
7,1040.5,829
3,5191.5,169557
2,374.5,1517
7,689.3,277
6,1030,428
3,402.1,161
5,5345.3,12716
5,3347,8781
3,995.6,1836
3,815.5,3413
2,234.5,545
3,991.1,1624
4,2255.6,10281
2,1102.9,9231
4,9660.5,68182
6,574,372
3,583.8,1312
6,1400.8,1597
4,179.5,27
3,4441.9,55421
4,4784.6,29261
5,5258.6,13886
2,166.9,100
3,529.4,535
4,3952.2,13579
4,2547.7,7058
5,204.5,74
5,448.2,46
3,837.2,1000
3,206.2,42
6,721.1,1568
4,2595.3,12942
4,4032.1,19381
6,726.8,92
4,2814.8,37429
6,544.8,68
4,1223.4,2115
3,418.4,650
3,1141.5,2680
3,839.1,2352
3,1713.4,7999
2,16491.4,371974
2,6604.8,126691
5,3468.2,7163
7,1196.5,2403
6,1962.9,6213
6,1061,898
5,354.6,66
2,3122.3,34972
9,413.1,23
3,296.6,119
7,3259.6,5786
2,535.6,1526
5,5615.7,20312
3,6541.8,105140
3,693.7,551
8,10811.5,20299
7,672.6,208
5,4941.8,9407
4,645.1,207
5,351.4,34
3,1952.5,14951
7,1781.9,1450
7,735.8,13
4,23056.4,886534
4,3982.7,24295
3,870.1,1264
4,277.8,85
12,195.3,2
3,12847.2,156510
5,2193.6,4120
2,18320.8,657923
2,497.4,3307
2,1493.7,25351
5,707.5,135
6,1799.1,727
6,399,59
4,674.6,1533
7,2317.2,688
5,7733.4,36039
6,412,75
2,1102.8,10003
3,1350.2,2442
4,556.1,585
6,3401.2,4749
5,169.6,10
3,7388.9,160621
4,5259.5,20066
5,1928.1,1443
3,4376.8,70406
4,2210.7,4039
2,4215.7,49557
6,3848.2,6146
5,447.8,52
6,2099.3,1208
4,2207,7299
6,2759.5,3443
7,498.9,21
5,12339.1,63864
5,1074.7,436
9,3500.1,1094
3,435.8,581
4,493.7,315
2,296.7,344
2,3376.3,41924
3,2613.1,31107
5,1876.7,1845
6,179.8,23
3,246.6,74
6,369.7,318
3,375.9,321
2,314.1,1345
2,3464.1,43147
5,1118,430
6,5371.2,17236
3,853,1790
2,917.9,9345
9,221.9,16
4,970.3,933
2,793.7,2711
5,2727.7,6624
2,6228,177419
2,4509.5,61746
4,5882.6,110232
4,3574.9,11243
4,3590.3,14237
6,329.4,1
9,10273,18608
4,1004,446
5,319.3,65
3,4864.6,39031
6,3729.5,6870
4,4143.8,102455
3,1524,7523
4,2874.9,16747
5,2436.6,2943
4,3760.7,12438
2,312.5,707
5,2538.1,6674
4,325.8,209
5,243.6,1
2,595.5,4693
5,803.3,2017
4,2823.6,6712
2,1437.2,10353
2,18316.3,631590
4,1007.9,1671
5,3993.7,9633
3,520.3,1230
4,1346.1,3023
3,2807.7,16269
5,1279.2,1535
2,3887.3,63329
6,614.6,90
5,655.5,632
2,14181.2,498798
5,4485.8,14633
5,477.7,100
2,2423,29658
3,1022.6,1884
5,1324.8,1281
6,2179,4215
5,1864,3565
4,8657.1,54136
5,4535.2,14865
2,298.6,652
3,2147.6,7820
3,3725.2,24807
4,7575.9,46451
5,200.9,9
3,3664.7,30272
7,640.2,137
3,593.3,861
6,850.7,3006
5,1004.2,900
3,289.2,127
5,517.6,234
4,7277.1,37852
4,3304,17446
4,28348.6,1026177
5,620.1,374
2,1909.3,16073
6,674.7,282
6,1423.1,732
5,2804.1,4572
9,4207.6,4652
7,678.8,1085
5,6183.1,21871
3,3232.2,24673
6,4240.2,4355
4,1215.1,3140
7,6940.8,11829
2,344.3,8796
5,2234.4,6215
4,395.6,235
4,1274.5,1826
4,5091.9,29028
5,770.2,372
5,7581.2,40911
7,560.6,193
3,2914.8,12131
4,2388.6,8759
5,360.9,885
7,6779,21968
5,403.9,302
5,591.8,194
3,5560.2,42433
3,1178.7,2526
2,12582.8,333723
5,488,609
2,337.7,847
6,749.2,210
3,2985.1,16748
4,4408,18371
7,750,627
3,258.2,197
2,277.1,490
6,5186.1,11422
5,4195.2,9748
2,1368.6,9294
3,208.7,22
5,9057.5,35727
6,160.4,6
2,465.5,2669
2,4309.3,182030
3,440.6,286
10,5981.1,2764
5,341.3,429
5,2057.3,2993
3,2091,10029
5,2541.1,2741
2,2744.4,35803
4,1077.7,3096
6,3528.1,5828
6,6651.6,33262
7,2093,6007
5,607.8,871
3,9098.7,145029
10,3466.7,1377
3,494.4,2248
6,763.8,139
3,1081.1,2451
2,717.8,9464
8,2905.1,3755
4,728.7,740
5,698,613
6,901.4,270
4,3098.4,9536
6,5121.9,13186
5,3867.5,5303
3,5268.1,43888
7,594.7,681
4,6451.4,31230
6,779.4,59
5,331.5,18
2,140.5,81
3,938.8,5461
5,3421.7,7356
5,645.3,1404
2,2827.5,26340
2,3199.5,60485
3,14652.9,191811
5,5790.6,20692
6,350.4,11
5,602,1075
6,1103.4,251
8,2073.2,611
3,356,1108
2,1105.2,10719
3,5333.5,152611
5,1243.6,3021
4,10983.1,78764
2,583.2,8228
6,804.8,930
4,1859.7,7649
5,8510.6,37374
2,828.3,11130
2,308,411
5,6574.8,37968
6,7121.5,14009
5,909.2,533
4,8336.4,66834
3,1618,6389
4,2796.6,7161
6,3727.1,6497
4,2095.1,2837
5,2693.5,4000
4,393.8,114
5,2622.5,5513
3,2350.8,28231
3,366.7,354
2,918.8,7690
6,2981.3,2759
6,284.9,92
5,310.8,52
2,8713.1,193883
4,31632.6,571895
5,350.8,122
2,3424.9,52292
4,450.3,141
6,697.4,499
7,5426.5,11118
4,2382.5,4816
3,2656.8,25307
5,2848.3,3579
2,431.8,4505
4,3809.9,16084
3,3110.1,22063
8,411.5,55
7,2063,2829
2,21634.4,1218987
5,3623.2,4878
5,3334.7,6899
5,1330.4,1715
4,3102.6,10552
8,599.9,64
2,3415.5,50223
6,773.1,152
5,1777.6,1481
2,17765.3,451060
8,5047,5769
4,462.2,628
4,2079.1,4888
4,363.9,511
3,590,662
2,282.9,701
7,4057.1,5581
5,1295.6,439
5,4809.9,13591
3,411.3,1148
6,2080.2,1733
5,787.6,1425
3,1913.9,57526
5,2200.8,3679
3,2747.1,12152
2,4114.2,85627
4,6388.5,43449
5,748.9,799
3,487.1,3960
6,755.2,1204
6,378.3,52
6,3117.2,3780
6,487.5,72
4,1401.1,2509
3,918.9,1466
4,6865,44260
2,3292.6,37108
2,1007.8,11155
5,2531,3091
4,2965.2,7502
5,5171.1,19478
4,3723.6,11888
3,1154.3,2955
5,1790.3,2385
5,4023.3,4762
6,2681.5,2522
3,7980.9,146481
3,9388.3,98046
4,1310.8,3467
2,1535.6,13907
7,11803.9,43045
3,2310,13612
3,6058.8,57098
2,3375.7,69167
4,442.6,314
3,3193.1,40810
4,2120.7,2501
5,3753.6,9046
6,1184.4,831
4,599.8,859
2,3126.9,34034
3,2416.7,32058
3,708.5,3091
7,1244,358
2,750.6,30008
3,2652.1,15104
6,591.3,118
4,1925.4,5930
6,1592.4,750
7,657.6,71
4,1804.3,2793
4,4079,20254
6,2361.5,3944
4,7126.9,63111
3,217.2,172
3,18583.4,739604
8,938.7,342
4,237,1644
5,1170.8,805
5,3817.7,5921
5,571.7,2521
5,1317.1,2222
3,472.4,3250
3,3636.5,21549
2,1196.7,5772
4,3559.3,20280
3,1476.5,5749
3,7153,64236
3,265.9,374
5,278.5,75
5,1977.3,9985
4,1535.9,8682
9,1821.2,575
6,2962.6,4758
4,495.4,238
6,8088.6,31028
4,3423.2,15920
5,945.7,933
2,1013.8,14882
6,250.1,1
6,4975.7,14172
5,1114.7,1097
5,861.8,787
5,1560.8,2501
6,2896.4,2935
8,5883.1,7960
7,1382.3,402
4,427.7,142
3,413,641
2,2334.7,31310
7,2375.8,1378
6,795.1,93
4,830.4,508
4,4363,37509
4,199.6,106
3,2989.7,14563
3,25724.2,724258
8,556.4,3
2,9819.2,176687
2,1759.6,16909
5,5308.5,24745
6,459.5,35
5,1536.2,3444
3,1048.6,2399
5,1658.3,2009
6,2666.4,2202
4,702.5,464
6,3918.7,19662
2,7530.3,369864
5,4954.3,13908
5,1631.7,2707
4,417.9,185
2,242.2,686
2,8886.8,265831
6,2121,1280
6,305.1,61
8,248.4,65
7,625.9,94
9,1376.9,82
6,504.2,110
5,4875.3,13296
5,1921.8,1889
5,388.3,10
3,4495.2,39500
2,1379.5,36129
3,2109.3,13749
5,803,713
6,761.9,15
7,2327,2578
5,314.8,8
6,1340.7,672
3,6633.5,155307
3,9857.6,331145
3,2393.1,17995
4,3522.6,8819
5,2156.2,3278
5,1516.6,1039
4,1916.2,3959
3,5262.5,37894
6,241.3,31
4,504.5,402
6,1967.5,2941
2,2696.2,36218
4,3042.6,10278
2,2454.2,27457
3,219.9,35
5,521.5,92
6,556.5,132
3,868,1592
9,3593.8,2413
2,2856.2,76427
3,7475.4,82864
10,1065.3,54
5,1216.9,1801
9,205.4,3
3,11488.2,379848
6,620.6,280
5,3488.1,6241
4,4951,18298
6,12321.7,153913
3,2185.3,9303
5,6659.6,29075
2,1585.7,10465
5,830,2648
6,2374.8,1985
6,509.3,290
4,2586.3,6649
4,2559.5,6720
6,2148.6,2602
5,407.4,110
5,983.3,976
4,12293.3,94929
5,2267.9,5959
4,404.1,1618
3,3160.8,38196
2,1645.7,14071
5,464.4,228
3,977.5,1744
5,1306.8,1693
4,5199.9,27100
4,3410.7,14117
4,976.3,770
4,10207.2,233147
4,3935.2,22357
5,2376.3,5000
2,359.9,896
8,326.4,142
5,221.2,94
6,957.2,207
5,184.9,23
2,1213.8,15757
5,1444.7,4267
5,866.5,570
5,13293.9,71863
4,755.4,868
6,371.5,21
3,509.7,1156
6,2311.9,1444
5,1138,1178
4,524.3,669
2,312.7,633
4,2854.5,8683
5,1770.2,6981
3,315.6,114
2,14649.9,697422
8,8208.1,16284
2,285.8,2877
5,242.1,138
6,3369.2,6092
2,10510.4,243882
6,1406.9,1443
6,281.6,23
4,4283,13714
4,212.9,211
5,4677.4,13746
4,474.1,196
4,1273.5,783
6,705.1,141
5,181,0
5,3924.6,12195
4,2660.9,6412
5,394.3,91
6,1117.6,1048
2,14529.5,311542
6,1030.3,374
4,254.7,148
4,2594.2,9590
5,466.2,86
4,498.5,422
3,363.8,308
6,276.7,5
4,16674.7,470677
4,9960.7,63075
4,1026.1,3245
8,1885.2,1595
5,3408.1,11006
3,731.9,4432
3,368.7,361
2,5168.9,102733
5,262.6,3
3,1658.7,4256
6,4064.4,5814
6,717.3,636
6,3404,6100
5,480.7,55
2,14596.9,299795
2,1321.4,17518
5,3599.3,12142
6,3778.7,2711
2,4026.3,81764
8,423,19
4,2097.1,3287
8,1436,1309
3,3034,19378
8,2005.3,1658
5,2094.5,2196
7,480.7,38
3,2384.3,12365
7,1716.6,549
7,322.3,80
4,2150.7,6183
5,1125.9,913
6,4719.6,10547
8,762.6,403
2,562.7,3807
5,1110.2,340
3,328.6,927
5,3416.1,7253
5,1649.5,1043
4,1226,3189
3,8379.1,339075
3,1958.7,13494
3,539.2,2315
4,308.9,87
6,3123.4,5711
2,2805.8,25649
4,348.4,42
6,321.5,49
5,3642.7,10112
6,4824,9627
3,183.1,17
7,1209.3,344
6,763.6,274
3,333.7,548
5,387.4,79
7,1095.6,295
6,2078.9,2486
5,6023.4,17496
3,264.7,79
4,19210.8,267207
3,534.3,1495
7,3897.8,8626
3,264.3,158
3,1259.1,1679
3,677.9,941
4,780.2,878
5,616.7,83
5,10959.8,62126
4,261.9,35
3,2306.6,8216
4,2323,4704
5,7962.4,37601
3,1481.4,2638
6,1539.2,940
3,2915.5,18599
8,516.8,57
4,3454.7,10186
5,1435,4874
5,1488,1449
3,1443.7,4250
4,1886,5477
6,357.6,80
3,4053.1,29534
3,693.7,605
7,775.3,942
4,2809.6,10984
6,532.3,47
4,2865.2,16654
8,6119.3,10817
3,579.8,902
3,408.1,368
4,5061.1,25531
4,3259.9,25801
5,3042,3998
2,12238,571653
7,369.8,866
6,1137.6,571
3,11848.9,405284
2,1833.7,18462
5,365.4,105
4,2512.2,10059
3,550.1,559
4,1173.4,1273
3,301.4,49
3,874.8,2445
2,1618.4,18350
7,3936.3,3305
4,7869.5,58203
3,15049.9,240275
3,1741.9,6256
6,2003.6,2921
6,408.8,68
5,18725.9,364324
2,822.2,9133
4,525.5,335
4,505.4,206
4,1847.2,8663
4,650,2484
5,3915.2,10136
6,3135,5748
6,1428.9,3256
3,13602.9,164891
7,1016.3,695
7,1067.1,173
2,321.6,1886
7,2453.3,1667
3,745,2276
8,688.2,345
6,901.4,1031
3,342.1,540
5,1530.5,1159
3,3087.5,30704
5,842.4,131
3,1022.7,3265
5,3524.1,13557
2,24494.3,739745
6,2666.4,2810
5,8182.2,28139
8,1157.7,342
6,2844.9,6474
6,1385.4,725
5,2300.7,3550
7,2481.3,1687
4,7303,37902
3,1226.3,2862
4,1325,2016
2,1031.3,9585
6,384.2,76
3,244,143
5,32865.6,903312
2,505.4,9216
4,188,67
4,22907.4,478756
4,2100.6,3336
3,1583.3,20986
5,2006.9,2467
4,381.8,118
3,13629.3,413103
2,700.2,2708
3,341.4,392
6,730.3,332
3,1010.6,8194
2,430.3,4411
3,430.5,1396
6,5804.4,12489
4,264.9,134
3,931.8,3453
5,744.8,244
5,1128.2,504
6,2045.4,8659
5,1638.2,3058
9,1437.4,217
4,1116.8,3273
5,2165,2089
4,447.2,428
3,5504.7,46829
5,553.8,1273
4,13823.8,187798
5,2535.3,13390
3,719.9,1211
5,651.7,574
5,1608.8,1372
5,1004.2,893
6,3068.4,4576
2,1772.6,12697
2,7091,144492
5,949.2,501
4,191.5,38
5,3186.9,6368
3,1101.2,2176
5,1437.7,1863
4,401.8,757
2,2226.4,31387
4,3172.7,10535
3,452.8,521
6,667.5,83
7,2420.1,2633
3,23795,973610
5,22447.9,398225
3,10768.8,132631
4,4810.8,29285
3,2247.9,6958
5,1558.6,3110
4,1176.5,1177
6,1221.4,284
2,963.1,12106
3,229.3,235
5,480.5,78
3,2850.8,18456
6,317.1,185
6,7570.9,21693
3,1250.4,5180
2,8084.9,210453
4,378.1,757
7,5621,11850
4,1058.1,6543
4,1812.5,3849
7,774.5,34
5,357.6,54
5,5048.8,11698
6,3317.1,2393
5,15135,129997
5,3882.7,8915
5,3031.3,6320
7,1122.7,1240
4,4787.8,19632
5,1373.3,725
6,7825.6,26256
3,2342.5,13432
6,456.2,12
3,3837.4,27396
6,3226.1,5275
6,1633.4,1216
2,8815.6,179939
4,1739,4121
4,473.7,90
6,1389.8,476
8,719.7,39
4,4978,20390
3,4262.5,42264
7,1811.2,983
3,7741,89642
4,285.1,62
3,550.9,1853
5,694.7,212
4,15649.6,164101
6,591.2,412
6,4102,5379
3,2445.5,10058
3,15588.5,211752
3,3587.7,18609
5,5926.8,26173
5,3593.5,10921
5,1330.7,2242
3,352.5,163
6,1963.9,4033
3,3600.1,32775
7,648.8,638
3,286.7,263
3,271.3,323
4,612.2,320
2,1251.6,7481
5,3030.9,5076
5,2327.3,8577
4,7147.8,34331
3,3069.4,14333
5,2833.4,8115
6,359.1,37
6,2885.2,3253
6,1588.9,1526
2,120.1,47
3,3935.3,38739
6,3837.4,3263
5,3927.2,9185
5,6962.7,30604
3,5337.8,57367
6,3266.3,7635
4,9683.1,67521
2,253.6,826
5,7533.4,39130
6,744.3,273
2,15096.5,357711
2,2432.1,22915
3,2624.2,15656
7,1219.8,608
2,2177.8,18240
4,1119.8,1105
2,6066.3,81124
3,1310.2,7848
3,168.5,141
3,237.2,137
7,268.9,34
7,383.4,38
3,3693.6,25067
3,211.1,68
6,4924.8,15484
6,2867.4,1506
3,1886.4,13539
3,469.8,1990
5,2186.2,3166
2,3969.1,51318
8,3139.5,3020
4,3048.9,13079
4,539.8,451
2,1578,20353
3,2450.6,10416
3,937,4045
8,3197.5,1904
5,559.4,994
6,599.5,167
3,570.9,1862
5,2567,10572
3,2034.9,26917
3,385.8,519
4,2243.5,4415
5,2107.4,1746
5,1155.2,823
4,1024.6,490
5,738.9,1608
4,1117.9,434
6,2586.1,3747
11,5489,4045
3,2871.4,13124
3,723.3,4393
4,6628.5,29549
2,392,1494
5,3420.1,5433
6,450.8,223
4,9624,175625
4,1471,4977
3,2651,11283
4,895.4,1993
3,980.8,2106
2,2520.2,80074
5,465.6,1021
4,3036.8,13748
5,1569.2,2324
5,3830.6,9267
10,8684.7,9071
3,2474.6,21578
2,250.1,957
3,324.9,432
3,370.8,468
5,1942.4,4324
4,1306.3,7566
4,770.2,528
6,333.4,5
4,830.4,1006
4,788,664
5,1720.4,4730
4,7493,48460
2,838.9,4857
4,204.2,61
5,3559.3,7475
4,1224.3,6575
5,3369.5,6836
2,169,55
3,1784.8,9650
9,1870.7,1759
5,1480.1,1806
4,342.4,92
6,2121.1,7731
2,1688,20742
6,4084,16469
3,1440.1,4340
7,499,53
3,1595.5,7052
6,6769.6,21203
7,270.3,53
4,385.1,205
6,1115.5,1315
5,262.3,21
5,1088.9,924
4,1015.9,1348
4,840,1490
11,1922.6,186
8,722.4,197
14,3326.3,706
7,2266.9,924
3,397.1,1374
3,470.6,162
3,525.5,681
8,1093.6,177
7,239.1,0
4,1010.3,511
3,659.9,1172
3,4367,55804
6,3298.1,4899
6,202.8,0
7,996.4,377
2,699,7899
3,34865.4,2018529
3,562.2,1592
8,4481.6,4664
7,426,73
5,15748.3,98910
3,1603.5,8107
5,299.3,256
6,781.5,163
4,2108.8,5609
5,1714.4,1761
5,2001.4,2211
5,9807.8,63812
2,1766,9754
5,1964.4,6808
4,374.5,930
4,214.2,42
6,721.2,487
3,5275.5,44708
4,158.6,44
2,3638.1,71304
4,488.5,347
2,736.7,6604
3,1860.8,9293
4,1620.3,7158
6,6682.2,20657
3,1131.3,4992
4,2020,6144
5,2239.1,1948
3,488.8,1469
6,3963,6123
5,3248.7,8004
2,666.9,3709
14,3118.4,363
3,3504.4,19422
3,797.3,7197
6,596.1,533
3,1676.7,16907
5,3661.2,5361
3,5185,30375
2,528.8,3356
4,3833.3,28882
2,188.5,188
9,1570.1,405
4,2729.3,12488
8,9550.9,20572
7,363.5,38
9,1317.3,204
6,863.4,90
6,969.4,100
4,1020.5,2620
3,188.2,102
5,2401.8,3202
4,568,400
4,207.7,75
6,4311.9,6736
4,3162.6,13516
2,288.8,1321
2,265.8,601
6,1479.4,730
5,1136.8,442
4,456.2,450
3,8395.5,106644
3,1261.1,5959
4,206.2,28
2,4321.9,42318
2,2813.1,45774
3,10194.8,117887
3,7104.4,63136
2,962.7,5537
3,2182.2,13915
2,164.7,371
3,256.1,42
2,1438.4,9024
3,5283.4,40963
3,860.8,2195
2,2658.5,52271
3,1701.8,4549
2,199.5,126
2,1511.4,14104
2,1078.7,5743
4,1862.2,3278
2,3408.4,29664
2,1037,3437
3,22985.4,1064007
2,1238.9,12271
2,420.3,1717
2,688.2,2923
2,808.5,3624
2,1416.3,7918
3,691.8,559
4,1096.4,376
2,7482.2,112812
2,475.9,1654
2,8260.9,168888
2,2156.5,17448
2,1283.6,15279
3,662.8,852
3,2086.6,10766
3,2848.3,15172
2,5519.1,70768
2,263.6,191
3,664.7,19735
2,193.7,106
2,479.8,1823
3,839,1396
3,1816,4264
2,1461.6,15172
3,467.3,740
3,2507.7,17393
2,275.9,178
2,3698.2,41744
4,301.8,79
3,986.9,1254
3,1437.5,2713
2,1596.9,11656
3,2528.5,8733
3,678.5,1758
2,200,535
4,357.5,280
3,204.9,135
3,1536.9,5810
2,8171.4,134580
4,6900.8,25468
2,326.3,241
2,1987.2,17622
2,471.7,5254
3,221.9,120
6,882.1,490
2,3520.5,47120
2,1440.6,11203
3,2026.8,10286
5,667.9,382
2,2674.5,27560
3,270.3,235
5,4659.8,11737
2,472.5,1030
3,3207.3,22156
3,321.4,283
2,338.5,1418
5,2398.1,1456
3,985.2,1413
3,6256.1,71389
2,235.5,896
3,367.9,827
2,685.8,2869
2,444.8,955
2,1466.5,9098
2,1885.6,15711
2,2173.3,16589
2,2272.1,24132
3,2045.5,5796
4,1378,1805
2,268.2,1033
3,281.1,163
2,986.4,4627
2,1154.4,5693
3,259.5,215
4,11690.4,98264
3,4764.9,59664
2,291.2,1130
2,468.9,1490
3,201.6,125
4,2420.6,5309
2,1316.7,7018
2,394.4,1502
2,13981,215138
3,4071.2,25794
3,3431.3,20709
3,946.5,706
2,19998.1,639109
3,557,2054
2,558.8,16399
3,808.4,1008
3,1031.3,1739
4,9640.8,82260
3,421.7,239
2,1058.9,6259
2,382.6,1864
2,557.7,3445
3,7808,65712
2,376.5,773
2,3853.7,49291
3,4613.2,32125
3,219.6,125
3,9818.6,350492
3,2061,12032
3,353.5,160
2,425.2,2146
2,1718.3,14529
3,245.4,40
2,339.2,1361
3,2593.7,11718
4,1259,3312
2,2005.5,13167
3,5706.6,44712
4,3643.9,19291
2,1095.5,4844
3,9785,102583
2,442.1,1680
3,4788.2,46684
2,587,3294
2,1444.1,8350
2,596.3,1898
3,398.2,490
3,7325.1,89405
2,511.1,2685
2,4714.9,233222
4,832.3,3221
3,300.7,238
2,137.1,127
2,145.8,85
2,790,2814
2,1403,7228
3,16933.2,623564
3,4685.9,29178
4,304.5,33
2,2708.9,40589
2,175,228
2,12254.6,551690
3,182.1,162
2,848.1,14844
2,1068.1,22170
2,988,7803
3,2101.2,14595
3,297.8,70
3,2215.6,4767
2,329.6,446
2,197.3,232
4,694.3,467
2,535,1809
3,6230.8,57079
2,234.5,360
2,1502.4,13118
3,1549.3,3614
2,3935.9,41494
2,587.1,3643
3,367.8,213
4,1158.5,1417
2,220.3,139
2,559.4,2236
3,891,1255
2,466.9,1930
3,739.7,1028
3,1697.5,15392
2,1834.4,24769
2,2396.3,27282
4,5616.4,24304
4,724.6,353
3,620.5,2830
2,514.9,1791
2,431.3,4359
2,489.5,2028
2,909.3,13674
3,1047.9,9467
4,2838.9,13292
3,1369.2,3879
3,5531.3,189727
3,4331.8,31880
3,1449,3835
4,1897.2,2782
2,743.1,2287
2,1277.1,6683
2,3148.1,35544
2,172,150
2,787.9,3612
2,293.6,1136
2,2342.8,27709
2,7923.5,181244
3,961.1,3606
2,671.3,2482
3,195.4,84
2,6078.2,75793
2,178.4,86
2,231.9,223
2,897.7,22834
4,675.8,1463
2,8009.8,146160
3,1147,2358
2,180.8,90
2,10893.7,474193
2,158,31
2,2087.1,43929
3,1269.4,1879
2,917.3,4942
2,201.1,368
4,7072.1,37246
2,816.1,4614
3,546.7,681
3,6950,64726
3,1667,6804
4,887.1,781
5,1669.3,1978
3,724.8,551
3,580.4,1140
3,14124.5,182120
2,859.6,2070
3,1402.5,2851
4,1150.7,2208
2,365.5,647
3,611.1,1317
4,502.1,55
2,1544.6,14571
3,9839.6,436998
2,278.4,337
2,1612.9,13188
2,746.3,4897
2,3463.2,39529
2,409.9,1053
2,988.8,3467
4,321.3,475
3,329.7,133
4,899.1,2555
3,378.5,1093
2,1656,18021
4,784.2,398
3,410.4,2420
2,357,785
3,531.9,561
3,700.7,1336
2,777.4,6720
3,1952.1,4867
2,179.9,209
2,485.5,2788
2,878.1,5381
4,274.7,19
3,704,362
2,2249.9,18355
3,182.1,159
2,153.6,25
3,1745.6,10225
2,537,8647
2,347.5,699
2,5490.5,80359
2,2485.9,27069
3,641.5,920
2,1750,18408
3,378.6,1021
2,1686.2,11757
3,689.9,435
2,4505.4,92219
2,394,529
2,257.9,234
3,5464.6,32995
2,1041.1,24614
2,359.5,606
3,5346.3,36365
4,257.1,67
4,326.4,113
3,5248.2,46105
2,3588.4,59417
3,4825.5,37629
3,2062.9,11810
2,494.8,1679
5,6026.9,28046
3,2190.8,28157
3,2695,22718
3,2050,23609
2,229.3,1203
3,3514.6,32099
3,644.5,617
5,487.6,50
2,1187.5,8412
2,499.3,2086
3,363.2,402
2,588.3,2059
3,162.5,61
2,762.3,3427
2,383.4,2869
3,280.7,268
3,3952.9,26195
3,186.9,42
3,1347.8,6599
3,1734,42707
2,405.9,1285
2,1819.8,12889
3,3117.6,13341
4,793.3,6969
2,2089.4,42885
4,1769.4,6657
2,219,293
3,1056.9,3557
4,1327.9,15693
2,410.1,1173
4,1181,1940
3,1425.5,3172
2,833.7,2744
3,514.5,341
3,1012.2,1492
3,3504.1,45618
2,337.8,1264
2,532.3,1001
4,228.3,18
4,723.1,1767
4,2711.8,5125
2,1235.6,15733
3,22021.2,511337
4,366.4,103
3,1083.6,2230
5,1015.4,1874
3,416.9,548
3,2514.1,11567
3,412.8,107
4,273.4,29
2,296.2,1244
2,204.5,169
2,7366.8,124614
2,13921.3,750818
3,347.7,582
3,1657.5,5219
2,703.5,2975
3,814.3,626
2,688.4,4622
2,345.1,650
2,1197.3,4913
3,3759.4,15951
2,269.1,1002
2,217.8,299
3,2119.7,7444
3,6373.2,47312
3,285.4,146
3,17599.9,646562
2,153.9,105
2,233.5,6130
2,252.4,415
2,437.6,3456
2,1453,10463
3,265.2,256
5,2015.4,5913
2,2409.5,19464
2,2852.8,36191
2,476,3062
2,1807.6,12783
3,964.5,1501
2,393.9,936
2,375.7,960
2,3430.2,50509
3,1097.9,3007
4,1039.8,2709
2,11322.2,221919
2,5988.7,85557
2,19139.1,552892
4,1323.2,2486
6,271.6,56
2,1288.6,23544
3,4655.8,28212
3,2201.7,16087
2,438.8,1272
3,8580.4,245468
3,390.2,355
3,313.7,324
2,1103.4,5956
2,1493.8,9179
2,343.4,2505
3,1666.8,6025
3,1359.1,5577
2,127.9,75
4,2155,9689
2,393.8,802
3,317.7,120
3,7198.3,67036
3,6681.7,211238
2,8813.9,199013
2,527.3,2390
3,199.1,128
3,309.3,124
2,2725.4,30814
2,569.3,4563
3,776.4,1261
3,317,3576
2,3056,34593
2,451.1,4808
2,2098.5,18096
3,907.1,2604
5,1197.1,3163
2,261.6,303
3,1167.8,5087
3,3594.9,33828
3,377.6,299
2,184.3,214
2,2009.9,21475
3,739,3225
2,1123.2,6544
3,7517.1,57761
2,583,3677
3,920.7,3243
2,156.9,277
2,1676.5,15522
2,841.8,5730
2,212.5,442
3,744.8,400
2,1322.9,7258
3,351.9,549
2,603.5,1682
2,690.7,1640
3,306,607
3,3549.5,114072
2,998.5,7093
2,418.9,798
3,1813.5,6959
2,275.7,743
3,759.9,3656
2,2599.4,21323
2,278.4,466
2,299.8,2817
3,1189.7,3036
3,1299.9,4227
2,9793.3,196656
3,272.4,464
2,1833.1,13012
4,1890.8,4594
3,515.8,1497
3,1964.9,9800
4,468.6,761
3,2086.2,6236
3,1654.8,6762
2,1157.5,4331
2,21496.7,1125497
4,268.3,255
3,1202.2,4139
2,725,7287
4,497.4,39
3,677.9,392
3,1607.9,3884
2,134.5,46
2,1422.9,11712
2,4694.5,61149
3,343.8,454
3,2210.8,12891
3,1964.2,16942
2,172.2,252
4,4683,19634
4,153.2,11
2,10139.3,168847
3,493.2,408
2,409.8,1582
2,330,726
3,582.5,990
2,632.8,5404
3,11388.1,134828
4,190.1,29
2,973.5,11640
3,4028.9,70526
4,1291.5,2860
5,1899.1,2659
2,4290.2,66823
2,2880.2,39345
6,8084.6,25389
3,617.7,2223
3,484.7,1625
2,5964.3,107122
2,4515.3,50630
5,557.6,410
2,841.9,8701
2,382.5,1093
2,754.1,3091
2,3013.7,21774
2,1167.6,42118
2,1913.4,25809
2,298.4,754
4,671.8,363
3,270,232
3,6092.7,248113
6,13372.8,61450
4,617.9,303
2,373.8,695
3,15517,298016
2,2413.2,28917
4,7466.3,43416
3,2277.9,12347
3,1094.4,3763
4,192.7,110
3,1695.4,6758
2,192.9,69
3,3545.1,33822
3,8091.5,88475
3,403.3,1456
2,6583.2,93611
3,751.3,1760
4,1952.7,3754
2,8676,140250
4,1377.6,2784
2,3763,56965
2,3036.8,33925
2,2611.6,33487
2,9147,169116
3,11028.9,147935
2,286.1,638
3,3725.3,22114
3,3944.1,55541
4,3752.4,10552
3,376.1,1434
3,4065,52310
3,293.6,102
3,1609.9,9912
5,742.3,499
2,5303.9,80793
3,719,976
2,423.9,1567
4,548.7,1709
4,1448.8,3827
2,710.4,4258
2,211.3,849
3,439.5,1050
2,256.2,849
3,2782.5,11604
2,1536.7,12544
3,366.7,274
3,535.2,2644
2,1027.6,8413
3,596,1233
3,785,1161
2,568.1,2270
3,863.8,2105
3,359.5,489
2,3730.1,53308
2,1865.1,12350
3,2804.1,15388
2,1028.1,3905
3,365.4,917
3,1098.9,3482
3,26260.4,1244480
2,204.8,484
3,345.7,2731
3,1150.5,5074
3,8246,126511
3,1129.2,3578
2,5435.1,163438
3,2734.9,34288
2,1897.7,12622
4,1069.8,6226
3,4461.8,24163
3,722.7,2486
2,4549.5,75779
3,1115.4,1621
2,1565.6,18283
3,3400.1,15338
2,272.8,437
3,309.9,135
2,4184.2,48726
3,1928.4,12263
2,364.5,1050
2,285.8,482
3,1579.4,4845
4,485,158
4,706.6,629
3,2582.5,12206
2,5732.3,95044
3,16053.2,262338
3,519,1016
2,450.5,1289
3,2032.5,7783
3,6124.2,38564
2,737.1,8255
2,2393.3,18659
3,652.3,4411
5,286.8,77
4,2764.2,31167
4,221.6,89
4,799.4,824
4,794.2,256
2,247.5,598
2,1752.2,9463
2,2203.7,20047
3,609.4,1128
5,511.1,142
4,732,594
2,907.4,2856
2,305.3,800
4,2624.4,6180
3,422.9,1308
5,3007.1,5201
3,740,1174
3,326.6,433
2,1123.2,42641
2,457.8,2860
4,948.9,1308
2,588.7,2001
2,504.7,2169
3,819.2,1392
2,1561.8,10589
2,568,1950
2,649.4,4493
2,22152.5,913549
2,3340.3,39569
2,415.6,6554
4,1039.8,1203
3,3421.6,29691
2,21075.6,1039566
2,521.5,20331
4,985.9,880
3,1663,5229
2,318,968
2,547.2,3583
4,344,88
2,280.6,733
2,490.9,1583
3,1873.7,9329
2,1601.6,10414
2,820,8479
2,625.2,3671
3,166.3,69
4,1655.9,2456
3,8475.3,378593
3,3026.1,12090
3,1813.4,7375
3,488.1,293
3,730.8,691
2,2141.1,19652
3,320.1,644
4,427.1,380
3,248.8,159
3,8729.6,84485
3,956.8,1633
2,7293.1,112370
2,228.7,441
3,1033.4,3798
2,5072.4,63868
2,878.6,31258
3,5304.7,61974
3,500.3,214
2,865.9,4562
4,2738.5,3660
2,2291.3,18068
3,10815.2,119932
2,2028.8,41321
3,2147.8,14350
2,505.3,2982
3,545.8,189
2,277.2,279
2,1415.9,9384
2,1328.6,12744
2,1715.4,10295
2,1153.4,13685
2,1064.3,10687
2,195.1,92
4,972.2,610
2,445.7,1019
3,1707.6,9655
5,686.6,324
3,1779,8625
2,362.7,1232
2,1052,10425
4,1057.1,2143
2,507.7,2916
2,3782.1,51872
3,712.5,1716
3,23005.4,613507
2,1298.1,7753
4,708.2,288
3,2358.9,10264
3,174.8,489
2,412.3,683
2,272,276
4,401.8,40
2,525.8,1804
2,776.3,2516
2,2575.3,25627
4,270.1,87
2,235.6,334
2,408.7,1337
3,1519.7,4139
2,1623.2,15197
3,423.5,277
4,1499.1,2345
3,1166.6,5731
3,2917.1,16343
2,579.8,2327
3,1020,2286
2,372.9,1123
2,330.2,488
3,10487.1,135189
3,3548.3,21252
3,8560.3,108467
2,783.4,5562
3,15468.3,424825
2,474.1,1465
2,1889.5,14753
4,2321.9,4448
2,809.8,3883
2,1046.2,4139
3,613.9,2362
2,2669.3,46239
2,2363.5,28598
3,214,80
3,1800.7,8227
2,1741,24233
2,11142.7,505957
3,2807.9,19677
4,3298.5,6629
2,285.7,1218
2,212.3,538
4,571.7,818
4,9713.2,149454
2,514.5,2787
3,1666.1,17793
2,19681.4,953251
2,305.8,1123
2,1208.5,5646
5,1182.7,4079
3,955.6,3072
4,2196.4,4144
2,799.7,4697
4,2855.4,10892
2,416.5,723
2,2108.1,15885
3,3306.6,18133
2,9919.1,180748
3,2432.6,6628
3,282.6,315
2,1041.9,4863
3,460.8,700
3,1366.5,3109
2,6085.6,99758
3,4960.7,30206
2,967.8,9489
3,3133.1,14174
2,1735.3,17017
3,3359.6,22491
2,2390,20432
2,145.3,38
2,959.2,6838
2,1073.8,9705
2,161.9,184
4,1335.4,2515
4,1377.5,2662
2,1734,18664
3,263.6,66
2,11770,596285
3,1416.1,5335
2,335.9,323
4,1688.5,2570
3,884.9,1486
2,221.4,656
2,7254.6,122914
2,2677.6,32007
3,450.6,318
5,2241.5,3968
2,485.2,2429
3,192.9,51
2,270.3,304
2,325.3,383
4,6489.5,37744
2,569,7249
3,452.9,1692
3,4224.8,20529
2,407.7,1204
2,344.5,786
4,492.1,1470
3,295,244
3,502.8,547
3,789,2697
2,7979.9,115968
2,963.4,10901
2,307.2,889
4,1822.9,7912
2,9033.2,403662
2,914.1,3573
3,3587.4,11141
4,4448.2,24326
2,234,250
4,2121.1,11849
3,4248.6,27208
2,824.2,6567
3,1154.3,1933
3,1634.4,2935
3,454,1054
2,309.5,1216
2,249.9,451
3,2718,16631
2,341.9,552
2,529.9,10763
4,924.2,594
2,6901.1,139653
4,885.5,377
3,328.9,175
3,4466.2,24101
2,525.8,3851
5,837.7,886
2,386.8,1732
2,948,9826
3,1962.1,7805
2,266.1,376
2,1785.9,31486
2,27832.3,1018537
3,1081.9,2685
2,629.1,1343
3,721.2,2197
3,432.1,244
2,2763,36082
2,6193.2,239086
2,445.5,3130
2,326.8,990
3,5999.1,48044
2,1228.5,18210
3,1721.3,6500
3,7536.3,90924
2,216.9,285
2,178.9,161
2,3305,32318
3,2777.9,14796
3,1966.8,29162
3,6389.8,49221
3,341.9,129
4,228.6,172
2,725.2,4013
3,4316.4,26231
3,1420,5024
2,2197.2,124522
3,982.3,1276
2,2691.9,23240
3,705.9,5752
3,186.7,44
4,723.3,1908
5,5853.5,30198
2,1249.1,7801
2,263.9,256
4,757.8,627
2,239.8,1361
2,4001.6,88096
3,163.7,195
4,3956.1,16789
3,1156.7,1883
3,2479.2,14839
4,249.2,17
2,2657.7,21586
2,3802.3,212864
2,291.3,1137
3,217.5,2
3,1485.9,9965
2,587.5,7551
2,983,5029
3,1256.7,2504
2,151.7,45
2,3458.6,44488
2,1464.8,17161
2,482.8,1936
3,243.1,12
3,3422.6,17850
3,1300.2,1947
3,163.2,85
3,533.1,1188
2,570.5,10720
2,1522.6,10860
2,693.4,3092
2,145.8,87
6,1792.8,463
3,224.7,235
2,343.5,1243
3,2621.4,10749
4,1134.4,1081
2,2407.1,46401
3,625.9,272
2,1995.6,16508
2,426.5,2418
4,3067,10527
3,921.5,2173
3,1851.5,7447
4,1085.9,2892
3,1158.3,2904
2,5495.7,105737
3,1262.5,3387
3,658.9,2082
2,9252.4,157097
2,2331.8,28092
2,2691,77229
2,3836.2,42255
2,2949.6,43480
3,336.1,132
3,1902.6,6348
4,2188.2,3673
2,1875.8,18093
3,769.8,993
3,2794.3,18107
4,244.1,26
3,2906.7,17934
2,1788.4,23076
3,8455.5,89819
2,477.8,1178
2,258.6,291
2,391.8,984
3,335.8,246
4,725,375
3,228.8,56
3,2187.2,7433
3,171.8,6
4,3070.7,7401
2,319.2,798
4,1340.9,1513
3,224.6,28
2,1414.1,29533
3,3495.7,14969
3,242.2,128
5,1962.4,3397
3,760.5,1368
3,3786.2,14387
2,3143.8,44567
5,2687.2,3016
2,850.3,5302
2,6680.6,101322
3,2792.4,14790
3,3244.7,20738
2,1918.9,11238
4,801.6,1342
3,1384,3293
3,584.1,657
2,1793.3,12394
3,973.2,1828
2,842,4189
2,14570.2,797081
3,5850.6,61885
3,6600.6,49901
5,2433.3,3088
3,355.1,156
3,348.1,319
2,403.2,630
2,589.7,1250
2,330.8,617
4,883.7,418
2,346.5,1388
2,375.5,1952
4,2741.4,8368
4,541.1,268
4,3157.5,20479
2,1212,12193
2,7749.9,199460
2,439.5,2043
3,1258.1,5221
2,2930.2,28373
3,204.3,52
3,11411.3,190818
3,1314.5,4360
3,336.1,686
3,732.5,589
2,208.3,687
3,1749.2,3631
3,1665.5,6937
2,1305.2,6328
2,10789.4,184483
4,885.7,795
2,269.8,1567
3,3596.2,20084
4,759.4,4608
2,153.6,36
2,954.9,2918
2,14521.6,665027
2,12897.5,370075
3,2922.9,12741
3,5349.8,35000
2,5795.7,218657
4,4988.4,24641
3,2283.9,38038
2,209.8,461
2,4769.7,72175
2,175.3,193
3,2232.3,12989
2,325.1,441
3,1599.2,5252
2,12885.2,260946
2,3595.1,62369
2,287,1445
2,25258.6,2722436
4,229.1,91
2,19853.8,565488
2,6100,93857
4,213.7,246
2,4700.3,120186
2,1020.8,6867
3,2505.9,19163
4,5208.8,24405
3,756,881
3,578.4,948
2,383.2,766
2,885.4,5594
6,640.4,458
4,3019.9,7801
4,2594.7,10555
2,803.2,1611
3,767.4,2933
3,7310.2,49719
2,3747.4,41027
3,2012.1,8001
3,433,272
3,6308.6,67934
2,228.1,135
2,5139.1,59588
3,3725.1,22687
2,296.4,496
2,2899.1,31373
2,274.2,1424
3,376.8,363
2,5900.8,78886
2,1429.8,13547
2,2264.4,19677
2,11309.3,537876
4,1585,3274
3,280.4,859
2,693.6,2744
4,8067.2,51893
2,9674.7,216324
2,2468.3,19127
3,839.7,884
5,643.1,840
3,1213.4,2998
2,2675.5,29146
3,13715.5,164737
3,756.4,1873
2,837.8,2949
2,198.4,187
2,773.5,1524
3,699,2561
3,1817.5,8788
3,9179.7,80139
2,1407.6,7915
3,949,3913
2,736.4,7558
2,467.3,1928
3,4088.8,27750
2,1377.9,16352
3,516.7,1048
2,913,3611
2,7677.1,139021
2,267.5,465
2,379,1596
3,4623.8,33733
2,872.5,3938
3,642.4,1133
3,575.2,4167
2,336.7,385
3,6066.7,48309
3,2100.1,9231
4,2417.7,17773
3,236.1,38
3,530.1,1844
3,670.6,1753
2,2407.9,16762
2,579.9,1772
3,933.4,7716
4,942.2,1729
2,1285.9,11537
5,1514.5,2452
3,4682.8,28422
2,693.7,4494
5,1438.4,1324
2,2675.4,23016
5,1654.8,1731
3,5761.9,39677
2,292,204
2,1852.5,11830
3,1590.2,5469
2,846.5,19787
3,580.2,8912
4,903.4,435
3,2896,12858
3,765.6,1456
2,3582.7,54549
2,225.1,228
2,293,793
3,5697.6,37262
4,2834.5,9207
2,385.9,1530
2,1137.2,3708
3,433.7,5057
4,290.8,17
4,2278.8,7345
4,992.4,1990
3,756.7,1681
2,8124.5,163396
3,1113.2,5085
4,1159.5,2501
2,932.3,3379
2,266.4,189
2,1455.6,7459
2,676.4,2778
2,2456.7,18124
2,598.2,5901
3,449.1,349
3,2705.6,93756
2,849,5289
3,767.1,2067
4,1138.4,3324
2,146.8,159
2,3409.3,63990
2,2283.5,24051
5,736,1431
2,199.6,62
3,562.2,907
2,201.2,4229
6,736.2,66
3,2331.4,10339
2,426.2,1603
2,820.8,5825
2,190.8,145
6,509.5,85
3,1379.7,3609
3,3826.7,37463
3,1598.8,8639
3,275,376
2,1092.6,5629
2,1811.2,20123
3,1233.5,5171
4,361,209
4,4003,49070
4,17847.1,508043
2,7108.6,135277
3,388.9,564
2,426,1958
4,302.2,46
2,4263.5,176713
2,1309.2,6427
3,515.4,356
2,1970.7,12808
4,3653.9,25221
4,4677,33130
3,276.7,129
2,492.1,983
4,1124.6,3704
2,4622.5,148750
2,739.4,2730
3,2159.7,8678
4,4485.4,12896
3,2159.6,8834
2,331.6,253
2,401.9,4325
2,2813.6,124968
3,1697,6583
2,264,785
2,6533.7,148764
2,205.7,48
2,320.1,590
2,10674.7,552095
2,590.3,2050
2,233.2,738
2,334.8,2299
4,1159.1,1212
2,1160.6,32101
3,2050.6,11324
3,1203.2,2387
3,1931.6,9683
2,790.6,11519
5,1877.7,2527
3,6223.5,53046
3,2300.5,7496
4,3409.2,65775
4,2209.5,5026
3,152.8,27
4,1791.6,3785
4,1208.9,1847
4,1687.5,4055
2,442.2,1876
2,11470.4,310834
3,339.7,167
2,733.9,4049
3,980.7,2984
2,315.4,1764
2,2080.3,20503
3,11072.4,135849
2,5992.9,96155
2,2190.6,32743
3,235.8,205
5,882.8,265
2,1933.5,15378
2,308.9,780
3,1032.7,1940
2,168.6,218
2,2569,22157
4,21970.5,271247
4,6686.4,35306
2,306.6,3440
3,302.9,267
2,900.7,4475
2,12590.9,385580
2,677.7,2616
3,1133.8,3811
2,1279.6,10923
3,780.6,1444
3,1640.6,8462
3,400.8,196
3,215.9,47
2,826.4,4342
3,3038.5,12151
3,232.5,57
2,1147.5,7146
3,568.5,353
2,2528.6,21388
3,1608,6232
3,9627.1,94012
3,233.2,28
2,716.1,3846
3,749.3,860
3,220.7,138
3,380.8,1116
2,260,537
4,469.9,1190
3,254.7,62
3,4770.4,35831
2,750.1,8502
3,1836.3,5288
3,2084.3,7326
3,3478.4,36672
3,215.5,258
2,353.5,806
3,1344.6,21103
3,759.1,1351
4,3583.2,20021
3,1807.7,9956
2,1708.2,10893
3,579.4,1911
2,137.4,32
2,6731.5,119124
3,837.4,1693
3,2056.4,54397
2,1620.7,8748
2,368.7,655
2,12258,244848
4,19101.7,519061
4,12839,267978
3,1971.1,9213
2,2088.3,33095
4,529.3,868
3,155.5,5
2,440,3150
3,347.4,992
3,2014.9,12484
4,769.9,406
3,579,487
4,602.7,611
3,305.9,380
3,861.2,1504
2,1123,6967
3,1499.7,4062
4,2373.7,4405
3,500,1952
2,429.8,1012
3,343.9,459
3,1055.9,3312
5,325,143
2,192.8,255
4,660.2,341
3,2150.4,9135
4,5576.6,34906
2,1446.6,29099
4,5101.4,44869
2,658,2740
3,1028.1,3911
4,230.6,236
4,206.9,52
3,2715,18351
3,1882.1,8689
3,1069.3,3508
2,541,3043
3,1175.4,9865
3,2777.7,21324
3,519.9,1295
3,506.8,209
5,1062.4,1152
2,428.8,812
3,211.4,264
2,241.6,1577
2,492.4,2995
4,1404,2414
3,1560.3,23269
2,389.6,1062
2,867.9,3514
2,532.7,2369
3,341.6,139
3,5237.2,41235
2,1253.6,6604
3,270.6,112
4,341.8,443
2,413.2,839
3,1200.3,4321
2,774.4,3403
3,362.8,120
3,315.5,894
3,495.9,368
2,734.4,3253
3,8344.4,76586
3,610.2,1595
3,330.6,129
2,13723.5,378864
2,2316.8,20526
2,355.1,1720
3,310.7,150
3,206.3,157
2,183.1,223
4,3457.2,11059
3,1249.7,3608
2,738.2,5603
2,382.2,2935
2,526.6,1787
3,455,530
2,5363.5,71912
3,477.5,2802
2,383.2,713
2,1015.9,4596
3,11496.2,119004
3,11105.7,146566
3,140.9,11
3,286.4,247
4,9773.5,55895
2,415.2,1394
2,2868.9,28496
3,710.4,531
3,1865,4634
2,1100.4,9123
2,155,20
3,416.1,1841
2,27687.1,1374711
2,4804.8,60463
3,2064.5,13499
4,1617.9,1983
3,431.9,2246
2,237.5,513
4,566.9,675
4,797.2,375
3,467.7,791
3,164.8,250
3,1175.5,5064
3,5888.4,48346
4,511.8,178
3,979.3,3013
4,855.5,899
4,1016.7,1013
2,11721.9,319305
2,159.8,51
3,1372.5,7306
3,287.9,427
2,617.2,2320
3,3259.1,19168
2,829.3,5173
2,331.1,501
4,511.4,334
3,1730,6590
3,333.3,340
3,5240.2,40097
4,3241.3,5795
2,125.7,22
2,359.1,427
3,3035.2,31724
3,3865.8,22771
3,425.4,3073
2,1716.9,16512
2,248.2,2039
2,20813.7,1171064
3,775.1,1741
2,523.6,1258
3,852.6,1870
4,402.8,250
3,3774.1,17014
3,783.5,1654
3,411.4,464
4,2919.1,5737
2,972.9,2120
3,2749,17497
4,902.4,1230
4,763.5,1534
2,1308.5,10641
2,1388.6,17257
2,247.3,681
3,2182.7,4807
3,1868.7,9640
2,2214.5,20760
4,1244.1,938
3,2052,5770
5,13469,96452
2,491.8,9094
2,1068,7165
4,8363.2,225617
3,475.3,1150
2,799.6,2575
2,234,500
2,923.8,4213
2,1899,13597
3,311.9,482
2,278.4,1375
3,11108.9,118076
2,288,466
2,1011.3,9707
2,1435.7,15997
3,1705.8,5988
2,11241.1,276856
2,589.6,5516
3,1790.8,3913
3,207.2,101
2,1258.8,5851
3,1153.9,2211
2,548.1,2954
2,14974.2,555919
3,1043.1,3199
4,5619.5,26115
3,265.7,93
3,9407.4,102007
3,185.6,16
2,641,2175
2,1202.9,11340
2,2502,117307
2,2358.4,15444
3,3129.3,12392
2,504.4,1255
3,3684.6,20321
5,298.3,118
2,7042.9,127895
2,657.3,3344
2,199.2,169
3,186.5,30
3,606.5,1476
2,1637.1,10859
2,8843.4,141187
2,563.3,6792
4,642.4,518
3,795.8,1320
3,336.4,556
2,5281,76111
3,1951.6,20320
2,2831.9,34454
4,499.4,136
3,944.9,1110
2,1846.5,13036
2,421.1,769
3,2552.6,16330
3,929.8,4519
3,397.4,318
3,2552.1,8523
2,879.4,3634
3,396.7,1344
6,1945.1,1810
4,794.2,353
3,2428.7,12821
3,307.9,39
4,494,388
3,4763.8,40183
2,373.1,1087
4,1845.4,3552
2,434.7,1879
3,6282.9,64705
3,472.5,4520
4,1041.7,1333
3,701.3,2080
3,1840.6,8189
2,2264.8,23064
2,725.9,2431
4,3221.6,10882
3,3014.7,24462
3,1870.6,9864
3,791.7,2114
2,3810.9,139927
2,1602.3,13522
3,1648.3,6452
3,263.4,131
3,242,214
2,137.1,38
4,1773,17834
4,3152.2,9612
3,2285.6,4965
4,3402.1,9530
3,3120,72272
3,161.3,5
2,274.3,440
2,9337.2,151848
3,857.6,5438
4,681.4,899
2,186.5,290
3,9444.5,106967
3,1007.9,1012
4,4865.3,15492
4,672.5,507
3,2651.4,11749
3,846,2792
2,1393.8,17872
2,434.9,2354
2,832,6150
4,863.8,1004
3,624.7,1364
3,1217.4,9153
3,184.9,21
2,332.9,2997
3,3755.6,20974
5,402.9,139
2,522.2,2674
2,2998.1,29537
3,1750.7,8315
3,518.2,609
3,807,4898
3,344.8,354
3,1873.3,5416
2,202.6,146
3,185.2,59
2,14898.2,373127
3,207.6,99
3,609.1,509
3,2459.9,7286
3,4198.8,48989
3,4266.3,22470
2,401.1,1196
7,1716.2,2423
3,535.1,1791
2,2192.1,20296
4,4965.5,22790
2,361.3,937
2,957.7,10753
2,982,6130
2,6129.3,331826
5,7842,28118
4,6743.4,39444
4,1590.2,950
3,3275.9,20746
3,2075.1,16132
3,836.6,2616
3,197.6,147
3,1012.4,3848
3,940.3,1820
2,2924.6,30674
2,1096.3,17027
2,512,1176
2,404.6,2103
3,2691.1,19209
2,286.6,1955
4,1262.8,2261
2,564.1,1798
3,3340.2,98866
2,221.8,147
3,4266.6,37383
4,1111.9,1035
3,3603.3,15964
2,3203.1,31042
2,948.5,6105
3,5762.3,144893
3,4509.9,36281
3,327.2,278
3,6340.7,78421
2,667.9,4949
3,351.7,406
3,676.2,904
2,3233.6,41470
3,471.5,1080
3,311.6,259
2,9562.6,393703
2,254.3,865
2,686.6,2697
2,163.6,173
4,2984,15575
4,7864.5,174671
2,789.6,4447
2,399.6,564
2,11268,254507
4,799.4,1690
2,421.3,1043
2,330.3,1059
3,750,858
2,195.4,213
2,1730.6,13105
5,2007.6,4146
2,359.5,1804
2,761.4,2120
3,639.6,2949
2,240.5,253
3,2902.3,16879
4,2991.4,7953
2,23710.2,951889
3,2066.7,12068
4,8917.2,51706
2,316.8,645
2,2941.3,49770
2,334.6,1021
2,699.3,4376
2,782,3813
2,1275.8,10983
2,856.8,7164
3,299,330
2,227.5,175
4,7016.4,40921
3,217.5,43
3,1671.8,3847
2,1250.1,11524
3,2262,8457
4,9263.4,59053
3,1765.5,7585
2,386.5,1724
2,647.7,3636
4,617,198
3,2547.1,13482
4,7915.9,40237
2,1867.2,27337
3,656.3,1469
4,901.2,1436
3,784.3,3544
2,991,17246
4,6738.1,60364
2,1322.2,10779
2,334.5,857
3,927.9,1238
2,726.1,16315
2,227,115
2,252.4,452
3,3513.9,18331
3,6114.6,42896
3,330.6,115
2,231.2,449
3,754.4,1808
3,369.4,194
2,6288.3,259096
2,15284.6,722511
2,1395.9,6747
3,185.1,53
3,604.2,562
3,3325.2,38817
2,729.5,5684
2,940.8,23501
3,203.8,171
3,442.3,268
3,201.1,199
4,2613.7,6589
2,1322,8725
2,9454.5,216691
3,482.9,1172
4,7593.7,58262
3,5013.4,32726
4,375.2,92
2,474.8,1807
2,270.1,275
3,6181.7,59181
2,274.6,688
2,1129.6,8671
2,3347.7,36308
3,5362.3,33777
2,999.6,7180
3,236.5,516
2,4478.2,131468
2,491.6,7721
3,4629.4,41257
2,8587.4,357855
2,6494.4,89623
2,10004.5,422182
3,460.5,436
2,3438.5,45638
2,403.7,3042
2,1643.4,12387
4,568.3,258
3,6013.4,51598
3,1826.8,5752
3,10121.3,107678
2,5576.6,113236
3,2343.6,10490
2,655.9,16541
2,139.6,104
4,399.7,263
3,778.7,1948
2,338.7,511
3,695.4,2264
2,2664.6,46591
2,2799.2,34775
2,164,41
2,325.2,1565
4,2452.3,5082
3,1573.8,4915
6,3053.3,38569
3,2755.9,12748
2,490.3,1178
3,1619.2,2801
3,569.1,934
4,1369,4708
3,351.6,1126
4,5285.6,21816
4,462.6,372
2,960.1,5272
3,4184,25138
2,152.3,43
3,5832.5,58143
2,497.4,2536
3,146.1,24
4,1304.6,1706
2,2150.4,71453
2,770.3,4606
3,286.7,84
3,1190.6,2862
3,289.4,81
3,3163.4,43788
2,264.4,369
2,1173.3,5592
2,363.8,1018
2,859.5,3608
3,5417.2,63598
4,655.4,594
2,325.4,1137
4,491.3,104
3,1053.1,2591
2,588.3,3595
3,6505.5,90325
2,346.8,1513
2,1289.6,5307
2,2502.9,44478
2,1091.8,9377
4,386.2,39
3,1168.6,1356
3,239.4,99
4,332.4,74
2,530.2,1566
2,2024.3,16994
3,7314.4,232999
2,717.9,2870
3,1101.9,4289
2,5954.3,79897
3,1120.2,3308
3,1159.1,3221
2,5482.8,73272
2,414.2,2807
2,1794.7,9692
3,13123.3,232581
4,10818.7,91902
3,1652.3,5456
4,1548.1,9107
2,386.2,1176
3,6321.7,77104
2,910.3,2831
4,3438,17216
3,924.9,1343
2,3449.5,31784
2,1120.4,10273
2,1035.7,7457
4,1398.3,2680
2,499.2,1177
4,941.2,770
2,372.1,1133
4,1279.3,4272
2,688.8,16447
2,5640.2,78008
2,688.3,3916
4,1574,2176
5,553.7,268
2,299.7,381
4,464.8,176
3,741.3,3766
2,1109.3,5070
4,653.2,552
2,230.2,311
4,299,80
2,460.8,3327
2,7872.9,182926
3,712.6,1089
3,1297.8,3716
2,321.1,575
3,10726.8,134575
2,3878.6,65882
3,1763.6,4481
3,2249.9,6919
3,1290.2,8923
2,598.7,4496
2,252.7,406
4,4455.9,16483
2,143.9,161
4,4834,23693
2,767.6,4670
2,15375.1,493787
4,613.8,436
2,205.5,357
5,1960.2,1688
3,805.4,1461
2,158.2,111
2,283.2,658
2,1308.1,5657
2,7534.8,114862
4,1870.8,2864
3,2559.9,9659
3,188,248
4,513.1,253
4,545.9,2248
3,1014.9,2489
2,9496.8,152289
3,419.7,558
2,368.4,2901
2,3147,40810
2,3792.4,63967
2,598.6,1403
2,300.8,391
3,2495.8,20686
2,459.7,2120
3,346.9,1203
4,906.4,1501
3,3770.2,21006
2,390.2,3092
3,442.4,834
3,15251.4,347615
2,309.6,982
2,255.1,952
2,441,736
2,1346.3,4939
2,28027.8,1004471
5,606.7,572
4,405.8,161
4,13009.8,96100
2,309.4,580
2,231.8,737
5,8075.1,43198
2,491.5,1774
3,7856.2,86918
3,519.3,311
3,457,391
2,538.8,3132
3,3318,24626
3,327.5,981
2,8900.1,142325
3,394.9,3899
3,776.9,3198
2,9218.5,203146
4,1652.2,5478
4,504.2,1491
3,856,1548
5,382.5,30
3,1754.5,6762
2,323.9,765
3,4713.4,29190
2,260.8,372
3,393.7,1047
3,2113,5279
2,391.7,1029
3,593.2,566
3,530.8,2496
4,702.1,1262
3,5948.8,231591
3,9323.6,247153
3,692.1,823
2,491.4,1478
3,7116.7,57554
5,2622.1,3529
2,5770.6,99058
2,158.1,209
3,1079.1,5689
2,811.7,18940
2,29472.1,1377887
5,708.9,1461
2,999.8,10895
3,3822.6,27621
2,296.8,1207
4,4368.1,17700
2,5491.7,268454
2,1793.5,18550
2,2160.8,15059
2,3023.9,49028
4,308.3,194
2,394.6,1089
2,2659.8,25450
2,2188.1,21928
3,2984.9,19540
3,761.1,1553
4,14708.9,367118
4,215.7,21
3,1008.1,1653
2,739.4,6429
4,604.9,273
2,415,2999
3,2831.9,22433
2,254.1,258
4,1369.2,4290
4,4096.4,8777
3,205.7,31
2,743.3,3586
2,292.5,467
3,754.8,1430
4,2125.5,5589
2,2805.8,102911
2,1360.2,12766
4,4410.4,15023
3,485.9,570
3,9186.7,385736
2,310,1502
3,4002.9,21445
3,1716.2,3917
4,7195,36149
2,1074.4,7369
2,1067.2,4818
2,808.6,7548
5,1444.8,3002
6,8095.2,22470
2,6623.9,112522
3,2312.3,9104
3,1028.9,3141
3,1952.7,11047
2,17226.7,766260
3,6058.7,71821
4,1749.4,7876
4,8415.3,47104
2,355.8,1974
2,528.6,1293
3,376.1,50
4,1347.6,941
2,926.8,6940
2,263.4,458
4,486.6,92
4,4383.7,13263
3,1768.8,5235
3,3484.9,19994
3,365.1,350
2,9479.8,163912
3,11662.3,357309
2,2760.4,28178
2,587.4,4198
2,177.8,165
2,1032.6,5144
2,436.2,1338
5,927.3,8823
3,3752.7,19210
2,2229.6,18505
2,566.6,1936
3,366.6,174
2,794.1,7572
2,441,4168
4,1046.8,2128
2,554.3,1144
3,149.5,8
2,1783,11620
3,230.2,126
3,4540.3,32095
2,223.6,1016
3,631.2,1692
3,643,1763
2,1810.9,39379
2,4713.8,61594
5,2819.3,4878
2,1585.4,10283
2,396.4,751
3,805.7,1872
2,2702.8,22929
3,1795.7,8021
2,2388,19381
4,681.5,841
3,6768.8,79461
2,940.4,6400
3,208.3,193
3,11888.1,136390
2,324.5,2988
2,441.1,3484
3,1092.8,2941
2,530,2331
2,625.4,6219
3,200.5,78
2,1485.5,13370
2,356.7,925
2,753.7,6715
3,37630,2566081
2,12531.7,388762
4,4566.1,48965
3,486.7,773
2,1690.9,19057
2,503.7,1003
2,17627,674032
2,1715.1,16788
2,4243.3,204731
2,275.7,387
3,645.8,875
4,8241.3,41565
3,213.5,10
2,1883,14374
2,4059.5,64060
4,949.4,3143
2,457.2,1314
2,1264.7,7425
4,198.2,7
4,1987.1,33723
3,425.5,591
3,1808.2,5848
2,288.9,568
2,235.8,131
3,10687.1,120003
2,1005.5,6268
3,416.9,376
2,3263.6,39670
2,4852.1,60608
2,3067.2,28211
3,174.9,13
3,260.5,40
4,538.1,1511
2,365.7,2236
3,791.7,1948
4,9663.1,81993
4,867.4,767
2,1852.8,38081
4,1605.9,988
2,1422.8,18038
3,5826.6,62502
2,11395.5,225669
3,821.6,4003
2,2041.6,28987
3,596.8,657
2,534.5,1087
2,2367.2,29367
3,212.4,67
5,3608.2,8864
2,1802.4,16661
2,226.4,514
3,1014.7,1892
3,2711.1,9981
3,4799.2,34724
3,1168.2,4719
2,2570.6,26562
3,1411,7604
3,799.1,1476
3,1838.4,7108
2,919.4,6656
3,960.2,1452
2,1259.4,10090
2,821.2,2925
6,8037.6,28768
4,876.4,839
2,335.3,1617
3,521.6,939
4,293.5,252
3,334.8,402
3,533.5,311
4,2176.9,9717
3,408.6,11602
3,3849.3,22143
3,6781.9,58420
3,6032,59749
3,1988.1,5416
3,4124.8,26701
2,846,6501
2,350,751
4,413,321
2,1419.9,18619
2,593.6,1452
4,438.6,213
2,552.7,3243
3,1398.4,3108
